{
  "tag": "lean19_v2_A",
  "n_features": 19,
  "features": [
    "rgb_max_conf",
    "ir_max_conf",
    "rgb_best_log_bbox_area",
    "ir_best_log_bbox_area",
    "rgb_best_aspect_ratio",
    "ir_best_aspect_ratio",
    "rgb_best_pos_y",
    "ir_best_pos_y",
    "rgb_best_local_contrast",
    "ir_best_local_contrast",
    "rgb_img_mean",
    "ir_img_mean",
    "rgb_img_std",
    "rgb_best_pos_x",
    "ir_best_pos_x",
    "rgb_best_dist_to_center",
    "ir_best_dist_to_center",
    "rgb_best_target_bg_delta",
    "ir_best_target_bg_delta"
  ],
  "use_class_weights": true,
  "n_train": 47346,
  "n_test": 17846,
  "accuracy": 0.9667152303037095,
  "f1_macro": 0.9114529840252807,
  "per_dataset": {
    "antiuav": {
      "n": 14088,
      "acc": 0.975298126064736,
      "f1_macro": 0.8877258967988265
    },
    "svanstrom": {
      "n": 3354,
      "acc": 0.9752534287418009,
      "f1_macro": 0.7365440245543509
    },
    "video_airplanes_distant_airplane_over_head_flying_away": {
      "n": 55,
      "acc": 0.7272727272727273,
      "f1_macro": 0.42105263157894735
    },
    "video_drone_drone_and_bird_sky_and_trees_short": {
      "n": 114,
      "acc": 0.6052631578947368,
      "f1_macro": 0.4798633585041352
    },
    "video_drone_drone_seagull_attack": {
      "n": 235,
      "acc": 0.5617021276595745,
      "f1_macro": 0.5085535663540779
    }
  },
  "feature_importance": {
    "rgb_max_conf": 0.13612112402915955,
    "ir_max_conf": 0.18102258443832397,
    "rgb_best_log_bbox_area": 0.07257004827260971,
    "ir_best_log_bbox_area": 0.046057675033807755,
    "rgb_best_aspect_ratio": 0.045048460364341736,
    "ir_best_aspect_ratio": 0.10403119772672653,
    "rgb_best_pos_y": 0.06869181245565414,
    "ir_best_pos_y": 0.019676972180604935,
    "rgb_best_local_contrast": 0.02108355425298214,
    "ir_best_local_contrast": 0.01607917994260788,
    "rgb_img_mean": 0.020962027832865715,
    "ir_img_mean": 0.035447876900434494,
    "rgb_img_std": 0.047348327934741974,
    "rgb_best_pos_x": 0.05414090305566788,
    "ir_best_pos_x": 0.055152326822280884,
    "rgb_best_dist_to_center": 0.036276351660490036,
    "ir_best_dist_to_center": 0.01084212027490139,
    "rgb_best_target_bg_delta": 0.012769901193678379,
    "ir_best_target_bg_delta": 0.01667749136686325
  }
}