{
  "tag": "fusion_no_fn_v3more_no_det_signals",
  "n_features": 32,
  "features": [
    "rgb_max_conf",
    "rgb_mean_conf",
    "ir_max_conf",
    "ir_mean_conf",
    "rgb_img_mean",
    "rgb_img_std",
    "rgb_img_dynamic_range",
    "rgb_img_entropy",
    "rgb_sky_ground_ratio",
    "rgb_edge_density",
    "rgb_blurriness",
    "ir_img_mean",
    "ir_img_std",
    "ir_img_dynamic_range",
    "ir_img_entropy",
    "ir_sky_ground_ratio",
    "ir_edge_density",
    "ir_blurriness",
    "rgb_best_log_bbox_area",
    "rgb_best_aspect_ratio",
    "rgb_best_pos_x",
    "rgb_best_pos_y",
    "rgb_best_dist_to_center",
    "rgb_best_local_contrast",
    "rgb_best_target_bg_delta",
    "ir_best_log_bbox_area",
    "ir_best_aspect_ratio",
    "ir_best_pos_x",
    "ir_best_pos_y",
    "ir_best_dist_to_center",
    "ir_best_local_contrast",
    "ir_best_target_bg_delta"
  ],
  "n_train": 106963,
  "n_test": 45088,
  "accuracy": 0.9792184173172462,
  "f1_macro": 0.9492681534074878,
  "f1_weighted": 0.9786266899589963,
  "per_class_auc": {
    "reject_both": 0.9983826207101869,
    "trust_rgb": 0.9792155046505449,
    "trust_ir": 0.9921233601195694,
    "trust_both": 0.9912992418473825
  },
  "per_dataset": {
    "antiuav_test": {
      "n": 28463,
      "acc": 0.9826090011594,
      "f1_macro": 0.9465943411494211,
      "f1_weighted": 0.9821504676157838
    },
    "antiuav_val": {
      "n": 10319,
      "acc": 0.973737765287334,
      "f1_macro": 0.9049577829768723,
      "f1_weighted": 0.971971579811494
    },
    "svanstrom": {
      "n": 6306,
      "acc": 0.972882968601332,
      "f1_macro": 0.791508241855877,
      "f1_weighted": 0.9683630392158268
    }
  },
  "feature_importance": {
    "rgb_best_log_bbox_area": 0.240442156791687,
    "ir_best_log_bbox_area": 0.18446093797683716,
    "rgb_max_conf": 0.1296304613351822,
    "ir_best_pos_y": 0.09170323610305786,
    "ir_best_aspect_ratio": 0.07509516924619675,
    "rgb_mean_conf": 0.05919557809829712,
    "ir_best_pos_x": 0.03920534625649452,
    "ir_max_conf": 0.01855841651558876,
    "rgb_blurriness": 0.01397843100130558,
    "rgb_best_pos_y": 0.013593924231827259,
    "rgb_best_target_bg_delta": 0.012941490858793259,
    "ir_mean_conf": 0.01126937847584486,
    "ir_best_dist_to_center": 0.009606814943253994,
    "rgb_edge_density": 0.008364889770746231,
    "rgb_best_aspect_ratio": 0.006855417508631945,
    "rgb_img_std": 0.006533908657729626,
    "rgb_best_local_contrast": 0.006410340778529644,
    "ir_blurriness": 0.006354170851409435,
    "ir_img_std": 0.005903491750359535,
    "ir_best_local_contrast": 0.00523352948948741,
    "rgb_img_mean": 0.005142467562109232,
    "ir_edge_density": 0.005130082368850708,
    "rgb_best_dist_to_center": 0.005033993627876043,
    "rgb_sky_ground_ratio": 0.0049986522644758224,
    "rgb_img_entropy": 0.004927019588649273,
    "ir_sky_ground_ratio": 0.004781047347933054,
    "rgb_img_dynamic_range": 0.004526951350271702,
    "ir_img_mean": 0.004415559582412243,
    "rgb_best_pos_x": 0.004337436053901911,
    "ir_best_target_bg_delta": 0.00415754783898592,
    "ir_img_dynamic_range": 0.0038854621816426516,
    "ir_img_entropy": 0.0033266169484704733
  },
  "baselines": {
    "always_ir": {
      "accuracy": 0.19266561877264865,
      "f1_macro": 0.37628560531177024,
      "f1_weighted": 0.13898366003540158
    },
    "higher_conf": {
      "accuracy": 0.9402831944544923,
      "f1_macro": 0.8190789427837188,
      "f1_weighted": 0.942778056408822
    },
    "both_or_ir": {
      "accuracy": 0.9402831944544923,
      "f1_macro": 0.8190789427837188,
      "f1_weighted": 0.942778056408822
    }
  }
}