{
  "tag": "lean10_yt",
  "n_features": 10,
  "features": [
    "rgb_max_conf",
    "ir_max_conf",
    "rgb_best_log_bbox_area",
    "ir_best_log_bbox_area",
    "rgb_best_aspect_ratio",
    "ir_best_aspect_ratio",
    "rgb_best_pos_y",
    "ir_best_pos_y",
    "rgb_best_local_contrast",
    "ir_best_local_contrast"
  ],
  "accuracy": 0.9648660764316934,
  "f1_macro": 0.8997911488655298,
  "per_dataset": {
    "antiuav": {
      "n": 14088,
      "acc": 0.97671777399205,
      "f1_macro": 0.8691848963362258
    },
    "svanstrom": {
      "n": 3354,
      "acc": 0.9785330948121646,
      "f1_macro": 0.7323566855792225
    },
    "video_airplanes_distant_airplane_over_head_flying_away": {
      "n": 55,
      "acc": 0.7090909090909091,
      "f1_macro": 0.4148936170212766
    },
    "video_drone_drone_and_bird_sky_and_trees_short": {
      "n": 114,
      "acc": 0.6842105263157895,
      "f1_macro": 0.624078624078624
    },
    "video_drone_drone_seagull_attack": {
      "n": 235,
      "acc": 0.2553191489361702,
      "f1_macro": 0.16965794009911656
    }
  },
  "feature_importance": {
    "rgb_max_conf": 0.07640613615512848,
    "ir_max_conf": 0.28444889187812805,
    "rgb_best_log_bbox_area": 0.034730106592178345,
    "ir_best_log_bbox_area": 0.050445277243852615,
    "rgb_best_aspect_ratio": 0.04330897703766823,
    "ir_best_aspect_ratio": 0.42247432470321655,
    "rgb_best_pos_y": 0.02733168751001358,
    "ir_best_pos_y": 0.015916572883725166,
    "rgb_best_local_contrast": 0.023430725559592247,
    "ir_best_local_contrast": 0.02150721661746502
  }
}