{"__manifest__":{"rgb_sha256_short":"6fd55349ad9d","weights_path":"C:\\Users\\User\\Desktop\\UNISA projects\\Drone detection\\es proj 3 thesis workspace\\ES_Drone_Detection\\RGB model\\Yolo26n_selcom_mixed_ft2_1280\\weights\\best.pt","imgsz":1280},"dets":{"d2_000_visible":[],"d2_001_visible":[[359.2782897949219,416.81298828125,419.76788330078125,458.39599609375,0.3243046700954437]],"d2_002_visible":[[807.3914184570312,428.4228515625,961.8988647460938,518.0765991210938,0.4556075632572174]],"d2_003_visible":[[768.5736083984375,620.5460205078125,861.6651611328125,684.7196655273438,0.8492142558097839],[380.5840148925781,434.5600280761719,582.70263671875,546.7854614257812,0.8114210367202759],[355.14605712890625,15.444693565368652,515.0798950195312,113.78071594238281,0.7925524115562439]],"d2_004_visible":[[398.5724792480469,287.34735107421875,411.3249206542969,294.7422790527344,0.5635473132133484],[256.1778869628906,363.553955078125,276.6954650878906,371.9831237792969,0.3226329982280731]],"d2_005_visible":[],"d2_006_visible":[[746.9574584960938,546.9976806640625,810.5685424804688,590.4636840820312,0.718152642250061],[227.29983520507812,75.456298828125,307.9153747558594,133.83995056152344,0.5471498966217041]],"d2_007_visible":[[462.4787292480469,223.6230010986328,622.1393432617188,332.5971374511719,0.7044544816017151],[137.15455627441406,475.994140625,172.2744598388672,498.88922119140625,0.2762064039707184]],"d2_008_visible":[[95.54293060302734,12.685760498046875,205.12490844726562,83.19718170166016,0.6239137053489685]],"d2_009_visible":[]}}