{"__manifest__":{"rgb_sha256_short":"ce084f1fea1e","weights_path":"C:\\Users\\User\\Desktop\\UNISA projects\\Drone detection\\es proj 3 thesis workspace\\ES_Drone_Detection\\runs\\corrective_finetune\\finetune_v3b\\weights\\best.pt","imgsz":640},"dets":{"d2_000_visible":[],"d2_001_visible":[],"d2_002_visible":[],"d2_003_visible":[],"d2_004_visible":[],"d2_005_visible":[],"d2_006_visible":[[754.4174194335938,556.4524536132812,800.478271484375,583.4185180664062,0.671834409236908]],"d2_007_visible":[[423.382568359375,150.1854705810547,436.0357360839844,157.88314819335938,0.70415198802948],[469.2167053222656,230.32632446289062,605.1814575195312,326.7550964355469,0.5784253478050232]],"d2_008_visible":[[73.5232162475586,12.748419761657715,220.72471618652344,92.70721435546875,0.7138140201568604]],"d2_009_visible":[]}}