{"__manifest__":{"rgb_sha256_short":"ce084f1fea1e","weights_path":"C:\\Users\\User\\Desktop\\UNISA projects\\Drone detection\\es proj 3 thesis workspace\\ES_Drone_Detection\\runs\\corrective_finetune\\finetune_v3b\\weights\\best.pt","imgsz":640},"dets":{"cf_00000_visible":[],"cf_00001_visible":[],"cf_00002_visible":[],"cf_00003_visible":[],"cf_00004_visible":[],"cf_00005_visible":[],"cf_00006_visible":[[450.3113708496094,390.5439758300781,464.3473205566406,402.5915832519531,0.6003013849258423]],"cf_00007_visible":[[275.4329528808594,245.53672790527344,289.4522705078125,255.96922302246094,0.7612107992172241]],"cf_00008_visible":[],"cf_00009_visible":[[620.11181640625,237.1278839111328,640.0,265.13067626953125,0.7853166460990906]],"cf_00010_visible":[],"cf_00011_visible":[[332.50628662109375,323.7149963378906,344.02239990234375,331.1328125,0.5218138098716736]],"cf_00012_visible":[[298.71563720703125,279.34759521484375,318.8089904785156,294.0495910644531,0.534104585647583]],"cf_00013_visible":[[629.028076171875,238.2316436767578,640.0,267.8535461425781,0.5257593989372253]],"cf_00014_visible":[[543.3920288085938,147.37986755371094,549.5859375,151.51565551757812,0.6384781002998352]],"cf_00015_visible":[],"cf_00016_visible":[],"cf_00017_visible":[],"cf_00018_visible":[],"cf_00019_visible":[],"cf_00020_visible":[],"cf_00021_visible":[],"cf_00022_visible":[],"cf_00023_visible":[],"cf_00024_visible":[],"cf_00025_visible":[],"cf_00026_visible":[],"cf_00027_visible":[],"cf_00028_visible":[],"cf_00029_visible":[],"cf_00030_visible":[],"cf_00031_visible":[],"cf_00032_visible":[],"cf_00033_visible":[[354.5011901855469,173.06796264648438,364.3070373535156,180.97634887695312,0.7364435195922852]],"cf_00034_visible":[],"cf_00035_visible":[],"cf_00036_visible":[[371.3927307128906,186.3581085205078,378.4752197265625,194.00198364257812,0.6399476528167725]],"cf_00037_visible":[],"cf_00038_visible":[],"cf_00039_visible":[],"cf_00040_visible":[],"cf_00041_visible":[],"cf_00042_visible":[],"cf_00043_visible":[],"cf_00044_visible":[],"cf_00045_visible":[[795.6970825195312,214.06362915039062,807.0667724609375,222.06741333007812,0.7210454940795898]],"cf_00046_visible":[],"cf_00047_visible":[],"cf_00048_visible":[],"cf_00049_visible":[],"cf_00050_visible":[[152.55966186523438,235.4688262939453,163.04248046875,242.60333251953125,0.6081244945526123]],"cf_00051_visible":[[446.8907775878906,153.95303344726562,454.50531005859375,159.3385009765625,0.4078744351863861]],"cf_00052_visible":[],"cf_00053_visible":[],"cf_00054_visible":[],"cf_00055_visible":[[372.49798583984375,122.44854736328125,380.475830078125,128.08059692382812,0.4243386387825012]],"cf_00056_visible":[],"cf_00057_visible":[],"cf_00058_visible":[[431.18927001953125,70.55133056640625,439.0472412109375,75.22402954101562,0.45726853609085083]],"cf_00059_visible":[],"cf_00060_visible":[],"cf_00061_visible":[],"cf_00062_visible":[],"cf_00063_visible":[[256.1032409667969,77.0509262084961,266.78753662109375,81.8403549194336,0.6508345603942871]],"cf_00064_visible":[],"cf_00065_visible":[],"cf_00066_visible":[],"cf_00067_visible":[[227.138671875,271.9227600097656,239.26712036132812,279.89013671875,0.6826454401016235]],"cf_00068_visible":[],"cf_00069_visible":[[72.60518646240234,298.46240234375,90.57352447509766,313.1261901855469,0.4948299825191498]],"cf_00070_visible":[],"cf_00071_visible":[],"cf_00072_visible":[[267.0278015136719,282.21881103515625,276.48614501953125,289.90936279296875,0.5779988169670105]],"cf_00073_visible":[],"cf_00074_visible":[],"cf_00075_visible":[],"cf_00076_visible":[],"cf_00077_visible":[],"cf_00078_visible":[],"cf_00079_visible":[],"cf_00080_visible":[],"cf_00081_visible":[],"cf_00082_visible":[],"cf_00083_visible":[],"cf_00084_visible":[],"cf_00085_visible":[[195.31150817871094,307.66949462890625,206.19332885742188,314.8910827636719,0.7263537645339966]],"cf_00086_visible":[[90.88805389404297,277.86529541015625,100.44356536865234,284.4787902832031,0.5815275311470032]],"cf_00087_visible":[],"cf_00088_visible":[],"cf_00089_visible":[],"cf_00090_visible":[],"cf_00091_visible":[],"cf_00092_visible":[],"cf_00093_visible":[],"cf_00094_visible":[[372.75018310546875,304.3213195800781,388.20355224609375,316.43695068359375,0.636657178401947]],"cf_00095_visible":[],"cf_00096_visible":[],"cf_00097_visible":[],"cf_00098_visible":[],"cf_00099_visible":[],"cf_00100_visible":[[497.04901123046875,147.2518768310547,505.65576171875,152.33555603027344,0.4834146797657013]],"cf_00101_visible":[],"cf_00102_visible":[[530.0990600585938,353.6795349121094,554.5326538085938,372.1573486328125,0.676259458065033]],"cf_00103_visible":[[263.1083679199219,207.54733276367188,272.86822509765625,214.05039978027344,0.6132223010063171]],"cf_00104_visible":[],"cf_00105_visible":[],"cf_00106_visible":[[253.01510620117188,0.6088390350341797,296.46044921875,26.04840087890625,0.6337176561355591]],"cf_00107_visible":[],"cf_00108_visible":[[235.24302673339844,301.95770263671875,246.0787353515625,308.9361267089844,0.6018499732017517]],"cf_00109_visible":[],"cf_00110_visible":[],"cf_00111_visible":[],"cf_00112_visible":[],"cf_00113_visible":[],"cf_00114_visible":[],"cf_00115_visible":[[438.8656311035156,117.53189849853516,450.0004577636719,126.33250427246094,0.5998969078063965]],"cf_00116_visible":[],"cf_00117_visible":[],"cf_00118_visible":[],"cf_00119_visible":[],"cf_00120_visible":[],"cf_00121_visible":[],"cf_00122_visible":[],"cf_00123_visible":[],"cf_00124_visible":[],"cf_00125_visible":[],"cf_00126_visible":[],"cf_00127_visible":[[217.20750427246094,383.46502685546875,228.59124755859375,390.5888977050781,0.6583403944969177],[502.4975280761719,81.98052215576172,507.78631591796875,84.93990325927734,0.4348582923412323]],"cf_00128_visible":[],"cf_00129_visible":[],"cf_00130_visible":[],"cf_00131_visible":[],"cf_00132_visible":[],"cf_00133_visible":[],"cf_00134_visible":[],"cf_00135_visible":[[820.7501220703125,86.61132049560547,829.8876342773438,91.9944839477539,0.6516256928443909]],"cf_00136_visible":[[481.08636474609375,245.1068572998047,502.25726318359375,261.43701171875,0.6165358424186707]],"cf_00137_visible":[],"cf_00138_visible":[],"cf_00139_visible":[],"cf_00140_visible":[],"cf_00141_visible":[],"cf_00142_visible":[],"cf_00143_visible":[],"cf_00144_visible":[],"cf_00145_visible":[],"cf_00146_visible":[],"cf_00147_visible":[],"cf_00148_visible":[],"cf_00149_visible":[],"cf_00150_visible":[],"cf_00151_visible":[],"cf_00152_visible":[],"cf_00153_visible":[[299.67578125,225.42311096191406,306.917236328125,231.89810180664062,0.40811699628829956]],"cf_00154_visible":[],"cf_00155_visible":[],"cf_00156_visible":[[326.4895935058594,382.0502014160156,335.18170166015625,387.3569030761719,0.5212239027023315]],"cf_00157_visible":[],"cf_00158_visible":[],"cf_00159_visible":[],"cf_00160_visible":[],"cf_00161_visible":[],"cf_00162_visible":[],"cf_00163_visible":[],"cf_00164_visible":[],"cf_00165_visible":[],"cf_00166_visible":[[452.6180419921875,311.8382873535156,489.1837463378906,335.023681640625,0.7939622402191162]],"cf_00167_visible":[],"cf_00168_visible":[],"cf_00169_visible":[],"cf_00170_visible":[],"cf_00171_visible":[],"cf_00172_visible":[],"cf_00173_visible":[],"cf_00174_visible":[[619.7044067382812,235.82237243652344,640.0,266.42950439453125,0.7750246524810791]],"cf_00175_visible":[],"cf_00176_visible":[],"cf_00177_visible":[],"cf_00178_visible":[[634.4660034179688,517.8765258789062,643.1559448242188,526.222412109375,0.6889098286628723]],"cf_00179_visible":[],"cf_00180_visible":[[460.828369140625,274.9742431640625,470.35540771484375,283.05413818359375,0.7077983617782593]],"cf_00181_visible":[],"cf_00182_visible":[],"cf_00183_visible":[],"cf_00184_visible":[],"cf_00185_visible":[],"cf_00186_visible":[],"cf_00187_visible":[],"cf_00188_visible":[],"cf_00189_visible":[],"cf_00190_visible":[],"cf_00191_visible":[],"cf_00192_visible":[],"cf_00193_visible":[],"cf_00194_visible":[],"cf_00195_visible":[],"cf_00196_visible":[],"cf_00197_visible":[],