{"__manifest__":{"rgb_sha256_short":"80b41e568b15","weights_path":"C:\\Users\\User\\Desktop\\UNISA projects\\Drone detection\\es proj 3 thesis workspace\\ES_Drone_Detection\\RGB model\\Yolo26n_trained\\weights\\best.pt","imgsz":1280},"dets":{"frame_00001":[[458.9998779296875,621.0239868164062,534.3604125976562,702.3338623046875,0.8769311904907227],[557.3929443359375,475.00164794921875,593.3238525390625,528.76611328125,0.3562681972980499]],"frame_00002":[[457.5499267578125,654.5859985351562,557.9144287109375,738.17822265625,0.8803072571754456]],"frame_00003":[[470.93304443359375,691.0494384765625,558.424072265625,767.1106567382812,0.8608527183532715],[569.97021484375,546.46630859375,636.6052856445312,624.6553344726562,0.6279966831207275]],"frame_00004":[[465.3609924316406,701.29150390625,558.1981811523438,782.9822387695312,0.887033998966217],[558.2086181640625,564.9995727539062,640.2064819335938,652.1867065429688,0.6777055859565735]],"frame_00005":[[475.2560119628906,725.93408203125,578.7025146484375,801.3912353515625,0.8366199135780334],[552.972900390625,601.5457763671875,612.776611328125,637.0050048828125,0.739629864692688]],"frame_00006":[[478.1472473144531,737.1634521484375,574.7988891601562,816.6173095703125,0.8547238707542419],[550.7614135742188,609.9515991210938,598.8411865234375,657.1272583007812,0.5783858895301819]],"frame_00007":[[479.18377685546875,763.89990234375,577.9722290039062,835.353271484375,0.7792863845825195],[538.63671875,620.8461303710938,610.8777465820312,673.9227905273438,0.7107394933700562]],"frame_00008":[[476.484375,774.769287109375,576.59521484375,826.1951293945312,0.8057305812835693],[542.3372192382812,626.9171142578125,598.2406005859375,665.701416015625,0.7768038511276245]],"frame_00009":[[530.3937377929688,595.5333251953125,615.4893798828125,682.1416015625,0.6767053604125977],[479.96234130859375,758.3656005859375,584.8093872070312,806.404296875,0.42543327808380127],[479.5855712890625,755.8741455078125,595.2578735351562,807.339599609375,0.3746572732925415]],"frame_00010":[[472.7500305175781,565.76123046875,608.431884765625,765.2686767578125,0.7796160578727722]],"frame_00011":[[447.8022766113281,536.7709350585938,599.428955078125,687.7583618164062,0.8897795677185059]],"frame_00012":[[415.8099060058594,485.43756103515625,612.9871826171875,589.62841796875,0.8744705319404602]],"frame_00013":[[419.6461486816406,389.8714599609375,651.7055053710938,505.539794921875,0.8864917159080505]],"frame_00014":[[509.82958984375,273.8277587890625,674.7581176757812,425.10491943359375,0.9130541086196899]],"frame_00015":[[555.3310546875,188.09136962890625,708.7049560546875,343.6107177734375,0.9191346168518066]],"frame_00016":[[569.23583984375,127.4150390625,736.3203125,303.7409973144531,0.9072637557983398],[1023.4151611328125,878.0518798828125,1046.03662109375,894.3473510742188,0.2832130193710327],[1054.78662109375,852.99169921875,1074.2689208984375,867.65185546875,0.2546611726284027]],"frame_00017":[[628.3253784179688,118.71940612792969,774.0345458984375,281.8265075683594,0.9155611991882324],[387.6107482910156,340.77392578125,488.2160339355469,403.49066162109375,0.8386863470077515]],"frame_00018":[[650.7640380859375,88.05516052246094,814.879150390625,277.34814453125,0.9061962366104126],[405.19281005859375,346.67718505859375,500.71441650390625,416.48529052734375,0.8327454328536987]],"frame_00019":[[688.7017822265625,137.38140869140625,856.7701416015625,325.24609375,0.9084701538085938]],"frame_00020":[[736.353515625,189.80307006835938,891.2587280273438,376.671875,0.914945662021637],[427.151123046875,290.397216796875,559.8143310546875,399.5616760253906,0.8801213502883911]],"frame_00021":[[762.252197265625,250.7742919921875,908.0435791015625,440.24151611328125,0.9187184572219849],[453.6592712402344,278.4092102050781,588.3633422851562,403.57611083984375,0.8825250267982483]],"frame_00022":[[743.5650024414062,314.4830627441406,919.6005249023438,518.1424560546875,0.9143878817558289],[518.4033813476562,277.0857849121094,589.2291259765625,366.02880859375,0.8753332495689392]],"frame_00023":[[754.504150390625,399.76837158203125,912.941650390625,601.9334106445312,0.9089542627334595],[515.3129272460938,254.50355529785156,581.121337890625,339.5791931152344,0.8314745426177979]],"frame_00024":[[742.1878662109375,493.4022216796875,893.3291015625,689.3247680664062,0.9229378700256348]],"frame_00025":[[695.44677734375,576.184814453125,892.0533447265625,757.2860107421875,0.9093793630599976],[513.1181640625,256.1937255859375,609.7509765625,330.41522216796875,0.7951903939247131]],"frame_00026":[[695.11328125,666.4019165039062,861.2493896484375,816.670166015625,0.8875980973243713],[506.38372802734375,273.0326232910156,569.9200439453125,343.48944091796875,0.34947115182876587]],"frame_00027":[[683.9769897460938,712.3870849609375,837.4495849609375,885.426513671875,0.9009059071540833]],"frame_00028":[[626.067138671875,794.4808349609375,856.73046875,962.9848022460938,0.9013981819152832]],"frame_00029":[[618.3595581054688,875.5450439453125,838.6175537109375,1021.86474609375,0.8950270414352417]],"frame_00030":[[618.6966552734375,949.2294921875,811.0638427734375,1083.45849609375,0.8961806297302246],[462.103271484375,317.1904296875,566.6505126953125,460.1781921386719,0.8303166627883911]],"frame_00031":[[598.055908203125,1006.5089721679688,833.5999145507812,1134.402587890625,0.8932970762252808],[440.4908447265625,351.41064453125,545.7418212890625,492.548095703125,0.8633229732513428]],"frame_00032":[[395.201416015625,375.9151611328125,509.848388671875,536.0736083984375,0.8832252025604248],[633.3721923828125,1040.122802734375,852.1973876953125,1179.341796875,0.8814855813980103]],"frame_00033":[[667.599365234375,1029.1468505859375,896.6185913085938,1190.04931640625,0.8714285492897034],[275.8092346191406,422.1741027832031,416.87176513671875,598.4886474609375,0.8576682806015015]],"frame_00034":[[393.8607177734375,967.459228515625,417.3478088378906,993.8439331054688,0.6856539845466614],[446.460205078125,1058.1810302734375,493.210693359375,1092.37744140625,0.6676210165023804]],"frame_00035":[[522.373779296875,1045.14111328125,578.19677734375,1086.9022216796875,0.8300150036811829],[452.1236572265625,957.2496337890625,510.2366638183594,988.4668579101562,0.4847157895565033]],"frame_00036":[[595.8339233398438,1035.33642578125,651.3226318359375,1076.2469482421875,0.8443447947502136],[514.982177734375,938.9917602539062,554.9449462890625,964.5357666015625,0.7934955954551697]],"frame_00037":[[639.58056640625,1023.583740234375,701.3681030273438,1062.37548828125,0.8669121861457825],[559.2130126953125,903.1590576171875,610.1834716796875,946.3910522460938,0.7874131202697754]],"frame_00038":[[652.662353515625,1011.6734619140625,716.88330078125,1048.974609375,0.8639048933982849],[558.6826782226562,884.7869873046875,606.185546875,917.2769775390625,0.8364956378936768]],"frame_00039":[[555.5371704101562,852.572265625,625.2649536132812,899.4827880859375,0.8636900782585144],[639.7889404296875,996.540283203125,698.8489990234375,1042.544677734375,0.8466672301292419]],"frame_00040":[[606.2943115234375,990.0067138671875,671.3156127929688,1043.921875,0.8818154335021973],[536.4664306640625,851.7386474609375,623.7169799804688,885.147705078125,0.4672025144100189]],"frame_00041":[[521.0565185546875,817.732421875,585.0435180664062,856.2713012695312,0.8479225635528564],[554.25341796875,997.61767578125,615.8162841796875,1053.873046875,0.8043437004089355]],"frame_00042":[[497.4801025390625,1023.1754150390625,565.5284423828125,1078.2738037109375,0.8108541965484619],[499.78350830078125,776.2032470703125,541.7818603515625,861.9434814453125,0.28092333674430847]],