{"__manifest__": {"weights_path": "C:\\Users\\User\\Desktop\\UNISA projects\\Drone detection\\es proj 3 thesis workspace\\ES_Drone_Detection\\RGB model\\Yolo26n_selcom_confuser_ft4_1280\\weights\\best.pt", "imgsz": 1280, "conf": 0.25}, "dets": {"frame_00001": [], "frame_00230": [], "frame_00231": [], "frame_00232": [], "frame_00233": [], "frame_00234": [], "frame_00235": [], "frame_00236": [], "frame_00237": [[263.94921875, 734.0654296875, 665.135009765625, 959.5029296875, 0.30806437134742737]], "frame_00238": [[272.5091857910156, 701.5883178710938, 667.2557373046875, 944.1267700195312, 0.28886306285858154]], "frame_00239": [], "frame_00240": [], "frame_00241": [[238.59976196289062, 635.691162109375, 765.2353515625, 875.2512817382812, 0.42449328303337097]], "frame_00242": [[238.75711059570312, 613.5423583984375, 801.99658203125, 825.661376953125, 0.3808612525463104]], "frame_00243": [[244.6091766357422, 597.6854248046875, 897.4542236328125, 808.0310668945312, 0.48645055294036865]], "frame_00244": [[217.46800231933594, 558.0198974609375, 903.3605346679688, 772.359619140625, 0.3405447006225586]], "frame_00245": [], "frame_00246": [], "frame_00247": [], "frame_00248": [], "frame_00249": [], "frame_00250": [], "frame_00251": [], "frame_00252": [[248.1757049560547, 513.4923095703125, 927.439453125, 665.5383911132812, 0.5924142003059387]], "frame_00253": [], "frame_00254": [[314.50592041015625, 515.941162109375, 892.869873046875, 674.6019897460938, 0.4318329095840454]], "frame_00255": [[241.61279296875, 521.2781982421875, 917.6905517578125, 677.0264892578125, 0.5201646685600281]], "frame_00256": [], "frame_00257": [[305.23101806640625, 544.162109375, 890.8487548828125, 682.6134643554688, 0.5397679805755615]], "frame_00258": [[316.6372375488281, 550.1429443359375, 898.0006713867188, 687.760009765625, 0.57300865650177]], "frame_00259": [[277.66314697265625, 556.21337890625, 899.2278442382812, 698.3905029296875, 0.7616285681724548]], "frame_00260": [[300.0084228515625, 561.36865234375, 880.313232421875, 711.077880859375, 0.5109025835990906]], "frame_00261": [[272.1836242675781, 568.1306762695312, 908.2681884765625, 721.22509765625, 0.6535256505012512]], "frame_00262": [], "frame_00263": [[292.5478820800781, 574.173095703125, 889.999755859375, 728.6689453125, 0.3976600170135498], [310.5738525390625, 591.3648071289062, 887.4688110351562, 716.240966796875, 0.3031277060508728]], "frame_00264": [[340.01300048828125, 596.6793823242188, 849.8045654296875, 725.7393188476562, 0.43016958236694336]], "frame_00265": [[323.7857360839844, 601.1014404296875, 887.0626220703125, 730.3024291992188, 0.5640002489089966]], "frame_00266": [[327.7555236816406, 604.333740234375, 850.1588745117188, 733.5785522460938, 0.7042990922927856]], "frame_00267": [[307.1763000488281, 607.945556640625, 849.8743896484375, 737.1268310546875, 0.6650047302246094]], "frame_00268": [], "frame_00269": [], "frame_00270": [], "frame_00271": [], "frame_00272": [], "frame_00273": [], "frame_00274": [], "frame_00275": [], "frame_00276": [], "frame_00277": [[329.345947265625, 620.4898071289062, 726.9814453125, 731.6724243164062, 0.2793096899986267]], "frame_00278": [[328.853271484375, 621.2213134765625, 712.4918212890625, 728.9959106445312, 0.34347009658813477]], "frame_00279": [[319.30914306640625, 620.5261840820312, 685.35205078125, 730.1417236328125, 0.4676436185836792]], "frame_00280": [[312.01361083984375, 620.9925537109375, 689.4605102539062, 730.8177490234375, 0.35864442586898804]], "frame_00281": [], "frame_00282": [[291.2242431640625, 622.8658447265625, 666.6220703125, 730.1837768554688, 0.2923923432826996]], "frame_00283": [], "frame_00284": [], "frame_00285": [], "frame_00286": [[271.6861572265625, 628.4892578125, 642.472900390625, 731.0135498046875, 0.2790682315826416]], "frame_00287": [[263.1349182128906, 627.7806396484375, 630.9843139648438, 732.3990478515625, 0.46771636605262756]], "frame_00288": [[258.58929443359375, 630.4661254882812, 627.4982299804688, 732.0653076171875, 0.3758048117160797]], "frame_00289": [], "frame_00290": [[260.94183349609375, 635.0320434570312, 615.2275390625, 733.8175659179688, 0.2747999429702759]], "frame_00291": [], "frame_00292": [[257.0862121582031, 637.6082763671875, 595.243896484375, 735.823486328125, 0.4519209861755371]], "frame_00293": [[239.810546875, 636.0032958984375, 599.283935546875, 734.0618896484375, 0.32645803689956665]], "frame_00294": [[251.4735107421875, 629.4981079101562, 605.51708984375, 729.6825561523438, 0.453827828168869]], "frame_00295": [[266.6837158203125, 613.9342041015625, 597.6069946289062, 717.1240234375, 0.2685057818889618]], "frame_00296": [[266.37249755859375, 587.0575561523438, 602.5653076171875, 708.630859375, 0.5096330642700195]], "frame_00297": [[260.1566162109375, 552.1543579101562, 641.4981689453125, 671.1390991210938, 0.45632556080818176]], "frame_00298": [[276.162353515625, 500.8490295410156, 627.103515625, 639.2940063476562, 0.6794974207878113], [211.26858520507812, 499.670166015625, 638.0454711914062, 633.0125732421875, 0.29011207818984985]], "frame_00299": [[219.27401733398438, 410.2788391113281, 655.7523193359375, 591.7882080078125, 0.5574575066566467]], "frame_00300": [], "frame_00301": [[299.9571228027344, 223.51223754882812, 673.1738891601562, 456.7269287109375, 0.6823492050170898]], "frame_00302": [[304.101318359375, 110.58025360107422, 716.739990234375, 365.7434387207031, 0.758231520652771]], "frame_00303": [[314.17169189453125, 7.94989013671875, 764.455322265625, 284.3912048339844, 0.7817624807357788]], "frame_00304": [[317.1019592285156, 0.0, 689.4500732421875, 204.38626098632812, 0.531535267829895]], "frame_00305": [[333.3831787109375, 0.0, 805.7023315429688, 141.568115234375, 0.5568332076072693], [321.29400634765625, 0.0, 690.8314208984375, 130.0003662109375, 0.27521178126335144]], "frame_00306": [], "frame_00307": [], "frame_00308": [], "frame_00309": [[709.53173828125, 0.0, 755.1939697265625, 17.06144142150879, 0.6406450867652893]], "frame_00310": [], "frame_00311": [], "frame_00312": [], "frame_00313": [], "frame_00314": [], "frame_00315": [[414.32794189453125, 0.0, 703.9990234375, 160.14486694335938, 0.5100389122962952]], "frame_00316": [[413.0311279296875, 11.565238952636719, 694.2188110351562, 205.6082763671875, 0.35374078154563904], [392.30645751953125, 0.0, 697.388671875, 213.312744140625, 0.3085247278213501]], "frame_00317": [[350.149169921875, 0.0, 737.2969970703125, 215.5902557373047, 0.4429187476634979]], "frame_00318": [[396.94842529296875, 5.403041839599609, 707.5955810546875, 267.8346252441406, 0.6909824013710022]], "frame_00319": [], "frame_00320": [[381.7466125488281, 69.32968139648438, 661.18212890625, 318.093017578125, 0.42540064454078674]], "frame_00321": [[408.2441711425781, 139.71868896484375, 656.0090942382812, 346.47113037109375, 0.3734467029571533], [397.7626953125, 114.61035919189453, 680.414794921875, 350.96295166015625, 0.2586011588573456]], "frame_00322": [], "frame_00323": [[412.64935302734375, 199.222900390625, 626.251953125, 389.35540771484375, 0.49782925844192505]], "frame_00324": [[415.7377624511719, 242.3610076904297, 638.838623046875, 406.72613525390625, 0.7552872896194458]], "frame_00325": [[417.1490478515625, 267.3699645996094, 606.638916015625, 426.02935791015625, 0.701336145401001]], "frame_00326": [[416.05584716796875, 294.043701171875, 597.1279296875, 439.4830322265625, 0.7217361927032471]], "frame_00327": [[407.88055419921875, 320.0810852050781, 596.6533813476562, 457.13037109375, 0.712622880935669]], "frame_00328": [[418.65338134765625, 337.635986328125, 597.621826171875, 467.8184509277344, 0.6854499578475952]], "frame_00329": [[426.5723876953125, 356.9643859863281, 579.5450439453125, 480.1467590332031, 0.7001370191574097]], "frame_00330": [], "frame_00331": [[422.95684814453125, 394.8472595214844, 551.4512939453125, 500.23638916015625, 0.7854145169258118]],