{"__manifest__":{"rgb_sha256_short":"ce084f1fea1e","weights_path":"C:\\Users\\User\\Desktop\\UNISA projects\\Drone detection\\es proj 3 thesis workspace\\ES_Drone_Detection\\runs\\corrective_finetune\\finetune_v3b\\weights\\best.pt","imgsz":640},"dets":{"frame_00001":[[250.53109741210938,275.9350280761719,365.77764892578125,328.50177001953125,0.8149194717407227]],"frame_00002":[[241.05078125,286.0970458984375,351.24359130859375,340.46575927734375,0.5909371972084045]],"frame_00003":[],"frame_00004":[[234.3882598876953,303.94244384765625,336.0299377441406,353.037841796875,0.5936811566352844]],"frame_00005":[],"frame_00006":[],"frame_00007":[],"frame_00008":[],"frame_00009":[],"frame_00010":[],"frame_00011":[],"frame_00012":[],"frame_00013":[],"frame_00014":[],"frame_00015":[],"frame_00016":[[242.4829559326172,300.648193359375,356.6463928222656,355.35125732421875,0.6560149788856506]],"frame_00017":[],"frame_00018":[[249.48643493652344,286.9015197753906,358.3031311035156,344.35345458984375,0.6948713660240173]],"frame_00019":[[251.29330444335938,277.87225341796875,359.3441467285156,336.3834533691406,0.7258962988853455]],"frame_00020":[[250.1510467529297,263.5584411621094,363.30712890625,324.6390380859375,0.6373341679573059]],"frame_00021":[[251.901611328125,251.27401733398438,362.68975830078125,310.7411193847656,0.5922549962997437]],"frame_00022":[[257.579833984375,233.0811767578125,364.18829345703125,290.2464904785156,0.8181336522102356]],"frame_00023":[[260.72705078125,207.6713104248047,371.6831970214844,270.88616943359375,0.4257330000400543]],"frame_00024":[[263.9844665527344,179.01097106933594,374.2059020996094,244.0018310546875,0.7387011051177979]],"frame_00025":[[266.293701171875,149.3254852294922,374.690673828125,213.78150939941406,0.5471018552780151]],"frame_00026":[[269.9400939941406,113.9591293334961,378.0605163574219,182.40029907226562,0.858255922794342]],"frame_00027":[[273.16473388671875,89.62499237060547,377.1717529296875,159.36619567871094,0.5875446200370789],[273.4375305175781,89.7752914428711,376.37994384765625,158.25440979003906,0.4352303147315979]],"frame_00028":[[273.1383056640625,89.46277618408203,377.16033935546875,159.4433135986328,0.6142716407775879]],"frame_00029":[[273.13818359375,89.4638900756836,377.16265869140625,159.4442138671875,0.6152010560035706]],"frame_00030":[[273.09747314453125,89.42557525634766,377.1431884765625,159.41119384765625,0.5773618221282959]],"frame_00031":[[273.10101318359375,89.4277114868164,377.144287109375,159.45733642578125,0.5804294347763062]],"frame_00032":[[273.1283264160156,89.65904235839844,377.0810241699219,159.53256225585938,0.5417931079864502]],"frame_00033":[[273.1299743652344,89.60772705078125,377.1523742675781,159.4884033203125,0.5623396039009094],[273.5418701171875,89.71973419189453,376.1653747558594,158.3702392578125,0.43256670236587524]],"frame_00034":[[273.1328430175781,89.614501953125,377.1370544433594,159.47010803222656,0.5560391545295715],[273.54315185546875,89.72306823730469,376.1521911621094,158.34320068359375,0.43853238224983215]],"frame_00035":[[273.136962890625,89.59828186035156,377.1410827636719,159.5146942138672,0.5695431232452393],[273.5393371582031,89.7070083618164,376.180908203125,158.3919219970703,0.432700514793396]],"frame_00036":[[273.1362609863281,89.58609771728516,377.1452941894531,159.50527954101562,0.5705098509788513],[273.5340270996094,89.70174407958984,376.1929931640625,158.3863525390625,0.4420301616191864]],"frame_00037":[[273.0992126464844,89.59605407714844,377.12237548828125,159.54818725585938,0.5722107887268066],[273.4869689941406,89.7138900756836,376.16558837890625,158.43536376953125,0.44668278098106384]],"frame_00072":[[274.7452392578125,14.681450843811035,384.9175109863281,99.28105926513672,0.5488476753234863]],"frame_00073":[],"frame_00074":[[287.0931091308594,0.06717605888843536,387.407958984375,22.737565994262695,0.4235055446624756],[281.50555419921875,0.0,394.8039855957031,23.821502685546875,0.42035138607025146]],"frame_00075":[],"frame_00076":[],"frame_00077":[],"frame_00078":[],"frame_00079":[],"frame_00080":[],"frame_00081":[],"frame_00082":[],"frame_00083":[],"frame_00084":[],"frame_00085":[],"frame_00086":[],"frame_00087":[],"frame_00088":[],"frame_00089":[],"frame_00090":[],"frame_00091":[],"frame_00092":[[404.4411315917969,0.7499508857727051,463.4208679199219,32.7877311706543,0.4903639554977417]],"frame_00093":[[404.3485412597656,0.7093246579170227,465.127685546875,34.75040054321289,0.620420515537262],[403.08734130859375,0.7620107531547546,465.43365478515625,35.25322723388672,0.4901047945022583]],"frame_00094":[],"frame_00095":[],"frame_00096":[],"frame_00097":[],"frame_00098":[[420.42291259765625,1.590510368347168,468.7908935546875,31.720050811767578,0.4719635248184204]],"frame_00099":[[422.3616027832031,1.9028429985046387,469.1357116699219,30.582828521728516,0.40004220604896545]],"frame_00100":[],"frame_00101":[[426.2009582519531,1.6710591316223145,468.32440185546875,28.59405517578125,0.5605412721633911]],"frame_00102":[[427.61688232421875,1.9878363609313965,466.5473937988281,29.371753692626953,0.6421513557434082]],"frame_00103":[[426.14788818359375,5.210509777069092,466.2467041015625,30.455856323242188,0.7461856007575989]],"frame_00104":[[428.022216796875,6.5102105140686035,464.5925598144531,31.391077041625977,0.643012285232544]],"frame_00105":[[429.34979248046875,7.200501441955566,463.4938659667969,33.349727630615234,0.7799079418182373]],"frame_00106":[[431.68658447265625,12.02100658416748,463.37738037109375,35.3796272277832,0.7676303386688232]],"frame_00107":[[429.23333740234375,16.012279510498047,463.8671569824219,39.04975891113281,0.6474350094795227]],"frame_00108":[[429.7289123535156,20.08930778503418,462.5633850097656,43.19770431518555,0.4790790379047394]],"frame_00109":[[428.08489990234375,24.883949279785156,459.22125244140625,48.61869812011719,0.5708185434341431]],"frame_00110":[[427.2369079589844,31.1395320892334,456.7279052734375,54.10472869873047,0.746379554271698]],"frame_00111":[[425.428955078125,36.31189727783203,453.2398986816406,57.393775939941406,0.49652621150016785]],"frame_00112":[],"frame_00113":[],"frame_00114":[],"frame_00115":[],"frame_00116":[],"frame_00117":[],"frame_00118":[],"frame_00119":[],"frame_00120":[],"frame_00121":[],"frame_00122":[],"frame_00123":[],"frame_00124":[],"frame_00125":[],"frame_00126":[],"frame_00127":[],"frame_00128":[],"frame_00129":[],"frame_00130":[],"frame_00131":[],"frame_00132":[],"frame_00133":[],"frame_00134":[],"frame_00135":[],"frame_00136":[],"frame_00137":[],"frame_00138":[],"frame_00139":[],"frame_00140":[],"frame_00141":[[238.16989135742188,985.1023559570312,427.85369873046875,1078.3392333984375,0.5464186072349548]],"frame_00142":[[232.7935333251953,978.33740234375,429.7318420410156,1078.386962890625,0.4048120677471161]],"frame_00143":[],"frame_00144":[[233.142333984375,952.6310424804688,431.6446533203125,1077.4866943359375,0.4058090150356293]],"frame_00145":[],"frame_00146":[[232.95526123046875,964.907958984375,428.41766357421875,1075.2364501953125,0.6729263067245483]],"frame_00147":[[224.41221618652344,950.791015625,427.3918762207031,1075.2796630859375,0.7007163166999817]],"frame_00148":[],"frame_00149":[],"frame_00150":[],"frame_00151":[],"frame_00152":[],"frame_00153":[],"frame_00154":[],"frame_00155":[[193.36703491210938,455.9508361816406,205.38555908203125,461.7242126464844,0.46672049164772034]],"frame_00156":[[168.5935821533203,462.9310302734375,184.8985137939453,469.85968017578125,0.5300872325897217]],"frame_00157":[],"frame_00158":[],"frame_00159":[],"frame_00160":[],"frame_00161":[],"frame_00162":[],"frame_00163":[],"frame_00164":[],"frame_00166":[],"frame_00167":[],"frame_00168":[],"frame_00169":[],"frame_00170":[],"frame_00171":[],"frame_00172":[],"frame_00173":[],"frame_00174":[],"frame_00175":[],"frame_00176":[],"frame_00177":[],"frame_00178":[],"frame_00179":[],"frame_00180":[],"frame_00181":[],"frame_00182":[],"frame_00183":[],"frame_00184":[],"frame_00185":[],