{"__manifest__":{"rgb_sha256_short":"80b41e568b15","weights_path":"C:\\Users\\User\\Desktop\\UNISA projects\\Drone detection\\es proj 3 thesis workspace\\ES_Drone_Detection\\RGB model\\Yolo26n_trained\\weights\\best.pt","imgsz":1280},"dets":{"frame_00001":[],"frame_00002":[],"frame_00003":[],"frame_00004":[],"frame_00005":[],"frame_00006":[],"frame_00007":[],"frame_00008":[],"frame_00028":[],"frame_00032":[],"frame_00033":[],"frame_00034":[],"frame_00035":[],"frame_00036":[],"frame_00037":[],"frame_00038":[],"frame_00039":[[422.09796142578125,350.54388427734375,437.00079345703125,362.4951477050781,0.38119617104530334]],"frame_00040":[],"frame_00041":[],"frame_00042":[],"frame_00043":[],"frame_00044":[],"frame_00045":[],"frame_00046":[],"frame_00047":[],"frame_00048":[],"frame_00049":[],"frame_00050":[],"frame_00051":[],"frame_00052":[],"frame_00053":[],"frame_00054":[],"frame_00055":[],"frame_00056":[],"frame_00057":[],"frame_00058":[],"frame_00059":[],"frame_00060":[],"frame_00061":[],"frame_00062":[],"frame_00063":[],"frame_00064":[],"frame_00065":[],"frame_00066":[],"frame_00067":[],"frame_00068":[],"frame_00069":[],"frame_00070":[],"frame_00071":[[607.2037963867188,205.95138549804688,633.7500610351562,228.76565551757812,0.3456508219242096]],"frame_00072":[[605.6283569335938,215.72337341308594,632.7830200195312,238.41114807128906,0.25346750020980835]],"frame_00073":[],"frame_00074":[],"frame_00075":[],"frame_00076":[],"frame_00077":[],"frame_00078":[],"frame_00079":[],"frame_00080":[],"frame_00081":[],"frame_00082":[],"frame_00083":[[399.5175476074219,455.5301513671875,413.7705078125,467.5593566894531,0.4954639971256256]],"frame_00084":[[399.04345703125,464.95709228515625,412.0894775390625,475.9532775878906,0.5190951824188232]],"frame_00085":[[398.9354553222656,473.78619384765625,411.85797119140625,485.1539611816406,0.4023350179195404]],"frame_00086":[],"frame_00087":[],"frame_00088":[],"frame_00089":[],"frame_00090":[],"frame_00091":[],"frame_00092":[],"frame_00093":[],"frame_00094":[],"frame_00095":[],"frame_00096":[],"frame_00097":[],"frame_00098":[[526.2763671875,562.7447509765625,777.6608276367188,725.2171020507812,0.459780752658844]],"frame_00099":[[506.5318908691406,532.120361328125,757.6730346679688,676.5977783203125,0.8088410496711731]],"frame_00100":[],"frame_00101":[],"frame_00102":[],"frame_00103":[],"frame_00104":[],"frame_00105":[],"frame_00106":[],"frame_00107":[],"frame_00108":[],"frame_00109":[],"frame_00110":[],"frame_00111":[],"frame_00112":[],"frame_00113":[],"frame_00114":[],"frame_00115":[],"frame_00116":[],"frame_00117":[],"frame_00118":[],"frame_00119":[],"frame_00120":[],"frame_00121":[],"frame_00122":[],"frame_00123":[],"frame_00124":[],"frame_00125":[],"frame_00126":[],"frame_00127":[],"frame_00128":[],"frame_00129":[],"frame_00130":[],"frame_00131":[[20.626665115356445,396.65380859375,43.676387786865234,422.2342529296875,0.6468505859375]],"frame_00132":[[45.80402755737305,410.6814880371094,63.91096115112305,426.987060546875,0.6785933375358582]],"frame_00133":[[65.94485473632812,421.00494384765625,85.46417999267578,432.9060974121094,0.6975986361503601]],"frame_00134":[[84.548583984375,428.36163330078125,104.80047607421875,441.8134460449219,0.6618137359619141]],"frame_00135":[],"frame_00136":[],"frame_00137":[[146.04966735839844,462.4382629394531,162.54783630371094,471.0389099121094,0.25241905450820923]],"frame_00138":[[164.05743408203125,469.2213134765625,180.99569702148438,481.14605712890625,0.6691855788230896]],"frame_00139":[],"frame_00140":[],"frame_00141":[],"frame_00142":[],"frame_00143":[],"frame_00144":[],"frame_00145":[],"frame_00146":[],"frame_00147":[],"frame_00148":[],"frame_00149":[],"frame_00150":[],"frame_00151":[],"frame_00152":[],"frame_00153":[],"frame_00154":[[395.19305419921875,539.649658203125,409.73443603515625,554.8333129882812,0.2989904284477234]],"frame_00155":[[408.163818359375,543.61181640625,422.9715576171875,558.868408203125,0.3167467415332794]],"frame_00156":[[419.35699462890625,552.913330078125,434.65020751953125,563.9252319335938,0.576751708984375]],"frame_00157":[[429.23834228515625,556.5432739257812,446.2055969238281,570.256103515625,0.6449247002601624]],"frame_00158":[[441.7554931640625,558.8539428710938,456.6517639160156,572.6390380859375,0.4642713963985443]],"frame_00159":[],"frame_00160":[[463.1278076171875,564.573974609375,478.434326171875,575.9664306640625,0.5696096420288086]],"frame_00161":[[475.4402160644531,565.2908325195312,489.33404541015625,578.7578735351562,0.4404033422470093]],"frame_00162":[],"frame_00163":[],"frame_00164":[[502.7950439453125,575.4933471679688,517.6990966796875,586.89306640625,0.6580389142036438]],"frame_00165":[[512.27734375,577.51611328125,525.8499755859375,586.6983642578125,0.2831297814846039]],"frame_00166":[],"frame_00167":[],"frame_00168":[],"frame_00169":[[420.30413818359375,331.13165283203125,641.4703369140625,530.1038818359375,0.7767785787582397]],"frame_00170":[[424.34735107421875,366.6676025390625,632.1644287109375,552.0611572265625,0.903743326663971]],"frame_00171":[[427.6561279296875,396.44537353515625,624.39501953125,568.7779541015625,0.9064740538597107]],"frame_00172":[[432.4315185546875,426.33721923828125,614.7178955078125,584.4854736328125,0.9000768065452576]],"frame_00173":[[434.25689697265625,458.9662170410156,609.16650390625,598.964111328125,0.8939870595932007]],"frame_00174":[[438.740234375,483.63543701171875,609.2882080078125,615.9857788085938,0.8785692453384399]],"frame_00175":[[442.86932373046875,508.52490234375,611.2738647460938,623.83837890625,0.8770204186439514]],"frame_00176":[[446.52008056640625,533.8748168945312,615.665771484375,635.0161743164062,0.8762799501419067]],"frame_00177":[[449.2181396484375,556.3280029296875,601.114501953125,651.079345703125,0.8717721104621887]],"frame_00178":[[451.128173828125,577.728515625,585.4439697265625,656.7767333984375,0.8670176267623901]],"frame_00179":[[456.38653564453125,593.065185546875,539.223388671875,667.9271240234375,0.8178103566169739]],"frame_00180":[[457.6321105957031,608.1751708984375,538.6325073242188,682.515625,0.7998615503311157]],"frame_00181":[[460.0916748046875,623.8724975585938,531.52685546875,685.2796630859375,0.7936614155769348]],"frame_00182":[[462.7773742675781,642.6598510742188,525.2339477539062,692.406982421875,0.6892704963684082],[655.43310546875,558.4749755859375,669.241455078125,571.443359375,0.37573719024658203]],"frame_00183":[[464.58447265625,663.280029296875,524.922119140625,699.0056762695312,0.5996167063713074]],"frame_00184":[[670.4701538085938,552.3173217773438,684.1447143554688,561.352783203125,0.42154473066329956]],"frame_00185":[],"frame_00186":[],"frame_00187":[],"frame_00188":[]}}