{"__manifest__":{"rgb_sha256_short":"5e11ed739f7b","weights_path":"C:\\Users\\User\\Desktop\\UNISA projects\\Drone detection\\es proj 3 thesis workspace\\ES_Drone_Detection\\RGB model\\Yolo26n_retrained_v2\\weights\\best.pt","imgsz":1280},"dets":{"frame_00001":[],"frame_00002":[],"frame_00003":[],"frame_00004":[],"frame_00005":[],"frame_00006":[],"frame_00007":[],"frame_00008":[],"frame_00009":[],"frame_00010":[],"frame_00011":[],"frame_00012":[],"frame_00013":[],"frame_00014":[],"frame_00015":[],"frame_00016":[],"frame_00017":[],"frame_00018":[],"frame_00019":[],"frame_00020":[],"frame_00021":[],"frame_00022":[],"frame_00023":[],"frame_00024":[],"frame_00025":[],"frame_00026":[[560.7713012695312,461.68292236328125,671.520263671875,524.783935546875,0.5881767868995667]],"frame_00027":[],"frame_00028":[[538.510498046875,484.747802734375,645.6749267578125,547.1248779296875,0.7216876149177551],[539.336181640625,485.9773864746094,643.2405395507812,546.1228637695312,0.37715426087379456]],"frame_00029":[],"frame_00030":[],"frame_00031":[[440.085693359375,663.83544921875,528.3502197265625,716.4338989257812,0.6460181474685669]],"frame_00032":[],"frame_00033":[],"frame_00034":[],"frame_00035":[],"frame_00036":[[754.10595703125,490.4786376953125,1428.173828125,933.6095581054688,0.2531082034111023]],"frame_00037":[],"frame_00038":[[570.5636596679688,332.0130615234375,1325.040283203125,766.3297119140625,0.5133993625640869]],"frame_00039":[],"frame_00040":[],"frame_00041":[],"frame_00042":[[770.8656005859375,280.2677307128906,1570.7237548828125,835.135986328125,0.2614697515964508]],"frame_00043":[],"frame_00044":[],"frame_00045":[],"frame_00046":[],"frame_00047":[],"frame_00048":[[501.7790222167969,278.99200439453125,1344.283203125,875.7396240234375,0.2620319128036499]],"frame_00049":[],"frame_00050":[[391.0692443847656,235.72677612304688,1192.9794921875,838.7243041992188,0.4727630913257599]],"frame_00051":[],"frame_00052":[],"frame_00053":[],"frame_00054":[],"frame_00055":[[660.970703125,675.140869140625,1313.001220703125,930.3350830078125,0.5342059135437012]],"frame_00056":[[674.8426513671875,552.040283203125,1369.5472412109375,907.117919921875,0.40386244654655457]],"frame_00057":[],"frame_00058":[],"frame_00059":[],"frame_00060":[],"frame_00061":[],"frame_00062":[],"frame_00063":[],"frame_00064":[],"frame_00065":[],"frame_00066":[],"frame_00067":[],"frame_00068":[],"frame_00069":[],"frame_00070":[],"frame_00071":[],"frame_00072":[],"frame_00073":[],"frame_00074":[[914.0379638671875,44.676788330078125,1092.45458984375,169.16476440429688,0.876257061958313]],"frame_00075":[[922.3126831054688,26.417377471923828,1166.27880859375,134.80517578125,0.6566911339759827]],"frame_00076":[],"frame_00077":[],"frame_00078":[],"frame_00079":[],"frame_00080":[],"frame_00081":[],"frame_00082":[],"frame_00083":[],"frame_00084":[],"frame_00085":[],"frame_00086":[],"frame_00087":[],"frame_00088":[],"frame_00089":[],"frame_00090":[],"frame_00091":[],"frame_00092":[],"frame_00093":[],"frame_00094":[],"frame_00095":[],"frame_00096":[],"frame_00097":[],"frame_00098":[],"frame_00099":[],"frame_00100":[],"frame_00101":[],"frame_00102":[],"frame_00103":[],"frame_00104":[],"frame_00105":[[366.9598083496094,373.8701477050781,377.3793640136719,382.5151062011719,0.4992128610610962],[366.30657958984375,373.781982421875,377.028564453125,382.5986328125,0.40178635716438293]],"frame_00106":[[366.2664794921875,373.7203369140625,377.0488586425781,382.64495849609375,0.4571636915206909],[366.9325256347656,373.7844543457031,377.431396484375,382.5669250488281,0.4119263291358948]],"frame_00107":[],"frame_00108":[],"frame_00109":[],"frame_00110":[],"frame_00111":[],"frame_00112":[],"frame_00113":[],"frame_00114":[],"frame_00115":[],"frame_00116":[],"frame_00117":[],"frame_00118":[],"frame_00119":[],"frame_00120":[],"frame_00121":[],"frame_00122":[],"frame_00123":[],"frame_00124":[],"frame_00125":[],"frame_00126":[],"frame_00127":[],"frame_00128":[],"frame_00129":[],"frame_00130":[],"frame_00131":[],"frame_00132":[],"frame_00133":[],"frame_00134":[],"frame_00135":[],"frame_00136":[[368.62017822265625,211.56344604492188,474.48480224609375,273.33587646484375,0.8506202697753906]],"frame_00137":[[310.9768981933594,216.6273193359375,428.5673828125,290.47186279296875,0.8576885461807251]],"frame_00138":[[264.3685302734375,222.666259765625,405.0994873046875,299.8600158691406,0.7606329917907715]],"frame_00139":[[276.87530517578125,223.8251495361328,400.5860595703125,302.7757263183594,0.8455975651741028]],"frame_00140":[[273.3512878417969,220.73440551757812,386.400390625,305.95611572265625,0.8576512336730957]],"frame_00141":[[272.3608703613281,216.00439453125,383.7548828125,296.14532470703125,0.8523089289665222]],"frame_00142":[[673.1463623046875,403.27496337890625,1319.652587890625,888.6674194335938,0.5043293237686157]],"frame_00143":[[626.40869140625,357.7312316894531,1286.1231689453125,921.6348266601562,0.48360875248908997]],"frame_00144":[[602.0836181640625,289.17791748046875,1247.12158203125,852.3934326171875,0.2909497618675232]],"frame_00145":[[586.1358032226562,367.56121826171875,1230.309326171875,801.306640625,0.6187517642974854]],"frame_00146":[[543.0487670898438,345.6126708984375,1239.1959228515625,887.9033203125,0.7577385902404785]],"frame_00147":[],"frame_00148":[],"frame_00149":[],"frame_00150":[],"frame_00151":[],"frame_00152":[],"frame_00153":[],"frame_00154":[],"frame_00155":[],"frame_00156":[],"frame_00157":[],"frame_00158":[],"frame_00159":[],"frame_00160":[],"frame_00161":[],"frame_00162":[],"frame_00163":[],"frame_00164":[],"frame_00165":[],"frame_00166":[],"frame_00167":[[838.8092651367188,207.88613891601562,1108.495361328125,414.799072265625,0.273761123418808]],"frame_00168":[],"frame_00169":[],"frame_00170":[],"frame_00171":[],"frame_00172":[[271.38201904296875,405.64642333984375,1037.949462890625,711.9698486328125,0.7471375465393066]],"frame_00173":[],"frame_00174":[[885.7003173828125,0.513427734375,1123.034912109375,275.17376708984375,0.2757813334465027]],"frame_00175":[],"frame_00176":[],"frame_00177":[],"frame_00178":[],"frame_00179":[],"frame_00180":[],"frame_00181":[[994.1248779296875,195.57151794433594,1203.312744140625,319.9422302246094,0.8170611262321472]],"frame_00182":[],"frame_00183":[],"frame_00184":[[957.28564453125,160.81298828125,1257.0299072265625,376.91033935546875,0.3543740510940552]],"frame_00185":[[958.4196166992188,103.04075622558594,1118.9014892578125,229.4380645751953,0.48505550622940063]],"frame_00186":[[966.4375,172.92214965820312,1098.7706298828125,266.1658630371094,0.2801741659641266]],"frame_00187":[[904.4869995117188,230.2049560546875,1051.226318359375,329.7696533203125,0.503152072429657]],"frame_00188":[[838.6104125976562,257.98779296875,955.53173828125,344.1173400878906,0.868708610534668]],"frame_00189":[[800.8131103515625,269.84283447265625,952.17822265625,353.0772705078125,0.6303561329841614]],"frame_00190":[[788.2033081054688,261.4915771484375,940.37255859375,350.27569580078125,0.526253879070282]],"frame_00191":[[721.1339721679688,237.29049682617188,968.5164794921875,453.8535461425781,0.35921332240104675],[805.2918701171875,240.22372436523438,951.08837890625,314.93072509765625,0.3029320240020752]],"frame_00192":[[807.4947509765625,230.62359619140625,926.2351684570312,294.50140380859375,0.7910388708114624]],"frame_00193":[[791.7167358398438,211.042236328125,925.3240966796875,281.82220458984375,0.49509578943252563]],"frame_00194":[[772.96533203125,180.10488891601562,902.2152099609375,243.7569122314453,0.8408398628234863]],"frame_00195":[[750.0827026367188,155.7445068359375,879.1864013671875,218.05123901367188,0.33638501167297363]],"frame_00196":[[742.0819091796875,143.22645568847656,856.0859375,201.9813995361328,0.4336842894554138]],"frame_00197":[],"frame_00198":[[826.8081665039062,146.64852905273438,903.185302734375,204.6427459716797,0.4277716875076294]],"frame_00199":[],