{"__manifest__":{"rgb_sha256_short":"5e11ed739f7b","weights_path":"C:\\Users\\User\\Desktop\\UNISA projects\\Drone detection\\es proj 3 thesis workspace\\ES_Drone_Detection\\RGB model\\Yolo26n_retrained_v2\\weights\\best.pt","imgsz":1280},"dets":{"frame_00001":[],"frame_00002":[],"frame_00003":[],"frame_00004":[],"frame_00005":[],"frame_00006":[],"frame_00007":[],"frame_00008":[],"frame_00009":[],"frame_00010":[],"frame_00011":[],"frame_00012":[],"frame_00013":[],"frame_00014":[],"frame_00015":[],"frame_00016":[],"frame_00017":[],"frame_00018":[],"frame_00019":[],"frame_00020":[],"frame_00021":[],"frame_00022":[],"frame_00023":[],"frame_00024":[[938.081298828125,522.9664306640625,971.9337158203125,537.37744140625,0.4924475848674774]],"frame_00025":[[931.445068359375,515.5421142578125,961.212646484375,528.5040893554688,0.6445187926292419]],"frame_00026":[[937.4895629882812,511.8855285644531,968.714111328125,524.5137329101562,0.42049679160118103]],"frame_00027":[],"frame_00028":[],"frame_00029":[],"frame_00030":[],"frame_00031":[],"frame_00032":[],"frame_00033":[],"frame_00034":[],"frame_00035":[[968.7197265625,609.10888671875,989.666015625,621.52734375,0.28611159324645996]],"frame_00036":[[958.8009033203125,597.0239868164062,980.5675048828125,608.678955078125,0.25464317202568054]],"frame_00037":[[940.8551025390625,604.64599609375,958.764892578125,616.5894775390625,0.367133229970932]],"frame_00038":[[957.4676513671875,581.8642578125,972.407958984375,593.669677734375,0.2593899071216583]],"frame_00039":[],"frame_00040":[],"frame_00041":[],"frame_00042":[],"frame_00043":[],"frame_00044":[],"frame_00045":[],"frame_00046":[],"frame_00047":[],"frame_00048":[],"frame_00049":[],"frame_00050":[],"frame_00051":[],"frame_00052":[],"frame_00053":[],"frame_00054":[],"frame_00055":[]}}