{"__manifest__":{"rgb_sha256_short":"ce084f1fea1e","weights_path":"C:\\Users\\User\\Desktop\\UNISA projects\\Drone detection\\es proj 3 thesis workspace\\ES_Drone_Detection\\runs\\corrective_finetune\\finetune_v3b\\weights\\best.pt","imgsz":640},"dets":{"frame_00001":[],"frame_00002":[],"frame_00003":[],"frame_00004":[],"frame_00005":[],"frame_00006":[],"frame_00007":[],"frame_00008":[],"frame_00009":[],"frame_00010":[],"frame_00011":[],"frame_00012":[],"frame_00013":[],"frame_00014":[],"frame_00015":[],"frame_00016":[],"frame_00017":[],"frame_00018":[],"frame_00019":[],"frame_00020":[],"frame_00021":[],"frame_00022":[],"frame_00023":[],"frame_00024":[],"frame_00025":[],"frame_00026":[],"frame_00027":[],"frame_00028":[],"frame_00029":[],"frame_00030":[],"frame_00031":[],"frame_00032":[],"frame_00033":[],"frame_00034":[[448.1192626953125,1061.770751953125,490.66802978515625,1090.985107421875,0.8322474360466003]],"frame_00035":[[527.071044921875,1049.3509521484375,577.900146484375,1082.3123779296875,0.8108133673667908]],"frame_00036":[[519.0254516601562,939.4222412109375,554.48095703125,962.0586547851562,0.7283784747123718]],"frame_00037":[[641.6381225585938,1024.8885498046875,698.860107421875,1058.9351806640625,0.7680330872535706]],"frame_00038":[[654.3358764648438,1012.305419921875,712.9512939453125,1047.423583984375,0.8197711706161499],[563.2372436523438,887.697265625,605.3447875976562,916.5042114257812,0.5323537588119507]],"frame_00039":[[643.3226318359375,999.52685546875,695.99755859375,1040.4063720703125,0.8091587424278259],[558.1848754882812,855.3408203125,622.2628173828125,900.8204956054688,0.764904260635376]],"frame_00040":[[604.677490234375,992.40380859375,666.2781982421875,1043.3907470703125,0.6677175164222717],[545.8795776367188,855.8218994140625,615.4678344726562,883.3731079101562,0.6307124495506287]],"frame_00041":[[527.1268310546875,820.34326171875,578.0203247070312,855.136962890625,0.8094594478607178],[558.6027221679688,1000.7431640625,615.381591796875,1051.48095703125,0.697909414768219]],"frame_00042":[[503.0550842285156,1023.9525146484375,563.4286499023438,1074.1129150390625,0.8344540596008301]],"frame_00043":[[452.06622314453125,1062.734375,520.2649536132812,1116.9285888671875,0.7438472509384155]],"frame_00044":[[410.6829528808594,1114.4197998046875,481.8843994140625,1170.19189453125,0.8091378211975098]],"frame_00045":[[406.3797912597656,1168.0997314453125,481.575439453125,1226.2091064453125,0.8112345337867737]],"frame_00046":[],"frame_00047":[[413.9206237792969,828.6073608398438,507.2447204589844,926.2974853515625,0.45267200469970703]],"frame_00048":[],"frame_00049":[],"frame_00050":[],"frame_00051":[],"frame_00052":[],"frame_00053":[],"frame_00054":[],"frame_00055":[],"frame_00056":[],"frame_00057":[],"frame_00058":[],"frame_00059":[],"frame_00060":[],"frame_00061":[],"frame_00062":[],"frame_00064":[],"frame_00066":[],"frame_00072":[],"frame_00075":[],"frame_00077":[],"frame_00079":[],"frame_00080":[],"frame_00081":[],"frame_00082":[],"frame_00083":[],"frame_00084":[],"frame_00085":[],"frame_00086":[],"frame_00087":[],"frame_00088":[],"frame_00089":[],"frame_00090":[],"frame_00091":[],"frame_00101":[],"frame_00107":[],"frame_00108":[],"frame_00109":[],"frame_00110":[[487.26434326171875,443.2076416015625,573.9550170898438,487.6196594238281,0.839310348033905]],"frame_00111":[[476.3924560546875,439.1250915527344,579.6800537109375,481.763916015625,0.8586097955703735]],"frame_00112":[[489.24639892578125,430.69354248046875,594.231201171875,471.4479675292969,0.5581924915313721]],"frame_00113":[],"frame_00114":[[533.6832275390625,362.59814453125,664.8765869140625,411.58251953125,0.44754767417907715]],"frame_00115":[[878.0335693359375,371.8868713378906,965.234130859375,451.533935546875,0.4746471345424652]],"frame_00116":[[578.4566650390625,227.02313232421875,706.255126953125,268.739013671875,0.8151715993881226]],"frame_00117":[[592.1539916992188,122.89202880859375,727.2449951171875,186.78759765625,0.8358415961265564]],"frame_00118":[[607.4962768554688,29.418291091918945,746.4431762695312,122.52490234375,0.4505176544189453]],"frame_00119":[],"frame_00120":[],"frame_00121":[],"frame_00122":[],"frame_00123":[],"frame_00124":[],"frame_00125":[],"frame_00126":[],"frame_00127":[],"frame_00128":[],"frame_00129":[],"frame_00130":[],"frame_00131":[],"frame_00132":[],"frame_00133":[]}}