{"__manifest__":{"rgb_sha256_short":"5e11ed739f7b","weights_path":"C:\\Users\\User\\Desktop\\UNISA projects\\Drone detection\\es proj 3 thesis workspace\\ES_Drone_Detection\\RGB model\\Yolo26n_retrained_v2\\weights\\best.pt","imgsz":1280},"dets":{"frame_00001":[],"frame_00002":[],"frame_00003":[],"frame_00004":[[437.70306396484375,627.194580078125,547.8677978515625,764.7994995117188,0.47726619243621826]],"frame_00005":[[361.1841735839844,675.64501953125,492.4719543457031,804.877197265625,0.32200026512145996]],"frame_00006":[],"frame_00007":[],"frame_00008":[],"frame_00009":[],"frame_00010":[],"frame_00011":[],"frame_00012":[],"frame_00013":[],"frame_00014":[[183.25428771972656,1122.242431640625,205.12158203125,1154.966552734375,0.33095067739486694]],"frame_00015":[[185.42755126953125,743.6258544921875,208.67999267578125,777.705322265625,0.5740857124328613],[673.8922729492188,570.8782348632812,713.6465454101562,613.1065063476562,0.3637996315956116]],"frame_00016":[],"frame_00017":[],"frame_00018":[[305.86102294921875,1075.455810546875,871.912353515625,1396.6171875,0.6149002313613892]],"frame_00019":[[260.5463562011719,882.2426147460938,829.5418701171875,1199.838134765625,0.6090782880783081]],"frame_00020":[]}}