{"__manifest__":{"rgb_sha256_short":"6fd55349ad9d","weights_path":"C:\\Users\\User\\Desktop\\UNISA projects\\Drone detection\\es proj 3 thesis workspace\\ES_Drone_Detection\\RGB model\\Yolo26n_selcom_mixed_ft2_1280\\weights\\best.pt","imgsz":960},"dets":{"frame_00001":[[464.817138671875,1165.1190185546875,502.76629638671875,1196.767333984375,0.7091653347015381]],"frame_00002":[[312.0712585449219,1001.2953491210938,343.6366882324219,1029.689453125,0.560085117816925],[270.89990234375,1205.385986328125,300.7755432128906,1233.132080078125,0.36596035957336426]],"frame_00003":[[279.8922119140625,854.057373046875,320.3875732421875,885.3565673828125,0.6537484526634216]],"frame_00004":[[333.27655029296875,637.3680419921875,387.0746765136719,682.1229858398438,0.5736570954322815],[84.58709716796875,1216.5029296875,144.94247436523438,1248.348388671875,0.4105634093284607]],"frame_00005":[],"frame_00006":[[315.02740478515625,270.07666015625,392.19610595703125,332.5446472167969,0.2553982436656952]],"frame_00007":[],"frame_00008":[[328.80194091796875,582.2058715820312,390.1082763671875,648.4556884765625,0.6824983358383179]],"frame_00009":[[356.97381591796875,1011.35302734375,413.4472351074219,1081.3740234375,0.5409315824508667]],"frame_00010":[],"frame_00011":[],"frame_00012":[[384.2705078125,1192.5626220703125,422.27587890625,1232.7412109375,0.8375015258789062],[55.4144287109375,1147.8001708984375,87.39376068115234,1172.771728515625,0.8085867166519165],[116.58685302734375,1171.509521484375,146.79910278320312,1196.7071533203125,0.7790006995201111],[37.669647216796875,927.1282958984375,67.33567810058594,941.1549682617188,0.6784000396728516],[542.2196044921875,1135.74658203125,582.6873779296875,1184.720947265625,0.6490519046783447],[99.08699798583984,1244.07177734375,125.51655578613281,1263.320068359375,0.5572946667671204]],"frame_00013":[[566.44873046875,1214.6873779296875,603.2047119140625,1250.3389892578125,0.8351128697395325],[19.301239013671875,847.4496459960938,50.518123626708984,864.141845703125,0.7887470722198486],[134.64157104492188,1195.239013671875,162.39341735839844,1215.3140869140625,0.7501245141029358],[265.2906494140625,1135.743896484375,295.6123962402344,1152.4820556640625,0.5939631462097168]],"frame_00014":[[83.2322998046875,977.1402587890625,127.08074188232422,1019.4039306640625,0.8443259596824646],[405.6890869140625,1234.4248046875,440.2314453125,1266.9302978515625,0.8327211737632751],[404.0061950683594,1072.7310791015625,435.713134765625,1104.2060546875,0.8049733638763428],[227.156494140625,1151.90185546875,257.43609619140625,1186.4013671875,0.7661855220794678],[293.255859375,1106.190673828125,323.16241455078125,1144.94921875,0.506797194480896],[0.0,1144.130126953125,39.36869430541992,1171.3809814453125,0.43967801332473755]],"frame_00015":[[233.05564880371094,924.6629638671875,270.84600830078125,969.3964233398438,0.8263607025146484],[563.7898559570312,983.3643798828125,605.95947265625,1037.144287109375,0.825169026851654],[411.8597106933594,1092.559326171875,445.905517578125,1121.25439453125,0.8117270469665527]],"frame_00016":[[281.14849853515625,858.2733154296875,326.1334228515625,910.105712890625,0.784020721912384],[383.9589538574219,1031.0003662109375,475.030029296875,1089.5,0.44990265369415283],[554.2998657226562,1057.9053955078125,598.872802734375,1096.707275390625,0.3443354666233063],[367.716064453125,1182.131103515625,398.4438171386719,1217.3323974609375,0.29636579751968384]],"frame_00017":[[433.0008239746094,39.209259033203125,469.987548828125,69.15847778320312,0.8443106412887573],[254.9310302734375,1002.9120483398438,300.43304443359375,1041.752197265625,0.5296838283538818]],"frame_00018":[[283.35467529296875,773.4888916015625,339.6575622558594,824.9656982421875,0.7963473796844482],[336.4991149902344,544.1096801757812,379.5149841308594,593.0938110351562,0.7962149977684021],[488.6303405761719,1152.6341552734375,525.4873046875,1190.8511962890625,0.4912852942943573],[335.5516357421875,870.2388916015625,389.15234375,906.4127807617188,0.4322536289691925]],"frame_00019":[[344.7350769042969,823.6317138671875,399.4757080078125,865.455078125,0.80636066198349],[333.31085205078125,646.4957275390625,398.6817626953125,686.2267456054688,0.6858435273170471],[313.38739013671875,537.516357421875,374.9080505371094,585.9034423828125,0.3378197252750397]],"frame_00020":[[211.93316650390625,352.5135498046875,372.0671081542969,444.6805114746094,0.7483039498329163],[340.49066162109375,616.710693359375,381.5352783203125,656.0108032226562,0.6201969981193542]]}}