{"__manifest__":{"rgb_sha256_short":"80b41e568b15","weights_path":"C:\\Users\\User\\Desktop\\UNISA projects\\Drone detection\\es proj 3 thesis workspace\\ES_Drone_Detection\\RGB model\\Yolo26n_trained\\weights\\best.pt","imgsz":1280},"dets":{"frame_00057":[],"frame_00058":[],"frame_00059":[],"frame_00060":[],"frame_00061":[],"frame_00062":[],"frame_00102":[],"frame_00104":[],"frame_00105":[],"frame_00106":[],"frame_00107":[],"frame_00108":[],"frame_00109":[],"frame_00110":[],"frame_00111":[],"frame_00112":[],"frame_00113":[],"frame_00114":[],"frame_00115":[],"frame_00116":[],"frame_00117":[],"frame_00118":[],"frame_00119":[],"frame_00120":[],"frame_00121":[],"frame_00122":[],"frame_00123":[],"frame_00124":[],"frame_00125":[],"frame_00126":[],"frame_00127":[],"frame_00128":[],"frame_00129":[],"frame_00130":[],"frame_00131":[],"frame_00132":[],"frame_00133":[],"frame_00134":[],"frame_00135":[],"frame_00136":[],"frame_00137":[],"frame_00138":[],"frame_00139":[],"frame_00140":[],"frame_00141":[],"frame_00142":[],"frame_00143":[],"frame_00144":[],"frame_00145":[[463.4288635253906,615.74755859375,748.796875,785.2604370117188,0.6882835030555725]],"frame_00146":[[464.9239501953125,633.4990234375,736.3843994140625,793.5870361328125,0.8492047190666199]],"frame_00147":[[464.4128723144531,649.544921875,722.10400390625,801.68994140625,0.8660876750946045]],"frame_00148":[[462.1273193359375,669.15576171875,710.39599609375,808.922607421875,0.8960336446762085]],"frame_00149":[[462.77923583984375,686.650146484375,699.196044921875,813.4264526367188,0.8840649127960205]],"frame_00150":[[464.5028076171875,703.078857421875,686.0001220703125,822.2928466796875,0.8888555765151978]],"frame_00151":[[466.5738525390625,716.813720703125,679.9573974609375,828.3455810546875,0.8843222260475159]],"frame_00152":[[469.02545166015625,731.9201049804688,672.2015991210938,834.5689697265625,0.8725830912590027]],"frame_00153":[[470.6546630859375,745.1565551757812,664.8448486328125,842.18212890625,0.8721757531166077]],"frame_00154":[[471.5603942871094,756.066162109375,657.3690795898438,848.5252685546875,0.8799102902412415]],"frame_00155":[[473.5300598144531,767.5053100585938,651.7888793945312,854.0971069335938,0.8729547262191772]],"frame_00156":[[475.0542297363281,779.8478393554688,647.051513671875,860.888427734375,0.8840146660804749]],"frame_00157":[[476.3910827636719,788.30859375,641.8541259765625,866.9016723632812,0.8904584050178528]],"frame_00158":[[479.185546875,797.05224609375,637.59423828125,872.859619140625,0.8888053297996521]],"frame_00159":[[480.708251953125,805.9890747070312,633.693603515625,877.3016357421875,0.8835775256156921]],"frame_00160":[[481.5648193359375,813.1071166992188,628.510498046875,881.8656005859375,0.8859768509864807]],"frame_00161":[[481.5174865722656,821.8380126953125,625.5562133789062,886.8975219726562,0.8870251178741455]],"frame_00162":[[481.6243896484375,829.1303100585938,619.9429931640625,891.4285888671875,0.6391639113426208],[482.076416015625,829.4827880859375,619.3983154296875,891.2120361328125,0.2879706621170044]],"frame_00163":[[482.5529479980469,835.337158203125,616.4625244140625,894.7891845703125,0.8919289708137512]],"frame_00164":[[484.4339904785156,840.28369140625,612.77685546875,898.100830078125,0.891224205493927]],"frame_00165":[[485.5165100097656,846.8284912109375,610.7396850585938,901.7144165039062,0.8852043747901917]],"frame_00166":[[487.01513671875,852.822021484375,609.69091796875,904.7984619140625,0.8866822123527527]],"frame_00167":[[488.62060546875,856.7828979492188,609.2807006835938,906.573486328125,0.5797958970069885]],"frame_00168":[[487.48583984375,861.3839111328125,606.8035888671875,908.4912109375,0.6808420419692993]],"frame_00169":[[494.2415771484375,865.19140625,604.2188720703125,911.1678466796875,0.8333505392074585]],"frame_00170":[[496.00372314453125,869.193359375,602.1197509765625,912.2817993164062,0.8787000179290771]],"frame_00171":[[497.4295654296875,873.4093017578125,601.0931396484375,914.6644287109375,0.8724888563156128]],"frame_00172":[[499.8584289550781,878.1102294921875,600.5795288085938,917.0377197265625,0.8697532415390015]],"frame_00173":[[498.56719970703125,881.15087890625,600.6903076171875,919.42041015625,0.856784462928772]],"frame_00174":[[501.76739501953125,883.9286499023438,598.522705078125,920.773681640625,0.861457347869873]],"frame_00175":[[504.2530517578125,887.240966796875,598.3306274414062,923.630859375,0.8705423474311829]],"frame_00176":[[504.4378662109375,889.05859375,597.9033203125,925.7156982421875,0.8526496887207031]],"frame_00177":[[505.9937744140625,891.664794921875,597.6616821289062,927.411376953125,0.8466253876686096]],"frame_00178":[[506.6658935546875,894.0438232421875,598.099609375,928.9385375976562,0.853053629398346]],"frame_00179":[[504.1972961425781,895.8367309570312,597.070068359375,929.8323974609375,0.8581830263137817]],"frame_00180":[[507.8180236816406,898.050048828125,594.49609375,931.616455078125,0.8605119585990906]],"frame_00181":[[509.17596435546875,900.4578857421875,593.82080078125,933.1968383789062,0.8558365702629089]],"frame_00182":[[509.732177734375,902.2442626953125,592.4324951171875,935.00634765625,0.8549283146858215]],"frame_00183":[[510.6358642578125,904.4053955078125,591.5948486328125,936.0552978515625,0.8532375693321228]],"frame_00184":[[511.2596435546875,906.222900390625,591.169189453125,937.2965087890625,0.8430650234222412]],"frame_00185":[[511.7895812988281,907.7440185546875,591.8065185546875,938.24658203125,0.8373415470123291]],"frame_00186":[[512.259765625,908.9869384765625,590.675537109375,939.82470703125,0.8294268250465393]],"frame_00187":[[513.03466796875,910.385498046875,591.1136474609375,940.9461669921875,0.8360785841941833]],"frame_00188":[[514.1982421875,911.8009033203125,589.5498657226562,941.68359375,0.8356465697288513]],"frame_00189":[[512.998046875,913.1131591796875,589.2703857421875,942.2857666015625,0.8279960751533508]],"frame_00190":[[511.4786376953125,914.5357666015625,588.1792602539062,943.1830444335938,0.8179585933685303]],"frame_00191":[[511.490966796875,915.2069091796875,588.0899047851562,943.9588623046875,0.8165972828865051]],"frame_00192":[[511.75439453125,915.8587646484375,587.43408203125,943.7404174804688,0.8233681917190552]],"frame_00193":[[510.981689453125,916.3782958984375,587.062255859375,944.0667114257812,0.8180090188980103]],"frame_00194":[[510.6233825683594,916.8193359375,587.1316528320312,944.1094970703125,0.815606951713562]],"frame_00195":[[510.1379699707031,917.5783081054688,584.657958984375,944.2484130859375,0.8143335580825806]],"frame_00196":[[510.20635986328125,918.1214599609375,583.5761108398438,944.1707153320312,0.8129777312278748]],"frame_00197":[[510.244140625,918.0485229492188,583.237548828125,944.4208984375,0.7946508526802063]],"frame_00198":[[511.35406494140625,918.71923828125,582.49853515625,944.5966796875,0.7905070781707764]],"frame_00199":[[511.2794494628906,919.4732666015625,581.3475952148438,945.480712890625,0.7787889838218689]],"frame_00200":[[511.5945739746094,921.0906982421875,581.6322021484375,946.7576293945312,0.7897402048110962]],"frame_00201":[[511.4543151855469,922.447265625,580.2474365234375,947.078369140625,0.7966980934143066]],"frame_00202":[[510.9857482910156,923.0073852539062,578.6007080078125,947.5848999023438,0.8061325550079346]],"frame_00203":[[510.9052734375,923.896240234375,578.2684936523438,947.9035034179688,0.7996293902397156]],"frame_00204":[[510.6667785644531,924.5582885742188,578.5980224609375,947.9903564453125,0.7926300168037415]],"frame_00205":[[510.1431884765625,925.4691162109375,577.77783203125,948.5526123046875,0.6370065212249756]],"frame_00206":[[509.99542236328125,926.1495361328125,575.8428344726562,948.95361328125,0.7430753707885742]],"frame_00207":[[509.95770263671875,926.569580078125,575.098876953125,949.0936279296875,0.6456498503684998]],"frame_00208":[[508.89886474609375,927.1041259765625,574.6002197265625,949.557373046875,0.6443077921867371]],