{"__manifest__":{"rgb_sha256_short":"5e11ed739f7b","weights_path":"C:\\Users\\User\\Desktop\\UNISA projects\\Drone detection\\es proj 3 thesis workspace\\ES_Drone_Detection\\RGB model\\Yolo26n_retrained_v2\\weights\\best.pt","imgsz":1280},"dets":{"frame_00001":[[243.29644775390625,833.0506591796875,854.0751342773438,1353.908203125,0.6012164354324341]],"frame_00002":[[224.45428466796875,830.4349365234375,846.3056640625,1288.143798828125,0.5806643962860107]],"frame_00003":[[250.2462615966797,834.8555908203125,874.9888916015625,1296.2645263671875,0.7384185791015625],[263.4813232421875,834.5220947265625,878.572265625,1311.677001953125,0.29601630568504333]],"frame_00004":[[246.438720703125,833.9447021484375,858.42919921875,1313.032958984375,0.2661740183830261]],"frame_00005":[[240.94207763671875,830.4678955078125,865.0838623046875,1305.6488037109375,0.737320601940155]],"frame_00006":[[233.52593994140625,831.1598510742188,832.8497314453125,1369.7772216796875,0.6144787073135376]],"frame_00007":[[245.18939208984375,829.0155029296875,855.0047607421875,1362.337646484375,0.695508599281311]],"frame_00008":[[248.8446044921875,828.7487182617188,844.3225708007812,1350.474365234375,0.8093883991241455]],"frame_00028":[[240.97012329101562,816.3289794921875,820.6732177734375,1331.023193359375,0.8284640908241272]],"frame_00032":[[222.34060668945312,804.941162109375,791.37353515625,1240.726318359375,0.7155817151069641]],"frame_00033":[[228.89846801757812,803.2408447265625,734.1845703125,1081.6884765625,0.5759308934211731],[225.74237060546875,803.0337524414062,734.490966796875,1070.24169921875,0.27397552132606506]],"frame_00034":[[259.0062255859375,797.854736328125,712.80810546875,1048.7696533203125,0.8620169162750244]],"frame_00035":[[249.31297302246094,785.8282470703125,744.5526123046875,1034.136962890625,0.8734078407287598]],"frame_00036":[[290.0076904296875,783.5906982421875,732.416748046875,1019.0364990234375,0.9047666192054749]],"frame_00037":[[306.74615478515625,780.7329711914062,734.25634765625,1006.4946899414062,0.8929236531257629]],"frame_00038":[[314.5704345703125,780.9915771484375,749.88818359375,986.739013671875,0.8737971186637878]],"frame_00039":[[309.11376953125,775.948486328125,720.2285766601562,979.9998779296875,0.8960129618644714]],"frame_00040":[[305.16754150390625,769.21630859375,715.7221069335938,973.3859252929688,0.9029572010040283]],"frame_00041":[[315.4495849609375,769.887451171875,738.5718383789062,973.085693359375,0.8890712857246399]],"frame_00042":[[316.4842529296875,766.8546752929688,736.0269775390625,962.5021362304688,0.8893156051635742]],"frame_00043":[[319.2618408203125,762.4239501953125,735.4340209960938,971.6903076171875,0.8984218835830688]],"frame_00044":[[335.05767822265625,761.6533203125,743.08349609375,964.8653564453125,0.8971078395843506]],"frame_00045":[[345.1244201660156,760.007568359375,782.5870361328125,951.9063720703125,0.8526251316070557]],"frame_00046":[[349.0083923339844,762.0963134765625,795.4937744140625,947.3161010742188,0.8992524147033691]],"frame_00047":[[345.78314208984375,765.39013671875,798.6732788085938,950.1575317382812,0.909146249294281]],"frame_00048":[[352.1745300292969,769.65576171875,772.46484375,955.2617797851562,0.84398353099823]],"frame_00049":[[357.6940612792969,774.826904296875,756.5531616210938,966.8314208984375,0.8044125437736511]],"frame_00050":[[332.07672119140625,783.114990234375,785.4168701171875,964.87890625,0.9288927912712097]],"frame_00051":[[339.9586181640625,790.8088989257812,778.6552734375,967.876953125,0.9081633687019348]],"frame_00052":[[338.3182373046875,797.3131713867188,766.522705078125,970.2822265625,0.9301448464393616]],"frame_00053":[[338.0859375,803.625,770.4202880859375,977.339599609375,0.9277202486991882]],"frame_00054":[[338.12591552734375,805.2138061523438,771.94775390625,978.8614501953125,0.9223342537879944]],"frame_00055":[[358.86859130859375,812.2553100585938,779.5966796875,985.1376953125,0.9583325982093811]],"frame_00056":[[369.3816833496094,817.3591918945312,784.2945556640625,992.549072265625,0.9425005912780762]],"frame_00057":[[360.9037170410156,819.6416015625,779.692626953125,995.0595703125,0.9641616940498352]],"frame_00058":[[367.09490966796875,821.0430908203125,783.809326171875,996.958740234375,0.9509369730949402]],"frame_00059":[[365.65570068359375,821.3934326171875,780.7918701171875,995.870849609375,0.9588146209716797]],"frame_00060":[[368.635986328125,819.599853515625,779.1608276367188,995.2437744140625,0.9657643437385559]],"frame_00061":[[364.3913269042969,816.672607421875,786.7293701171875,987.3175048828125,0.9394142031669617]],"frame_00062":[[360.5548095703125,810.829345703125,788.9166259765625,979.330078125,0.9353322982788086]],"frame_00063":[[364.26220703125,806.9271240234375,781.8897705078125,972.9124145507812,0.941018283367157]],"frame_00064":[[356.1288757324219,803.1673583984375,794.4277954101562,968.5621948242188,0.9486567378044128]],"frame_00065":[[359.6595153808594,797.7945556640625,780.3636474609375,965.5723876953125,0.9332119822502136]],"frame_00066":[[360.231201171875,794.5874633789062,791.7387084960938,961.3016967773438,0.9140689373016357]],"frame_00067":[[361.9267272949219,792.3382568359375,791.977294921875,960.97998046875,0.9205777049064636]],"frame_00068":[[364.83941650390625,790.0482788085938,794.0447387695312,951.1195068359375,0.9275950789451599]],"frame_00069":[[369.0284729003906,786.581787109375,785.06494140625,951.7706909179688,0.9112716317176819]],"frame_00070":[[372.02178955078125,785.0518798828125,811.322998046875,949.3408813476562,0.7473433017730713],[372.95074462890625,785.871826171875,813.7266845703125,953.037109375,0.5624757409095764]],"frame_00071":[[383.1881103515625,784.821044921875,805.9693603515625,944.0274658203125,0.9354221820831299]],"frame_00072":[[375.46563720703125,786.5615234375,793.8352661132812,943.8704223632812,0.9146047234535217],[375.4966735839844,788.2329711914062,796.4041748046875,947.5450439453125,0.29505881667137146]],"frame_00073":[[377.46697998046875,788.8914184570312,782.4993896484375,946.45166015625,0.75665682554245],[377.794189453125,787.2938232421875,780.3953857421875,941.8767700195312,0.5038374662399292]],"frame_00074":[[388.1839599609375,786.5338134765625,840.9803466796875,952.329345703125,0.8138478398323059]],"frame_00075":[[397.17041015625,782.9735107421875,840.9054565429688,930.370361328125,0.897789716720581]],"frame_00076":[[389.2462158203125,779.0234985351562,843.1212158203125,927.615478515625,0.9101869463920593]],"frame_00077":[[394.6766357421875,773.0703735351562,842.230224609375,919.12744140625,0.8816441893577576]],"frame_00078":[[392.7862548828125,761.930908203125,852.6273193359375,912.096923828125,0.8054774403572083],[396.8402099609375,761.962646484375,845.5499267578125,911.3331298828125,0.7067368030548096]],"frame_00079":[[407.6947021484375,756.4276123046875,801.27978515625,905.06640625,0.8094670176506042]],"frame_00080":[[410.20892333984375,755.513916015625,844.624755859375,903.03173828125,0.5552650690078735]],"frame_00081":[[417.4803771972656,750.4548950195312,804.0269165039062,899.7032470703125,0.7114141583442688],[416.5673828125,751.87451171875,804.8978271484375,904.3717041015625,0.6294470429420471]],"frame_00082":[[426.9862060546875,752.0682373046875,817.825927734375,909.6983642578125,0.5567669868469238],[428.953369140625,751.2406005859375,817.3070068359375,909.6692504882812,0.5247759222984314]],"frame_00083":[[439.8072509765625,752.4368286132812,812.7144775390625,915.3513793945312,0.8693896532058716]],"frame_00084":[[441.09503173828125,755.020263671875,803.0407104492188,927.4070434570312,0.6889199614524841],[442.37921142578125,754.662353515625,804.2176513671875,925.9374389648438,0.6318994760513306]],"frame_00085":[[448.8439636230469,754.74169921875,798.9933471679688,924.9944458007812,0.7698448300361633],[447.00274658203125,754.8497314453125,797.547607421875,925.8258056640625,0.4591476321220398]],