{"__manifest__": {"weights_path": "C:\\Users\\User\\Desktop\\UNISA projects\\Drone detection\\es proj 3 thesis workspace\\ES_Drone_Detection\\RGB model\\Yolo26n_selcom_confuser_ft4_1280\\weights\\best.pt", "imgsz": 1280, "conf": 0.25}, "dets": {"frame_00001": [[455.6334228515625, 621.8877563476562, 533.9022827148438, 702.4616088867188, 0.7463483810424805]], "frame_00002": [[460.21661376953125, 655.609619140625, 556.061767578125, 737.681640625, 0.8013773560523987]], "frame_00003": [[468.1829833984375, 689.4996948242188, 557.3740234375, 767.2911987304688, 0.7341515421867371]], "frame_00004": [[461.1431579589844, 701.5199584960938, 557.89990234375, 784.4778442382812, 0.5360023379325867]], "frame_00005": [[472.28558349609375, 723.8858032226562, 578.1922607421875, 802.0325927734375, 0.6368309855461121], [552.5297241210938, 602.3764038085938, 611.626220703125, 637.4500122070312, 0.3401891887187958]], "frame_00006": [[473.871337890625, 735.5193481445312, 575.2446899414062, 815.576416015625, 0.7640194296836853]], "frame_00007": [[537.079345703125, 620.494384765625, 620.8665771484375, 675.3024291992188, 0.6808517575263977], [468.78057861328125, 762.6401977539062, 579.80126953125, 840.2539672851562, 0.6069943904876709]], "frame_00008": [[472.293212890625, 773.5081787109375, 579.5509643554688, 827.5640258789062, 0.6776247620582581], [539.849365234375, 624.51611328125, 598.8441162109375, 667.06396484375, 0.6203769445419312], [474.1471252441406, 771.8172607421875, 577.5925903320312, 827.6361083984375, 0.4484780430793762]], "frame_00009": [[477.18096923828125, 755.3531494140625, 594.1466064453125, 809.6444091796875, 0.44414812326431274]], "frame_00010": [], "frame_00011": [[447.6788635253906, 547.8118896484375, 599.2777099609375, 688.0523681640625, 0.38058388233184814]], "frame_00012": [[416.98773193359375, 487.44476318359375, 617.6829833984375, 591.1671142578125, 0.4930468201637268]], "frame_00013": [[423.356689453125, 388.4697265625, 645.96826171875, 502.81243896484375, 0.6155205965042114]], "frame_00014": [[504.072265625, 272.70037841796875, 678.3720703125, 428.101318359375, 0.4761309325695038]], "frame_00015": [[552.4349975585938, 186.78146362304688, 710.0621948242188, 344.9037780761719, 0.44176292419433594]], "frame_00016": [[571.152587890625, 129.31427001953125, 738.1693115234375, 303.9170837402344, 0.2863246202468872]], "frame_00017": [[625.0149536132812, 115.75930786132812, 773.812255859375, 279.515869140625, 0.5242185592651367]], "frame_00018": [], "frame_00019": [[690.751953125, 140.08779907226562, 855.255615234375, 326.5804138183594, 0.38327986001968384]], "frame_00020": [[738.635498046875, 189.9857177734375, 891.8048095703125, 377.3529052734375, 0.4516300857067108]], "frame_00021": [[761.6080322265625, 249.5427703857422, 908.7716674804688, 440.4994812011719, 0.5409554839134216]], "frame_00022": [[749.54638671875, 342.71673583984375, 919.7503662109375, 514.88232421875, 0.4428507387638092], [517.697021484375, 274.2148742675781, 591.7869873046875, 365.45587158203125, 0.27951839566230774]], "frame_00023": [[756.1678466796875, 416.419189453125, 913.617431640625, 599.2275390625, 0.339419960975647]], "frame_00024": [[741.7242431640625, 503.9000244140625, 895.236328125, 688.392578125, 0.4743644595146179]], "frame_00025": [[700.8107299804688, 582.36572265625, 891.8804931640625, 757.2803955078125, 0.3110818564891815]], "frame_00026": [], "frame_00027": [[686.2704467773438, 718.4456176757812, 836.496826171875, 883.5452270507812, 0.3296792507171631]], "frame_00028": [[628.346923828125, 797.4212646484375, 855.1588134765625, 964.4152221679688, 0.40133488178253174]], "frame_00029": [[622.190673828125, 877.8729858398438, 835.6027221679688, 1022.4404296875, 0.6380636096000671]], "frame_00030": [[619.260986328125, 951.026611328125, 813.3563232421875, 1081.126708984375, 0.5646821856498718]], "frame_00031": [[600.0771484375, 1009.0181884765625, 832.08544921875, 1132.483642578125, 0.7035543322563171]], "frame_00032": [[629.8826904296875, 1044.2462158203125, 850.1488037109375, 1176.8345947265625, 0.39799314737319946]], "frame_00033": [], "frame_00034": [[445.4898681640625, 1058.852783203125, 494.7920837402344, 1092.58203125, 0.7828291654586792]], "frame_00035": [[519.974365234375, 1044.3338623046875, 580.1582641601562, 1087.8990478515625, 0.7531988620758057]], "frame_00036": [[594.168701171875, 1034.8994140625, 653.976318359375, 1076.3037109375, 0.7899512648582458], [513.2918090820312, 938.7283935546875, 556.0946044921875, 964.3969116210938, 0.2977859079837799]], "frame_00037": [[637.942626953125, 1022.675048828125, 702.6407470703125, 1062.629150390625, 0.8122588396072388]], "frame_00038": [[651.2061157226562, 1011.5472412109375, 717.2096557617188, 1049.552001953125, 0.8408676981925964], [558.5548095703125, 885.2169189453125, 606.6847534179688, 916.622314453125, 0.7034430503845215]], "frame_00039": [[556.0197143554688, 852.72216796875, 625.7247314453125, 901.5935668945312, 0.7797396183013916], [639.5946044921875, 998.1124267578125, 699.7174682617188, 1043.532958984375, 0.739175021648407]], "frame_00040": [[605.353515625, 990.0737915039062, 670.7928466796875, 1045.03955078125, 0.8170058131217957], [534.7717895507812, 852.435302734375, 622.1768798828125, 888.1158447265625, 0.3316068649291992]], "frame_00041": [[552.3972778320312, 998.3424682617188, 617.25634765625, 1053.30517578125, 0.8320225477218628], [520.998046875, 817.4738159179688, 584.6856079101562, 857.7586669921875, 0.7191100120544434]], "frame_00042": [[497.0439453125, 1022.6167602539062, 567.9037475585938, 1077.9840087890625, 0.7826796770095825]], "frame_00043": [[445.0953369140625, 1060.022705078125, 524.2103271484375, 1120.5504150390625, 0.6229766011238098]], "frame_00044": [[401.9344482421875, 1114.110107421875, 484.86846923828125, 1174.1763916015625, 0.7356182336807251]], "frame_00045": [[401.1883544921875, 1168.538818359375, 478.4161376953125, 1228.041259765625, 0.5615983009338379]], "frame_00046": [[426.46295166015625, 1212.3214111328125, 509.82403564453125, 1270.073486328125, 0.4444652497768402], [378.96771240234375, 821.1608276367188, 416.39508056640625, 884.4915161132812, 0.25843918323516846]], "frame_00047": [[490.3319091796875, 1233.6614990234375, 575.9125366210938, 1291.9288330078125, 0.7627671360969543]], "frame_00048": [], "frame_00049": [], "frame_00050": [[569.3524169921875, 882.9027099609375, 644.2213134765625, 931.0402221679688, 0.5717170834541321]], "frame_00051": [[583.657958984375, 1122.4715576171875, 654.0897216796875, 1156.59619140625, 0.6276968717575073]], "frame_00052": [[572.0989990234375, 1069.4395751953125, 622.1224975585938, 1100.7904052734375, 0.5755568146705627]], "frame_00053": [[542.1405639648438, 1013.6669311523438, 591.2371826171875, 1045.92919921875, 0.6774553656578064]], "frame_00054": [], "frame_00055": [[484.2745056152344, 910.8712158203125, 529.3495483398438, 950.416259765625, 0.6692110300064087]], "frame_00056": [[484.69439697265625, 882.2345581054688, 531.6326904296875, 912.215087890625, 0.42379429936408997]], "frame_00057": [[492.638916015625, 851.355712890625, 534.9991455078125, 879.255615234375, 0.5068724751472473]], "frame_00058": [], "frame_00059": [], "frame_00060": [[499.09405517578125, 788.3959350585938, 558.8746337890625, 824.2298583984375, 0.5005766153335571]], "frame_00061": [[515.1077270507812, 764.4395751953125, 587.359130859375, 800.42041015625, 0.745449423789978]], "frame_00062": [[545.0989990234375, 745.97998046875, 621.754638671875, 794.3084106445312, 0.6841259598731995]], "frame_00064": [[639.6461181640625, 761.523681640625, 721.874755859375, 802.0218505859375, 0.7709221839904785]], "frame_00066": [[751.3917236328125, 750.2723388671875, 856.7548828125, 790.3291015625, 0.7138440012931824]], "frame_00072": [], "frame_00075": [], "frame_00077": [], "frame_00079": [], "frame_00080": [], "frame_00081": [], "frame_00082": [], "frame_00083": [], "frame_00084": [], "frame_00085": [], "frame_00086": [], "frame_00087": [], "frame_00088": [], "frame_00089": [],