{"__manifest__":{"rgb_sha256_short":"ce084f1fea1e","weights_path":"C:\\Users\\User\\Desktop\\UNISA projects\\Drone detection\\es proj 3 thesis workspace\\ES_Drone_Detection\\runs\\corrective_finetune\\finetune_v3b\\weights\\best.pt","imgsz":640},"dets":{"frame_00001":[],"frame_00002":[[953.7918701171875,376.8492431640625,1043.249755859375,458.8978271484375,0.4737528860569]],"frame_00003":[],"frame_00004":[],"frame_00005":[],"frame_00006":[],"frame_00007":[],"frame_00008":[],"frame_00009":[],"frame_00010":[],"frame_00011":[],"frame_00012":[],"frame_00013":[[1212.4293212890625,330.6558532714844,1480.4130859375,487.39617919921875,0.7868103981018066]],"frame_00014":[[1356.53466796875,332.1797790527344,1615.98779296875,491.3112487792969,0.7328010201454163]],"frame_00015":[[1470.108154296875,329.7503356933594,1750.52490234375,503.39312744140625,0.5983197689056396]],"frame_00016":[[1034.0589599609375,359.04864501953125,1357.5703125,541.2723999023438,0.8507006168365479]],"frame_00017":[],"frame_00018":[],"frame_00019":[],"frame_00020":[],"frame_00021":[],"frame_00022":[],"frame_00023":[],"frame_00024":[],"frame_00025":[],"frame_00026":[],"frame_00027":[],"frame_00028":[],"frame_00029":[],"frame_00030":[],"frame_00031":[],"frame_00032":[],"frame_00033":[[145.37979125976562,298.52203369140625,1574.06201171875,1080.0,0.5517093539237976]],"frame_00034":[[2.4649658203125,80.29110717773438,1579.296875,1080.0,0.655432403087616]],"frame_00035":[],"frame_00036":[[717.6074829101562,149.8582763671875,1525.671142578125,1036.9765625,0.5042944550514221]],"frame_00037":[],"frame_00038":[],"frame_00039":[],"frame_00040":[],"frame_00041":[],"frame_00042":[],"frame_00043":[],"frame_00044":[],"frame_00045":[],"frame_00046":[],"frame_00047":[],"frame_00048":[],"frame_00049":[],"frame_00050":[],"frame_00051":[],"frame_00052":[],"frame_00053":[],"frame_00054":[[836.51611328125,1001.9141845703125,926.319091796875,1046.3919677734375,0.7015695571899414]],"frame_00055":[[828.776123046875,999.016845703125,923.733642578125,1056.3475341796875,0.8456070423126221]],"frame_00056":[[783.6611938476562,950.5501708984375,897.2244873046875,1030.48486328125,0.8926893472671509]],"frame_00057":[[727.7117919921875,883.5887451171875,870.3916015625,997.9319458007812,0.5994799733161926]],"frame_00058":[[522.786865234375,751.6397094726562,741.3236694335938,922.263427734375,0.904636561870575]],"frame_00059":[[272.072998046875,475.8216247558594,603.0313720703125,735.7644653320312,0.9232487082481384]],"frame_00060":[[369.39141845703125,53.23136901855469,852.661376953125,504.0430908203125,0.5543060302734375]],"frame_00061":[[886.0907592773438,122.25526428222656,1215.0048828125,473.704833984375,0.8021562695503235]],"frame_00062":[[1368.7802734375,466.8125,1610.7828369140625,674.4830322265625,0.8883286118507385]],"frame_00063":[],"frame_00064":[[1794.75146484375,965.4459228515625,1912.0330810546875,1057.3408203125,0.8815304636955261]],"frame_00065":[],"frame_00066":[],"frame_00067":[],"frame_00068":[],"frame_00069":[],"frame_00070":[],"frame_00071":[],"frame_00072":[],"frame_00073":[],"frame_00074":[],"frame_00075":[],"frame_00076":[],"frame_00077":[],"frame_00078":[],"frame_00079":[],"frame_00080":[],"frame_00081":[[542.507568359375,393.0438232421875,1423.584716796875,807.7589721679688,0.8044877648353577]],"frame_00082":[[175.1348876953125,0.0,1815.4873046875,881.1348876953125,0.8177990317344666]],"frame_00083":[],"frame_00084":[],"frame_00085":[],"frame_00086":[],"frame_00087":[],"frame_00088":[],"frame_00089":[],"frame_00090":[],"frame_00091":[],"frame_00092":[],"frame_00093":[],"frame_00094":[],"frame_00095":[],"frame_00096":[],"frame_00097":[],"frame_00098":[],"frame_00099":[],"frame_00100":[],"frame_00101":[],"frame_00102":[],"frame_00103":[],"frame_00104":[],"frame_00105":[],"frame_00106":[],"frame_00107":[],"frame_00108":[],"frame_00109":[],"frame_00110":[],"frame_00111":[],"frame_00112":[],"frame_00113":[],"frame_00114":[],"frame_00115":[],"frame_00116":[],"frame_00117":[],"frame_00118":[],"frame_00119":[],"frame_00120":[],"frame_00121":[],"frame_00122":[],"frame_00123":[],"frame_00124":[],"frame_00125":[],"frame_00126":[],"frame_00127":[],"frame_00128":[],"frame_00129":[],"frame_00130":[],"frame_00131":[],"frame_00132":[],"frame_00133":[],"frame_00134":[],"frame_00135":[],"frame_00136":[],"frame_00137":[],"frame_00138":[],"frame_00139":[],"frame_00140":[],"frame_00141":[],"frame_00142":[[789.42041015625,585.9890747070312,882.0551147460938,677.136962890625,0.7502941489219666]],"frame_00143":[],"frame_00144":[],"frame_00145":[[836.4385986328125,54.404052734375,972.59423828125,172.3065948486328,0.8388187885284424]],"frame_00146":[[927.4649047851562,0.0,1066.2344970703125,123.763916015625,0.8632420301437378]],"frame_00147":[[1051.2496337890625,119.44418334960938,1164.0926513671875,216.86000061035156,0.9035343527793884]],"frame_00148":[[1154.539794921875,279.4282531738281,1241.545654296875,355.991943359375,0.8924926519393921]],"frame_00149":[[1192.515380859375,438.8868713378906,1258.989013671875,501.07403564453125,0.8982663154602051]],"frame_00150":[[1171.323486328125,580.32177734375,1229.34521484375,635.3760986328125,0.8812052011489868]],"frame_00151":[[1144.21337890625,700.3182373046875,1192.804931640625,741.952392578125,0.8603573441505432]],"frame_00152":[[1174.8712158203125,789.451416015625,1219.1712646484375,825.8719482421875,0.8476848006248474]],"frame_00153":[[1224.140869140625,861.9892578125,1264.390869140625,891.601318359375,0.8223581910133362]],"frame_00154":[[1273.54541015625,924.755126953125,1306.6212158203125,951.1092529296875,0.8301176428794861]],"frame_00155":[[1310.89501953125,978.9637451171875,1341.8360595703125,1000.1651000976562,0.7763394117355347]],"frame_00156":[],"frame_00157":[],"frame_00158":[[247.91116333007812,0.0,1778.9130859375,320.7496032714844,0.5561253428459167]],"frame_00159":[],"frame_00160":[],"frame_00161":[],"frame_00162":[],"frame_00163":[],"frame_00164":[],"frame_00165":[],"frame_00166":[],"frame_00167":[],"frame_00168":[],"frame_00169":[],"frame_00170":[],"frame_00171":[[948.2876586914062,548.6849365234375,1226.48779296875,662.7237548828125,0.690148651599884]],"frame_00172":[],"frame_00173":[[959.841796875,556.696533203125,1301.3724365234375,668.4681396484375,0.42325758934020996]],"frame_00174":[],"frame_00175":[],"frame_00176":[],"frame_00177":[[895.9063110351562,552.0701904296875,1260.3271484375,692.8223266601562,0.728198766708374]],"frame_00178":[[976.2821044921875,358.28472900390625,1374.854736328125,505.45648193359375,0.6335586309432983]],"frame_00179":[],"frame_00180":[[653.8449096679688,382.4808349609375,1058.0921630859375,552.0823364257812,0.7038876414299011]],"frame_00181":[[472.4248046875,327.3553466796875,900.9747314453125,495.44427490234375,0.826291024684906]],"frame_00182":[],"frame_00183":[],"frame_00184":[],"frame_00185":[],"frame_00186":[[1028.6741943359375,666.5191040039062,1077.4656982421875,696.2398681640625,0.5876185297966003]],"frame_00187":[],"frame_00188":[[996.51904296875,582.0721435546875,1064.2718505859375,626.6730346679688,0.4517376720905304]],"frame_00189":[],"frame_00190":[[957.3279418945312,406.85064697265625,1043.6201171875,479.8671875,0.7649751305580139]],"frame_00191":[[926.805419921875,332.2216796875,1039.692138671875,429.5965576171875,0.7019513845443726]],"frame_00192":[],"frame_00193":[],"frame_00194":[],"frame_00195":[],"frame_00196":[],"frame_00197":[],"frame_00198":[],"frame_00199":[],"frame_00200":[],"frame_00201":[],"frame_00202":[],"frame_00203":[],"frame_00204":[],"frame_00205":[],"frame_00206":[],"frame_00207":[],"frame_00208":[],"frame_00209":[],"frame_00210":[],"frame_00211":[],"frame_00212":[],"frame_00213":[[1281.115478515625,595.2742919921875,1397.7803955078125,652.3291015625,0.49709832668304443]],"frame_00214":[[1314.942626953125,549.6558837890625,1411.876708984375,602.8873291015625,0.8674717545509338]],"frame_00215":[[1213.309814453125,509.8599853515625,1325.873779296875,564.7658081054688,0.8509721159934998]],