{"__manifest__": {"weights_path": "C:\\Users\\User\\Desktop\\UNISA projects\\Drone detection\\es proj 3 thesis workspace\\ES_Drone_Detection\\RGB model\\Yolo26n_selcom_confuser_ft4_1280\\weights\\best.pt", "imgsz": 1280, "conf": 0.25}, "dets": {"frame_00001": [], "frame_00002": [], "frame_00003": [], "frame_00004": [], "frame_00005": [[388.59466552734375, 273.4051818847656, 437.3858642578125, 308.43963623046875, 0.3293713927268982]], "frame_00006": [], "frame_00007": [], "frame_00008": [[1152.7100830078125, 192.9495849609375, 1223.886962890625, 238.24708557128906, 0.5107510089874268]], "frame_00009": [], "frame_00010": [], "frame_00011": [[794.8970947265625, 44.43115234375, 839.0315551757812, 94.0232162475586, 0.3927523195743561]], "frame_00012": [[200.09210205078125, 700.4896850585938, 225.04202270507812, 714.04638671875, 0.39987561106681824]], "frame_00013": [[1057.53759765625, 178.02499389648438, 1101.705810546875, 196.28863525390625, 0.503828227519989], [781.3115234375, 37.34205627441406, 826.3687133789062, 93.81304931640625, 0.3540762662887573]], "frame_00014": [[1112.46630859375, 226.01119995117188, 1158.4774169921875, 246.17794799804688, 0.6149711012840271]], "frame_00015": [[605.4859619140625, 227.9832763671875, 634.352783203125, 243.64321899414062, 0.47878706455230713], [901.4811401367188, 48.5328254699707, 949.270751953125, 91.67987060546875, 0.3695950210094452]], "frame_00016": [[1578.0947265625, 57.21417999267578, 1621.0828857421875, 93.47211456298828, 0.48067063093185425]], "frame_00017": [[740.4945068359375, 277.0108642578125, 777.0521240234375, 303.447509765625, 0.6830694675445557], [1454.3056640625, 222.45068359375, 1491.0501708984375, 253.30706787109375, 0.32735511660575867]], "frame_00018": [], "frame_00019": [], "frame_00020": [[1443.50830078125, 362.0779724121094, 1487.2813720703125, 384.41900634765625, 0.44312167167663574]]}}