{"__manifest__":{"rgb_sha256_short":"5e11ed739f7b","weights_path":"C:\\Users\\User\\Desktop\\UNISA projects\\Drone detection\\es proj 3 thesis workspace\\ES_Drone_Detection\\RGB model\\Yolo26n_retrained_v2\\weights\\best.pt","imgsz":1280},"dets":{"frame_00001":[[304.79840087890625,1140.4556884765625,350.2117919921875,1181.523193359375,0.7872825264930725],[257.7279052734375,1120.2630615234375,309.3419494628906,1162.6729736328125,0.7425582408905029]],"frame_00002":[],"frame_00003":[],"frame_00004":[],"frame_00005":[],"frame_00006":[[905.6639404296875,1796.76416015625,929.2060546875,1825.198486328125,0.6140131950378418]],"frame_00007":[],"frame_00008":[],"frame_00009":[],"frame_00010":[],"frame_00011":[],"frame_00012":[],"frame_00013":[],"frame_00014":[],"frame_00015":[[760.511474609375,1726.4571533203125,796.3705444335938,1761.0498046875,0.7447117567062378]],"frame_00016":[],"frame_00017":[],"frame_00018":[],"frame_00019":[],"frame_00020":[]}}