{"__manifest__":{"rgb_sha256_short":"5e11ed739f7b","weights_path":"C:\\Users\\User\\Desktop\\UNISA projects\\Drone detection\\es proj 3 thesis workspace\\ES_Drone_Detection\\RGB model\\Yolo26n_retrained_v2\\weights\\best.pt","imgsz":1280},"dets":{"frame_00057":[],"frame_00058":[],"frame_00059":[],"frame_00060":[],"frame_00061":[],"frame_00062":[],"frame_00102":[],"frame_00104":[],"frame_00105":[[546.6329956054688,822.9182739257812,833.281494140625,1000.2076416015625,0.3840737044811249]],"frame_00106":[],"frame_00107":[[530.042236328125,755.8199462890625,1021.7125854492188,934.2467041015625,0.6198070645332336]],"frame_00108":[[528.67919921875,713.4619750976562,1020.6773071289062,899.2582397460938,0.6411211490631104]],"frame_00109":[],"frame_00110":[[527.9259033203125,637.1179809570312,1000.1511840820312,845.8182373046875,0.6931725740432739]],"frame_00111":[[520.078369140625,597.624267578125,986.448974609375,812.01318359375,0.8258697986602783]],"frame_00112":[[524.0471801757812,560.8441162109375,994.1993408203125,782.0013427734375,0.8552883863449097]],"frame_00113":[[522.8316650390625,518.4485473632812,999.6187133789062,758.0699462890625,0.8132064342498779]],"frame_00114":[],"frame_00115":[[523.0379638671875,456.1185607910156,950.2464599609375,713.6643676757812,0.48199835419654846]],"frame_00116":[[523.6766357421875,437.73193359375,930.14208984375,697.013916015625,0.501185417175293]],"frame_00117":[[523.4525146484375,406.97625732421875,975.104736328125,683.1351928710938,0.658550500869751]],"frame_00118":[],"frame_00119":[],"frame_00120":[],"frame_00121":[],"frame_00122":[],"frame_00123":[],"frame_00124":[],"frame_00125":[[519.5509033203125,423.620849609375,972.4227905273438,691.265380859375,0.296432226896286]],"frame_00126":[],"frame_00127":[],"frame_00128":[],"frame_00129":[],"frame_00130":[],"frame_00131":[],"frame_00132":[[492.385986328125,453.6390380859375,936.6432495117188,712.3922119140625,0.5192691087722778]],"frame_00133":[],"frame_00134":[],"frame_00135":[[476.1722717285156,458.3751525878906,903.6586303710938,719.0736083984375,0.5206151008605957]],"frame_00136":[[473.5997314453125,468.25732421875,892.6043701171875,721.6861572265625,0.42511674761772156]],"frame_00137":[[473.33734130859375,482.6838684082031,871.471435546875,727.45556640625,0.4530017673969269]],"frame_00138":[[470.66070556640625,495.5387878417969,861.1536865234375,732.1085205078125,0.6864054799079895]],"frame_00139":[[465.40924072265625,513.7627563476562,843.4676513671875,738.0014038085938,0.9009875059127808]],"frame_00140":[[462.49530029296875,529.7484130859375,829.2198486328125,746.046875,0.6890416741371155]],"frame_00141":[[457.317138671875,544.8768310546875,814.8074951171875,751.9765014648438,0.5063859224319458]],"frame_00142":[[464.22576904296875,559.986083984375,794.3988647460938,758.7931518554688,0.8447240591049194]],"frame_00143":[[463.5625305175781,579.0535888671875,779.0538940429688,766.5283813476562,0.7648698687553406]],"frame_00144":[[460.19439697265625,591.37109375,764.1331787109375,772.665771484375,0.2814086675643921]],"frame_00145":[],"frame_00146":[[467.31353759765625,629.6596069335938,732.7310791015625,795.8820190429688,0.7848515510559082]],"frame_00147":[[464.3218994140625,651.3800659179688,721.7056884765625,802.447265625,0.8444410562515259]],"frame_00148":[[466.41668701171875,669.075439453125,709.7346801757812,808.1971435546875,0.44818276166915894]],"frame_00149":[[464.2913818359375,686.1988525390625,699.5889892578125,816.9102172851562,0.8022825121879578]],"frame_00150":[[465.0973205566406,701.8493041992188,687.5294189453125,824.6669311523438,0.8000927567481995]],"frame_00151":[[468.3687744140625,716.6844482421875,680.7800903320312,829.4639282226562,0.8769495487213135]],"frame_00152":[[470.68463134765625,729.5778198242188,671.2821044921875,840.9593505859375,0.6338319182395935]],"frame_00153":[[472.111328125,742.6609497070312,665.5839233398438,846.31396484375,0.8125690221786499]],"frame_00154":[[473.30499267578125,753.5375366210938,659.9066772460938,853.6027221679688,0.8528791666030884]],"frame_00155":[[474.47198486328125,764.23193359375,653.6527099609375,858.7230834960938,0.8660147786140442]],"frame_00156":[[474.9115905761719,775.1116333007812,648.9721069335938,863.6709594726562,0.8781836032867432]],"frame_00157":[[474.88970947265625,785.0697021484375,643.417236328125,868.6561279296875,0.8882456421852112]],"frame_00158":[[476.0175476074219,792.0701293945312,640.3754272460938,873.8391723632812,0.8997199535369873]],"frame_00159":[[474.26690673828125,802.7286376953125,637.2132568359375,878.313232421875,0.9098845720291138]],"frame_00160":[[478.64642333984375,811.1829833984375,638.6307373046875,882.8816528320312,0.8794053196907043]],"frame_00161":[[479.71441650390625,818.3880615234375,629.4276123046875,887.1019287109375,0.8990598917007446]],"frame_00162":[[478.01495361328125,825.3038330078125,624.992919921875,891.5811767578125,0.9061478972434998]],"frame_00163":[[479.38165283203125,831.7498779296875,622.325927734375,896.3837890625,0.9077392220497131]],"frame_00164":[[481.8706970214844,836.0855712890625,615.1456298828125,899.1611938476562,0.9049593806266785]],"frame_00165":[[482.3213195800781,842.6160278320312,612.8404541015625,901.7158813476562,0.8812514543533325]],"frame_00166":[[483.744140625,849.1049194335938,612.787109375,904.5833129882812,0.8878011107444763]],"frame_00167":[[484.91302490234375,853.0953369140625,609.197021484375,906.893310546875,0.8825975656509399]],"frame_00168":[[478.9853210449219,856.3636474609375,608.871337890625,908.57958984375,0.8574768900871277]],"frame_00169":[[487.13861083984375,860.6427612304688,606.1286010742188,911.697265625,0.7820028066635132]],"frame_00170":[],"frame_00171":[[491.2412109375,867.4478759765625,603.5757446289062,915.1859130859375,0.2945714592933655],[490.75238037109375,867.6981811523438,604.054443359375,914.7233276367188,0.2811369299888611]],"frame_00172":[[493.6376953125,873.380859375,601.18798828125,916.9302978515625,0.6695034503936768]],"frame_00173":[[493.04107666015625,875.6788330078125,604.3167724609375,921.24169921875,0.7826859951019287]],"frame_00174":[[495.14862060546875,878.8934326171875,602.1484375,922.9942016601562,0.8346441984176636]],"frame_00175":[[497.34814453125,882.4571533203125,603.21435546875,925.0673217773438,0.7992807626724243]],"frame_00176":[[497.155029296875,884.70361328125,602.490478515625,926.5772094726562,0.7676840424537659]],"frame_00177":[[497.3302917480469,887.1604614257812,599.9571533203125,928.474365234375,0.8153164982795715]],"frame_00178":[[499.703369140625,890.270263671875,600.060546875,931.023681640625,0.8346250057220459]],"frame_00179":[[496.3215637207031,890.8292236328125,599.6642456054688,932.521484375,0.8050981760025024]],"frame_00180":[[501.03094482421875,893.7884521484375,595.6656494140625,933.5462036132812,0.7539066076278687]],"frame_00181":[[502.67791748046875,896.673828125,594.970947265625,933.9402465820312,0.7525923252105713]],"frame_00182":[[503.15594482421875,897.796142578125,595.7935791015625,935.9807739257812,0.753518283367157]],"frame_00183":[[504.5490417480469,899.5394897460938,595.7755737304688,937.7047119140625,0.7481012940406799]],"frame_00184":[[506.21453857421875,902.0919799804688,594.3217163085938,939.019287109375,0.7744423747062683]],"frame_00185":[[506.59466552734375,902.7506103515625,595.89990234375,940.2159423828125,0.7629987597465515]],"frame_00186":[[509.60357666015625,904.69287109375,594.2321166992188,942.3319702148438,0.4309191405773163]],"frame_00187":[[510.8022766113281,905.203125,594.6868896484375,943.704345703125,0.7799192667007446]],"frame_00188":[[511.8619384765625,906.4172973632812,594.5859375,944.1611938476562,0.8061605095863342]],"frame_00189":[[509.6527404785156,907.3037109375,594.5755004882812,944.9632568359375,0.8032640218734741]],"frame_00190":[[508.732666015625,908.389404296875,594.1528930664062,945.4234619140625,0.8028539419174194]],