{"__manifest__":{"rgb_sha256_short":"ce084f1fea1e","weights_path":"C:\\Users\\User\\Desktop\\UNISA projects\\Drone detection\\es proj 3 thesis workspace\\ES_Drone_Detection\\runs\\corrective_finetune\\finetune_v3b\\weights\\best.pt","imgsz":640},"dets":{"frame_00001":[],"frame_00002":[],"frame_00003":[],"frame_00004":[],"frame_00005":[],"frame_00006":[],"frame_00007":[],"frame_00008":[],"frame_00009":[],"frame_00010":[],"frame_00011":[],"frame_00012":[],"frame_00013":[],"frame_00014":[],"frame_00015":[],"frame_00016":[],"frame_00017":[],"frame_00018":[],"frame_00019":[],"frame_00020":[],"frame_00021":[],"frame_00022":[],"frame_00023":[],"frame_00024":[],"frame_00025":[],"frame_00026":[],"frame_00027":[],"frame_00028":[],"frame_00029":[],"frame_00030":[],"frame_00031":[],"frame_00032":[],"frame_00033":[],"frame_00034":[],"frame_00035":[],"frame_00036":[],"frame_00037":[],"frame_00038":[],"frame_00039":[],"frame_00040":[],"frame_00041":[],"frame_00042":[],"frame_00043":[],"frame_00044":[],"frame_00045":[],"frame_00046":[],"frame_00047":[],"frame_00048":[],"frame_00049":[],"frame_00050":[],"frame_00051":[],"frame_00052":[],"frame_00053":[],"frame_00054":[],"frame_00055":[],"frame_00056":[],"frame_00057":[],"frame_00058":[],"frame_00059":[],"frame_00060":[],"frame_00061":[],"frame_00062":[],"frame_00063":[],"frame_00064":[],"frame_00065":[],"frame_00066":[],"frame_00067":[[270.2135009765625,48.807586669921875,1472.3614501953125,1042.7281494140625,0.4432717263698578]],"frame_00068":[],"frame_00069":[[240.4515380859375,91.79228210449219,1437.56787109375,1080.0,0.8341919779777527]],"frame_00070":[[352.2220458984375,60.54583740234375,1381.711181640625,1049.919921875,0.42810168862342834]],"frame_00071":[[363.20367431640625,110.68052673339844,1361.99951171875,1043.62841796875,0.8388680219650269]],"frame_00072":[],"frame_00073":[],"frame_00074":[],"frame_00075":[],"frame_00076":[],"frame_00077":[],"frame_00078":[],"frame_00079":[[442.7337646484375,59.353729248046875,1491.8994140625,1079.560302734375,0.47299131751060486]],"frame_00080":[],"frame_00081":[],"frame_00082":[],"frame_00083":[[380.15301513671875,93.19947052001953,1412.610107421875,673.10791015625,0.6202717423439026]],"frame_00084":[[484.0553283691406,88.54554748535156,1433.664794921875,626.1837768554688,0.4519844055175781]],"frame_00085":[],"frame_00086":[[589.12109375,153.4844970703125,1408.835693359375,698.436279296875,0.7840431928634644]],"frame_00087":[],"frame_00088":[],"frame_00089":[],"frame_00090":[],"frame_00091":[],"frame_00092":[],"frame_00093":[],"frame_00094":[],"frame_00095":[],"frame_00096":[],"frame_00097":[],"frame_00098":[],"frame_00099":[],"frame_00100":[],"frame_00101":[],"frame_00102":[],"frame_00103":[],"frame_00104":[],"frame_00105":[],"frame_00106":[],"frame_00107":[],"frame_00108":[],"frame_00109":[],"frame_00110":[],"frame_00111":[],"frame_00112":[],"frame_00113":[],"frame_00114":[],"frame_00115":[],"frame_00116":[],"frame_00117":[],"frame_00118":[],"frame_00119":[],"frame_00120":[],"frame_00121":[[163.24456787109375,77.68638610839844,1694.546142578125,933.380859375,0.44387486577033997]],"frame_00122":[],"frame_00123":[],"frame_00124":[],"frame_00125":[],"frame_00126":[],"frame_00127":[],"frame_00128":[],"frame_00129":[[176.34686279296875,173.49462890625,1504.747802734375,811.692626953125,0.4586428105831146]],"frame_00130":[],"frame_00131":[],"frame_00132":[],"frame_00133":[],"frame_00134":[],"frame_00135":[],"frame_00136":[],"frame_00137":[],"frame_00138":[],"frame_00139":[],"frame_00140":[],"frame_00141":[],"frame_00142":[],"frame_00143":[],"frame_00144":[],"frame_00145":[],"frame_00146":[],"frame_00147":[],"frame_00148":[],"frame_00149":[],"frame_00150":[],"frame_00151":[],"frame_00152":[],"frame_00153":[],"frame_00154":[],"frame_00155":[],"frame_00156":[],"frame_00157":[],"frame_00158":[],"frame_00159":[],"frame_00160":[],"frame_00161":[],"frame_00162":[],"frame_00163":[],"frame_00164":[],"frame_00165":[],"frame_00166":[],"frame_00167":[],"frame_00168":[],"frame_00169":[],"frame_00170":[],"frame_00171":[],"frame_00172":[[105.11068725585938,371.54754638671875,1055.0682373046875,736.9663696289062,0.603293240070343]],"frame_00173":[],"frame_00174":[],"frame_00175":[],"frame_00176":[],"frame_00177":[],"frame_00178":[],"frame_00179":[],"frame_00180":[],"frame_00181":[],"frame_00182":[],"frame_00183":[],"frame_00184":[],"frame_00185":[[668.3023681640625,678.188720703125,710.153564453125,701.7744140625,0.4550039768218994]],"frame_00186":[[38.114234924316406,476.9288330078125,94.6997299194336,501.3825988769531,0.7386854290962219]],"frame_00187":[[704.9197387695312,575.1788940429688,747.4898681640625,596.4873657226562,0.5528236031532288]],"frame_00188":[],"frame_00189":[[1599.796875,198.46856689453125,1637.9600830078125,219.6966552734375,0.5753057599067688],[816.203369140625,271.75494384765625,944.2093505859375,349.8956298828125,0.48931118845939636]],"frame_00190":[],"frame_00191":[],"frame_00192":[],"frame_00193":[[124.23882293701172,406.20025634765625,169.2008514404297,430.19891357421875,0.7289555668830872]],"frame_00194":[[22.3692684173584,371.936767578125,63.053565979003906,394.43060302734375,0.6334677338600159]],"frame_00195":[],"frame_00196":[],"frame_00197":[],"frame_00198":[],"frame_00199":[],"frame_00200":[],"frame_00201":[],"frame_00202":[],"frame_00203":[],"frame_00204":[],"frame_00205":[],"frame_00206":[],"frame_00207":[],"frame_00208":[],"frame_00209":[],"frame_00210":[],"frame_00211":[],"frame_00212":[],"frame_00213":[],"frame_00214":[],"frame_00215":[],"frame_00216":[],"frame_00217":[],"frame_00218":[],"frame_00219":[],"frame_00220":[],"frame_00221":[],"frame_00222":[],"frame_00223":[],"frame_00224":[],"frame_00225":[],"frame_00226":[],"frame_00227":[],"frame_00228":[],"frame_00229":[],"frame_00230":[],"frame_00231":[],"frame_00232":[],"frame_00233":[],"frame_00234":[],"frame_00235":[[251.628662109375,101.17822265625,1285.140380859375,829.227294921875,0.7716791033744812]],"frame_00236":[],"frame_00237":[],"frame_00238":[],"frame_00239":[],"frame_00240":[],"frame_00241":[],"frame_00242":[],"frame_00243":[],"frame_00244":[],"frame_00245":[],"frame_00246":[],"frame_00247":[],"frame_00248":[],"frame_00249":[],"frame_00250":[],"frame_00251":[],"frame_00252":[],"frame_00253":[],"frame_00254":[],"frame_00255":[],"frame_00256":[],"frame_00257":[],"frame_00258":[],"frame_00259":[],"frame_00260":[],"frame_00261":[],"frame_00262":[],"frame_00263":[],"frame_00264":[],"frame_00265":[],"frame_00266":[],"frame_00267":[],"frame_00268":[],"frame_00269":[],"frame_00270":[],"frame_00271":[],"frame_00272":[],"frame_00273":[],"frame_00274":[],"frame_00275":[],"frame_00276":[],"frame_00277":[],"frame_00278":[],"frame_00279":[],"frame_00280":[],"frame_00281":[],"frame_00282":[],"frame_00283":[],"frame_00284":[],"frame_00285":[],"frame_00286":[],"frame_00287":[],"frame_00288":[],"frame_00289":[],"frame_00290":[],"frame_00291":[],"frame_00292":[],"frame_00293":[],"frame_00294":[],"frame_00295":[],"frame_00296":[],"frame_00297":[],"frame_00298":[],"frame_00299":[],"frame_00300":[],"frame_00301":[],"frame_00302":[],"frame_00303":[],"frame_00304":[],"frame_00305":[],"frame_00306":[],"frame_00307":[],"frame_00308":[],"frame_00309":[],"frame_00310":[],"frame_00311":[],"frame_00312":[],"frame_00313":[],"frame_00314":[],"frame_00315":[],"frame_00316":[],"frame_00317":[],"frame_00318":[],"frame_00319":[],"frame_00320":[],"frame_00321":[],"frame_00322":[],"frame_00323":[],"frame_00324":[],"frame_00325":[],"frame_00326":[],"frame_00327":[],"frame_00328":[],"frame_00329":[],"frame_00330":[],"frame_00331":[],"frame_00332":[],"frame_00333":[],"frame_00334":[],"frame_00335":[[681.7161865234375,343.73211669921875,1503.779052734375,816.9124145507812,0.48486238718032837]],"frame_00336":[[776.7093505859375,352.2442626953125,1395.876708984375,754.5615234375,0.680724561214447]],"frame_00337":[[538.3431396484375,112.45944213867188,1433.252685546875,902.412353515625,0.598854124546051]],"frame_00338":[],