{"__manifest__":{"rgb_sha256_short":"6fd55349ad9d","weights_path":"C:\\Users\\User\\Desktop\\UNISA projects\\Drone detection\\es proj 3 thesis workspace\\ES_Drone_Detection\\RGB model\\Yolo26n_selcom_mixed_ft2_1280\\weights\\best.pt","imgsz":1280},"dets":{"frame_00001":[],"frame_00230":[],"frame_00231":[],"frame_00232":[],"frame_00233":[],"frame_00234":[],"frame_00235":[],"frame_00236":[],"frame_00237":[[264.8247375488281,741.3033447265625,658.4700927734375,974.4863891601562,0.41912487149238586]],"frame_00238":[[285.7698974609375,723.228515625,666.6529541015625,935.202392578125,0.4616294205188751]],"frame_00239":[],"frame_00240":[[253.5672607421875,675.865234375,720.1726684570312,897.6962890625,0.662225604057312]],"frame_00241":[[256.2677001953125,641.9078369140625,757.5355224609375,874.8609619140625,0.7523819208145142]],"frame_00242":[[253.57037353515625,622.46337890625,791.8251342773438,838.1834716796875,0.6944943070411682]],"frame_00243":[[252.6837615966797,578.9349975585938,879.7667236328125,826.6887817382812,0.567952036857605],[244.61563110351562,564.3048706054688,874.8890991210938,811.7913818359375,0.518782913684845]],"frame_00244":[[199.22256469726562,571.6859130859375,898.46630859375,775.1981201171875,0.7156525254249573]],"frame_00245":[[206.6693572998047,548.9600219726562,959.5592041015625,751.5086669921875,0.7061806321144104]],"frame_00246":[[195.81243896484375,542.13134765625,947.086181640625,771.0437622070312,0.6215161085128784],[161.27664184570312,535.3291015625,943.11865234375,747.8359375,0.47062113881111145]],"frame_00247":[[221.68084716796875,532.799072265625,858.9629516601562,707.7513427734375,0.5281854867935181],[227.38787841796875,531.9530029296875,862.6717529296875,711.1100463867188,0.28827765583992004]],"frame_00248":[[210.5286865234375,533.261474609375,864.858154296875,702.4332885742188,0.6776174306869507]],"frame_00249":[[185.10470581054688,531.2407836914062,905.2106323242188,690.4859619140625,0.6701337695121765]],"frame_00250":[[321.66973876953125,527.0906982421875,899.210693359375,682.5338134765625,0.5511341094970703]],"frame_00251":[[179.76791381835938,498.1505126953125,888.2975463867188,673.616455078125,0.6668723225593567]],"frame_00252":[[256.2703552246094,498.32904052734375,899.9197998046875,672.8440551757812,0.7639363408088684]],"frame_00253":[[226.80667114257812,501.3543701171875,935.03466796875,674.1221313476562,0.6828835010528564],[237.8524932861328,499.28277587890625,908.8991088867188,671.5274047851562,0.4734346270561218]],"frame_00254":[[322.86572265625,508.3699035644531,886.134521484375,677.114013671875,0.8524858951568604]],"frame_00255":[[244.8844757080078,513.1326293945312,897.2415161132812,678.0079956054688,0.5408018827438354],[252.1761016845703,512.734375,898.3617553710938,677.4354248046875,0.5109605193138123]],"frame_00256":[[232.57003784179688,529.7682495117188,894.4659423828125,686.8643188476562,0.6599171757698059]],"frame_00257":[[299.17401123046875,529.3145141601562,862.86572265625,690.1939697265625,0.6583948731422424]],"frame_00258":[[334.10748291015625,528.9876708984375,926.894775390625,694.0957641601562,0.4058501720428467]],"frame_00259":[[274.1336364746094,540.7955322265625,891.2964477539062,708.3404541015625,0.5788894891738892]],"frame_00260":[[339.8973388671875,554.8023681640625,859.66650390625,719.8397216796875,0.7512526512145996]],"frame_00261":[[283.54705810546875,563.24462890625,925.53271484375,724.1982421875,0.5897547602653503],[296.3665466308594,562.5859375,894.693359375,723.724609375,0.5009802579879761],[286.74139404296875,575.9583129882812,936.8265380859375,723.325927734375,0.2602578103542328]],"frame_00262":[[348.2261657714844,577.6216430664062,854.8800659179688,725.17919921875,0.6215512156486511]],"frame_00263":[[304.03887939453125,577.7147827148438,871.5111083984375,729.2166748046875,0.45298299193382263]],"frame_00264":[[345.61322021484375,575.8331298828125,839.9595947265625,733.8572387695312,0.6635980606079102]],"frame_00265":[[320.810791015625,581.106689453125,876.673583984375,734.8141479492188,0.5796999335289001]],"frame_00266":[],"frame_00267":[[301.9448547363281,597.9024047851562,830.9672241210938,739.599853515625,0.7227344512939453]],"frame_00268":[[256.73431396484375,601.9389038085938,860.60693359375,740.0720825195312,0.6503044962882996]],"frame_00269":[[266.48651123046875,601.3589477539062,812.5563354492188,741.5581665039062,0.6082813143730164]],"frame_00270":[[265.75396728515625,605.6402587890625,835.3203735351562,747.3682861328125,0.476601779460907]],"frame_00271":[[288.6303405761719,607.8865356445312,808.9193115234375,747.92138671875,0.45598429441452026],[293.45697021484375,605.6875,797.520263671875,747.1593017578125,0.2802032232284546]],"frame_00272":[[300.40692138671875,609.5302124023438,854.74072265625,749.7991333007812,0.7735289931297302]],"frame_00273":[[304.9696044921875,610.05126953125,801.689697265625,750.0308227539062,0.8152003288269043]],"frame_00274":[[343.4047546386719,610.0743408203125,831.0701904296875,749.67919921875,0.6125624775886536]],"frame_00275":[[322.206298828125,609.0650634765625,784.8129272460938,747.1015625,0.7474542856216431]],"frame_00276":[[341.4044494628906,607.4962158203125,766.614990234375,741.343017578125,0.6895501613616943]],"frame_00277":[],"frame_00278":[[301.8248596191406,606.00146484375,780.384521484375,739.44091796875,0.5740865468978882]],"frame_00279":[],"frame_00280":[[310.53216552734375,604.9671630859375,731.686279296875,740.2125854492188,0.2691355347633362]],"frame_00281":[[257.0662536621094,605.1747436523438,785.2786865234375,736.1534423828125,0.7119979858398438]],"frame_00282":[[221.97720336914062,606.572998046875,752.6629638671875,737.6237182617188,0.6973957419395447]],"frame_00283":[[187.52243041992188,606.5509033203125,779.734130859375,733.8326416015625,0.39358019828796387]],"frame_00284":[],"frame_00285":[[189.06907653808594,607.3231201171875,679.898193359375,737.56640625,0.5194975137710571]],"frame_00286":[],"frame_00287":[[250.62115478515625,625.5162963867188,632.8116455078125,733.925048828125,0.6410025358200073]],"frame_00288":[[243.49261474609375,628.1432495117188,640.247314453125,734.204345703125,0.5360960364341736]],"frame_00289":[[240.4073486328125,629.2865600585938,630.01953125,734.2509765625,0.3635329306125641]],"frame_00290":[[248.43177795410156,631.321044921875,625.892333984375,735.8965454101562,0.477313369512558]],"frame_00291":[[231.7462158203125,634.2684326171875,610.3894653320312,734.5223388671875,0.41100358963012695]],"frame_00292":[[242.0899658203125,635.0716552734375,603.4327392578125,736.2796630859375,0.627631425857544]],"frame_00293":[[224.18861389160156,633.03515625,605.2664794921875,735.4747314453125,0.5181724429130554]],"frame_00294":[[237.18112182617188,627.824951171875,615.9347534179688,732.1334228515625,0.5447758436203003]],"frame_00295":[[249.24441528320312,611.2455444335938,612.2013549804688,717.495849609375,0.29371312260627747]],"frame_00296":[[249.03839111328125,586.2655029296875,608.9591064453125,704.7781372070312,0.5655306577682495],[190.6572265625,579.5091552734375,613.74853515625,716.376953125,0.3797580599784851]],"frame_00297":[[209.17176818847656,533.8326416015625,672.576416015625,672.9522705078125,0.2746928632259369]],"frame_00298":[[261.3056640625,500.1720886230469,628.377197265625,640.93310546875,0.7877436876296997]],"frame_00299":[[219.07070922851562,397.8703308105469,649.8385009765625,589.1567993164062,0.8034217357635498]],"frame_00300":[[287.5226745605469,337.342041015625,651.5843505859375,537.2012939453125,0.6230595707893372]],"frame_00301":[[300.5203857421875,233.40283203125,667.371337890625,451.2472229003906,0.7353739142417908]],"frame_00302":[[311.312255859375,109.89576721191406,704.1097412109375,365.93670654296875,0.8203056454658508]],"frame_00303":[[328.49755859375,0.6266899108886719,741.3292846679688,279.6686096191406,0.8388715982437134]],"frame_00304":[[340.10784912109375,0.0,682.4896240234375,204.8538818359375,0.7753540277481079]],