{"__manifest__":{"rgb_sha256_short":"ce084f1fea1e","weights_path":"C:\\Users\\User\\Desktop\\UNISA projects\\Drone detection\\es proj 3 thesis workspace\\ES_Drone_Detection\\runs\\corrective_finetune\\finetune_v3b\\weights\\best.pt","imgsz":640},"dets":{"frame_00001":[],"frame_00002":[[345.3297424316406,569.1452026367188,370.57073974609375,585.7300415039062,0.5196397304534912]],"frame_00003":[[345.0367431640625,570.1422729492188,370.5789489746094,586.8146362304688,0.4130917489528656]],"frame_00004":[[344.4560852050781,570.7594604492188,370.25054931640625,587.8114624023438,0.6645424962043762]],"frame_00005":[[344.6275634765625,572.1217651367188,369.28240966796875,588.5560302734375,0.48039931058883667]],"frame_00006":[[343.82135009765625,573.0308837890625,369.05517578125,589.7772827148438,0.7968850135803223]],"frame_00007":[[342.6603698730469,574.2474365234375,368.9799499511719,592.0720825195312,0.7703130841255188]],"frame_00008":[[342.8013000488281,574.7077026367188,368.3419189453125,592.2582397460938,0.8090993165969849]],"frame_00009":[[342.273193359375,575.0409545898438,367.9374694824219,592.135009765625,0.8255964517593384]],"frame_00010":[[342.617431640625,575.0217895507812,367.9084777832031,592.0444946289062,0.7975583672523499]],"frame_00011":[[342.5035705566406,575.8069458007812,368.002685546875,592.97705078125,0.7495096325874329]],"frame_00012":[[342.3234558105469,576.8531494140625,367.7569580078125,594.3373413085938,0.6024384498596191]],"frame_00013":[[342.7505798339844,577.8516845703125,367.9216003417969,595.208251953125,0.7001525163650513]],"frame_00014":[[342.5688171386719,579.9620361328125,367.9995422363281,596.4411010742188,0.803990364074707]],"frame_00015":[[342.7303161621094,581.10205078125,367.90789794921875,598.0057373046875,0.6208024621009827]],"frame_00016":[[343.5052490234375,583.357421875,369.16162109375,599.235595703125,0.7996203899383545]],"frame_00017":[[344.11669921875,584.9491577148438,369.5214538574219,600.7028198242188,0.521492600440979]],"frame_00018":[[343.5790710449219,585.9343872070312,370.0219421386719,601.2717895507812,0.7527410387992859]],"frame_00019":[[344.6273193359375,586.8910522460938,371.8293151855469,601.96826171875,0.5760181546211243]],"frame_00020":[],"frame_00021":[[348.9314880371094,588.9544067382812,374.6723327636719,605.1754760742188,0.5183460712432861]],"frame_00022":[[351.1970520019531,590.217041015625,377.7719421386719,606.854736328125,0.41130805015563965]],"frame_00023":[[354.36468505859375,593.1876220703125,380.12225341796875,608.5631713867188,0.6975606083869934]],"frame_00024":[],"frame_00025":[],"frame_00026":[],"frame_00027":[],"frame_00028":[],"frame_00029":[[378.60321044921875,592.6168823242188,420.0500183105469,618.2415161132812,0.4732294976711273]],"frame_00030":[],"frame_00031":[],"frame_00032":[[390.8123474121094,584.4859008789062,438.074462890625,617.2138671875,0.4211028516292572]],"frame_00033":[],"frame_00034":[],"frame_00035":[],"frame_00036":[],"frame_00037":[],"frame_00038":[],"frame_00039":[],"frame_00040":[],"frame_00041":[],"frame_00042":[],"frame_00043":[],"frame_00044":[],"frame_00045":[],"frame_00046":[],"frame_00047":[[330.6749572753906,566.6614990234375,389.93585205078125,601.4996948242188,0.7722288966178894]],"frame_00048":[[321.5075378417969,566.3848876953125,380.03826904296875,601.8700561523438,0.6657387018203735]],"frame_00049":[[311.21173095703125,560.662353515625,371.6044006347656,600.0813598632812,0.6090230941772461]],"frame_00050":[],"frame_00051":[],"frame_00052":[],"frame_00053":[[291.88543701171875,551.06201171875,350.2587890625,589.8513793945312,0.7247057557106018]],"frame_00054":[[294.4023132324219,553.6551513671875,350.20831298828125,589.8699340820312,0.5676157474517822]],"frame_00055":[[298.4116516113281,556.4199829101562,350.44293212890625,590.7744750976562,0.7756720185279846]],"frame_00056":[[302.96856689453125,560.6787109375,350.8124084472656,590.5804443359375,0.8244263529777527]],"frame_00057":[[304.7771301269531,560.4638061523438,353.65435791015625,593.0907592773438,0.8848468065261841]],"frame_00058":[[290.5494689941406,564.6641235351562,341.26593017578125,592.1226806640625,0.8346984386444092]],"frame_00059":[[259.7653503417969,565.40771484375,314.11309814453125,590.6180419921875,0.6937736868858337]],"frame_00060":[[252.50302124023438,563.999755859375,296.5928955078125,594.46484375,0.5168811082839966]],"frame_00061":[],"frame_00062":[],"frame_00063":[],"frame_00064":[],"frame_00065":[],"frame_00066":[],"frame_00067":[],"frame_00068":[],"frame_00069":[],"frame_00070":[],"frame_00071":[],"frame_00072":[],"frame_00073":[[350.50982666015625,517.9292602539062,392.13787841796875,538.0269165039062,0.7673530578613281]],"frame_00074":[[362.7337646484375,500.87969970703125,403.8486022949219,519.7747802734375,0.5646827816963196]],"frame_00075":[[375.16973876953125,482.7623291015625,416.2877197265625,503.56695556640625,0.5082640051841736]],"frame_00076":[],"frame_00077":[],"frame_00078":[],"frame_00079":[],"frame_00080":[],"frame_00081":[],"frame_00082":[[410.8851623535156,399.2956848144531,449.1610412597656,434.6096496582031,0.7948072552680969]],"frame_00083":[],"frame_00084":[],"frame_00085":[],"frame_00086":[],"frame_00087":[],"frame_00088":[],"frame_00089":[],"frame_00090":[],"frame_00091":[],"frame_00092":[],"frame_00093":[],"frame_00094":[],"frame_00095":[],"frame_00096":[],"frame_00097":[],"frame_00098":[],"frame_00099":[],"frame_00100":[],"frame_00101":[[258.420654296875,436.2279968261719,283.0705261230469,446.74774169921875,0.7778215408325195]],"frame_00102":[[269.27569580078125,445.6645202636719,292.2122802734375,461.7507629394531,0.7019262313842773],[296.0641784667969,512.3565063476562,321.8749694824219,529.625732421875,0.6785115003585815]],"frame_00103":[],"frame_00104":[[304.87371826171875,509.8681640625,328.36456298828125,527.2516479492188,0.7467468976974487]],"frame_00105":[],"frame_00106":[[279.9991760253906,450.0934143066406,301.9901123046875,465.7393493652344,0.6819912791252136]],"frame_00107":[[362.3032531738281,493.44122314453125,376.4006042480469,501.45233154296875,0.6469608545303345]],"frame_00108":[[263.2209777832031,492.5691223144531,287.43011474609375,507.2432556152344,0.7971779108047485],[270.135009765625,442.0248718261719,290.3460693359375,453.08502197265625,0.7794561386108398],[354.47528076171875,485.2283630371094,368.96759033203125,493.2694396972656,0.6221839785575867]],"frame_00109":[[265.1761169433594,482.52374267578125,289.12823486328125,494.8060302734375,0.7770339250564575],[356.0510559082031,477.56982421875,369.16259765625,485.4438781738281,0.6045294404029846]],"frame_00110":[],"frame_00111":[[269.2696533203125,466.2831115722656,290.0290832519531,481.4286804199219,0.7059351205825806],[294.8059997558594,429.31695556640625,314.67822265625,443.89886474609375,0.6813194751739502],[359.61767578125,459.72259521484375,372.1256103515625,467.11138916015625,0.5115692615509033]],"frame_00112":[[355.0088195800781,450.4245910644531,369.0838623046875,458.3933410644531,0.6580796241760254]],"frame_00113":[[255.02899169921875,445.025146484375,277.51800537109375,457.5576171875,0.7894132137298584],[300.8011779785156,422.27374267578125,320.9703369140625,433.7200927734375,0.7658892869949341],[345.0995788574219,440.7329406738281,358.3828125,448.6911926269531,0.49520406126976013]],"frame_00114":[[245.74761962890625,430.1915283203125,269.8490295410156,442.86517333984375,0.7631767392158508]],"frame_00115":[[307.0128173828125,403.56231689453125,343.4256896972656,421.9740905761719,0.6699221134185791],[247.00213623046875,422.53515625,269.462646484375,431.1944885253906,0.5161817669868469]],"frame_00118":[],"frame_00119":[],"frame_00120":[],"frame_00121":[],"frame_00122":[],"frame_00123":[[369.623291015625,397.7604675292969,384.4510192871094,410.28759765625,0.6395528316497803]],"frame_00124":[],"frame_00125":[],"frame_00126":[],"frame_00127":[],"frame_00128":[],"frame_00129":[],