{"__manifest__":{"rgb_sha256_short":"6fd55349ad9d","weights_path":"C:\\Users\\User\\Desktop\\UNISA projects\\Drone detection\\es proj 3 thesis workspace\\ES_Drone_Detection\\RGB model\\Yolo26n_selcom_mixed_ft2_1280\\weights\\best.pt","imgsz":1280},"dets":{"frame_00001":[],"frame_00002":[],"frame_00003":[],"frame_00004":[],"frame_00005":[],"frame_00006":[],"frame_00007":[],"frame_00008":[],"frame_00028":[],"frame_00032":[],"frame_00033":[[267.560302734375,803.755615234375,724.3735961914062,978.9369506835938,0.2680037021636963]],"frame_00034":[[261.80596923828125,793.287353515625,746.9213256835938,1017.6989135742188,0.48702317476272583]],"frame_00035":[[282.3211669921875,783.7172241210938,731.3311767578125,1023.8593139648438,0.6559196710586548]],"frame_00036":[[282.9957580566406,779.75830078125,742.18505859375,1012.0462646484375,0.6228196024894714]],"frame_00037":[[299.7986145019531,776.6647338867188,735.9750366210938,1001.327880859375,0.7003402709960938]],"frame_00038":[[307.7130126953125,775.5999755859375,835.8203125,997.2354125976562,0.6943217515945435],[311.77587890625,773.8720092773438,786.2833251953125,984.4956665039062,0.40545135736465454]],"frame_00039":[[303.0384216308594,772.7655029296875,751.31201171875,974.9207153320312,0.7251117825508118]],"frame_00040":[[312.9479064941406,770.9313354492188,787.6900634765625,972.7071533203125,0.7607028484344482]],"frame_00041":[[333.4718017578125,769.3665161132812,798.6416015625,972.0333251953125,0.7724044919013977]],"frame_00042":[[325.427978515625,768.80615234375,793.7423095703125,967.35498046875,0.7601070404052734]],"frame_00043":[[346.0562438964844,765.9346313476562,793.5740966796875,964.3903198242188,0.7774680256843567]],"frame_00044":[[354.02423095703125,761.3480834960938,771.409423828125,958.9561157226562,0.6612725853919983]],"frame_00045":[[354.8680419921875,759.2174682617188,787.3612060546875,951.9856567382812,0.7805015444755554]],"frame_00046":[[358.9686279296875,759.6744384765625,794.9598999023438,949.422607421875,0.7925931811332703]],"frame_00047":[[363.6761474609375,763.0109252929688,802.0030517578125,945.9259033203125,0.7901623249053955]],"frame_00048":[[370.36505126953125,766.52880859375,781.7623291015625,950.1190185546875,0.793763279914856]],"frame_00049":[[361.5868835449219,769.6988525390625,764.3710327148438,952.1885986328125,0.7458532452583313]],"frame_00050":[[346.3455810546875,772.15966796875,764.6617431640625,963.64794921875,0.7765089273452759]],"frame_00051":[[374.758544921875,772.5966796875,774.1199951171875,966.9955444335938,0.7681305408477783]],"frame_00052":[[376.83953857421875,776.9163818359375,773.8037109375,969.7930297851562,0.8235869407653809]],"frame_00053":[],"frame_00054":[[371.6095275878906,804.373291015625,775.3331909179688,978.6923828125,0.736733078956604]],"frame_00055":[[376.51422119140625,811.7972412109375,769.55029296875,984.3460693359375,0.7183365821838379]],"frame_00056":[[372.8275451660156,815.14794921875,771.8858642578125,985.102294921875,0.7273240685462952]],"frame_00057":[[368.9176330566406,817.5646362304688,774.9420166015625,987.51025390625,0.7294340133666992]],"frame_00058":[[369.8934020996094,818.2443237304688,772.5756225585938,988.8109130859375,0.7259126305580139]],"frame_00059":[[366.1618957519531,818.16455078125,771.6676025390625,987.9208374023438,0.2825182378292084]],"frame_00060":[[369.51116943359375,817.21630859375,772.8143920898438,985.318603515625,0.6298735737800598]],"frame_00061":[[369.44293212890625,815.2354736328125,782.66015625,982.24755859375,0.7184820771217346]],"frame_00062":[[368.30963134765625,812.7369384765625,777.4002685546875,980.0675048828125,0.6852990388870239]],"frame_00063":[[369.7320556640625,804.201904296875,771.6534423828125,975.1422119140625,0.7287635803222656]],"frame_00064":[],"frame_00065":[[371.89013671875,779.0980224609375,773.1121215820312,967.5787353515625,0.6747447848320007]],"frame_00066":[[376.417236328125,777.1138916015625,783.5511474609375,965.4028930664062,0.7401259541511536]],"frame_00067":[[375.16015625,774.597412109375,786.7044677734375,963.225830078125,0.7551229000091553]],"frame_00068":[[370.3490295410156,772.6175537109375,779.904052734375,953.9866943359375,0.7053980231285095]],"frame_00069":[[386.4652404785156,769.0361328125,782.3519897460938,950.495361328125,0.7097740173339844]],"frame_00070":[[390.8638916015625,769.330078125,803.6334228515625,954.85009765625,0.7237374782562256]],"frame_00071":[[391.0344543457031,769.5904541015625,795.70166015625,945.8062744140625,0.7174548506736755]],"frame_00072":[[385.83197021484375,773.8629150390625,793.3851928710938,949.6034545898438,0.7005870938301086]],"frame_00073":[[378.8606872558594,771.1052856445312,811.56103515625,944.6006469726562,0.6615418195724487]],"frame_00074":[[367.3681640625,769.4923095703125,814.580078125,942.3583374023438,0.6706216931343079]],"frame_00075":[[401.7448425292969,768.4710693359375,837.995361328125,935.3505249023438,0.34926000237464905]],"frame_00076":[[370.53924560546875,769.3824462890625,838.1629028320312,931.7154541015625,0.674278199672699]],"frame_00077":[[388.6842041015625,769.4970703125,847.0775146484375,920.449951171875,0.5843762159347534]],"frame_00078":[],"frame_00079":[[371.2243957519531,748.9915771484375,832.3295288085938,914.0831298828125,0.6642206907272339]],"frame_00080":[[396.9086608886719,741.2356567382812,846.2070922851562,905.8970947265625,0.727773129940033]],"frame_00081":[[421.6321105957031,733.4180297851562,812.7030029296875,901.9259033203125,0.6449270248413086]],"frame_00082":[[419.64453125,729.8983764648438,824.1973876953125,903.4451904296875,0.6568792462348938]],"frame_00083":[[429.1494140625,731.6580810546875,821.7464599609375,899.076416015625,0.5634408593177795],[418.8910217285156,745.509521484375,788.8502197265625,892.4203491210938,0.2859477996826172]],"frame_00084":[[427.1380615234375,735.2877807617188,818.0704345703125,897.387939453125,0.5996383428573608],[420.0676574707031,748.465087890625,788.2962646484375,891.5216064453125,0.3422424793243408]],"frame_00085":[[438.0575866699219,732.8792724609375,806.79150390625,896.2784423828125,0.3228874206542969]],"frame_00086":[[440.5948791503906,737.9185180664062,802.1982421875,903.5128173828125,0.5046998262405396],[435.00799560546875,753.8958129882812,802.8770751953125,891.0205078125,0.463076114654541],[430.3704528808594,751.7022705078125,790.4918212890625,892.7203369140625,0.45146796107292175]],"frame_00087":[[421.705810546875,751.2760009765625,786.6627197265625,889.5799560546875,0.34291529655456543]],"frame_00088":[],"frame_00089":[],"frame_00090":[],"frame_00091":[],"frame_00092":[],"frame_00093":[],"frame_00094":[],"frame_00095":[],"frame_00096":[],"frame_00097":[],"frame_00098":[[523.4812622070312,565.9351806640625,791.232421875,705.419677734375,0.27730312943458557]],"frame_00099":[],"frame_00100":[[327.0958251953125,486.2560729980469,746.6962280273438,667.6312866210938,0.5005853176116943]],"frame_00101":[],"frame_00102":[[393.4748840332031,418.969482421875,738.0254516601562,612.3784790039062,0.7816960215568542]],"frame_00103":[[387.0043029785156,387.111572265625,727.6173706054688,587.850830078125,0.82292240858078]],"frame_00104":[[380.3096923828125,348.015625,718.8489990234375,571.9989013671875,0.8638774752616882]],"frame_00105":[[370.35211181640625,325.0221862792969,712.93603515625,543.876708984375,0.8487536907196045]],"frame_00106":[[366.28369140625,301.3800048828125,704.1353759765625,535.58056640625,0.8587906956672668]],"frame_00107":[[359.5166320800781,291.5096740722656,699.7670288085938,526.2633056640625,0.8480026721954346],[358.62628173828125,289.80767822265625,700.5096435546875,510.8759765625,0.43530014157295227]],"frame_00108":[[352.654052734375,271.52728271484375,686.4025268554688,501.4534606933594,0.7313725352287292]],"frame_00109":[[346.96142578125,262.41363525390625,686.2603759765625,498.7566833496094,0.8562979102134705]],"frame_00110":[[342.30889892578125,258.53955078125,676.155517578125,496.63385009765625,0.8659784197807312]],