{"__manifest__": {"weights_path": "C:\\Users\\User\\Desktop\\UNISA projects\\Drone detection\\es proj 3 thesis workspace\\ES_Drone_Detection\\RGB model\\Yolo26n_selcom_confuser_ft4_1280\\weights\\best.pt", "imgsz": 1280, "conf": 0.25}, "dets": {"frame_00001": [[565.77490234375, 626.5274658203125, 820.5736083984375, 789.4398193359375, 0.3002806007862091]], "frame_00002": [[493.1044921875, 551.778076171875, 637.43994140625, 697.6199951171875, 0.5437334775924683]], "frame_00003": [], "frame_00004": [[414.23046875, 626.6517333984375, 552.668212890625, 759.7174682617188, 0.37209612131118774]], "frame_00005": [[360.79925537109375, 677.1854248046875, 495.3900146484375, 800.8629150390625, 0.5390167832374573]], "frame_00006": [], "frame_00007": [[254.72442626953125, 627.592529296875, 383.3057861328125, 741.783935546875, 0.2655632197856903]], "frame_00008": [[203.20529174804688, 576.2154541015625, 331.91864013671875, 682.6557006835938, 0.4725790023803711]], "frame_00009": [[128.45034790039062, 359.771728515625, 242.58950805664062, 463.37701416015625, 0.5779973864555359]], "frame_00010": [], "frame_00011": [], "frame_00012": [[793.5166625976562, 1842.32373046875, 822.1229248046875, 1868.9697265625, 0.5520692467689514]], "frame_00013": [[771.9834594726562, 1663.206298828125, 797.7844848632812, 1689.0574951171875, 0.6105214953422546]], "frame_00014": [[235.10133361816406, 1787.5989990234375, 280.78424072265625, 1818.377685546875, 0.6275119781494141]], "frame_00015": [], "frame_00016": [], "frame_00017": [], "frame_00018": [], "frame_00019": [[315.6341857910156, 1380.034912109375, 345.51800537109375, 1403.59814453125, 0.25126203894615173]], "frame_00020": []}}