{"__manifest__":{"rgb_sha256_short":"80b41e568b15","weights_path":"C:\\Users\\User\\Desktop\\UNISA projects\\Drone detection\\es proj 3 thesis workspace\\ES_Drone_Detection\\RGB model\\Yolo26n_trained\\weights\\best.pt","imgsz":1280},"dets":{"frame_00001":[[466.1111145019531,1166.0345458984375,501.2756042480469,1195.137939453125,0.8750799894332886],[460.10772705078125,215.29849243164062,590.7327270507812,327.1490478515625,0.5776438117027283],[303.61090087890625,1151.83935546875,331.54718017578125,1183.5472412109375,0.29628854990005493]],"frame_00002":[[270.522216796875,1204.509521484375,301.1790466308594,1232.5650634765625,0.8040616512298584],[312.37042236328125,1000.99365234375,341.4839782714844,1029.4854736328125,0.7648585438728333],[214.98886108398438,983.1864013671875,254.79501342773438,1013.2987670898438,0.589320719242096],[201.25692749023438,1141.6826171875,230.291259765625,1166.1375732421875,0.5242674350738525],[567.6314697265625,898.763427734375,624.6641845703125,935.7083740234375,0.34776562452316284]],"frame_00003":[[279.17169189453125,853.7943725585938,318.63299560546875,885.1799926757812,0.8794435262680054],[232.58377075195312,1075.582275390625,282.4972839355469,1110.751220703125,0.7259572148323059],[445.95965576171875,900.4331665039062,478.9288635253906,924.17724609375,0.3267931044101715]],"frame_00004":[[269.4703674316406,965.2608642578125,313.6123046875,995.49658203125,0.6448481678962708],[536.2318115234375,1022.2710571289062,588.6708984375,1061.59423828125,0.5934345722198486],[333.2083435058594,638.1156005859375,385.3392333984375,677.9961547851562,0.5417650938034058],[85.19355010986328,1217.79443359375,143.38905334472656,1246.8726806640625,0.48543864488601685]],"frame_00005":[[375.96759033203125,296.50146484375,432.623779296875,355.99481201171875,0.8472732305526733],[421.089599609375,1229.4642333984375,539.0068359375,1279.9197998046875,0.5440248250961304],[279.95513916015625,1045.6025390625,315.12738037109375,1076.949951171875,0.3130732774734497]],"frame_00006":[[351.7314147949219,925.0159912109375,411.64129638671875,970.4059448242188,0.7381344437599182],[315.5295104980469,274.07354736328125,390.54779052734375,332.1226806640625,0.7061434984207153],[184.8671112060547,871.6849365234375,236.68634033203125,910.859130859375,0.6250225901603699],[185.19424438476562,520.6021728515625,252.32830810546875,575.6276245117188,0.3671785295009613]],"frame_00007":[[158.82763671875,328.1801452636719,234.99452209472656,400.96038818359375,0.8874577283859253]],"frame_00008":[[329.89154052734375,581.6284790039062,390.89813232421875,649.0067138671875,0.8785150647163391],[325.7405700683594,379.46533203125,413.93890380859375,466.12054443359375,0.864461362361908],[140.98626708984375,513.248046875,203.26927185058594,565.678955078125,0.8294106721878052],[401.4892578125,1072.1529541015625,484.2852783203125,1172.326904296875,0.34452110528945923]],"frame_00009":[[321.8381042480469,115.56104278564453,423.4438781738281,231.58587646484375,0.8890607953071594],[356.10247802734375,1013.0988159179688,412.37994384765625,1083.541748046875,0.8539099097251892],[519.31103515625,1031.270751953125,569.8959350585938,1092.689453125,0.8151957988739014],[177.79049682617188,799.91455078125,256.0137023925781,883.5689697265625,0.4606924057006836]],"frame_00010":[[299.211181640625,552.8432006835938,413.619140625,635.5970458984375,0.776354968547821],[361.0225524902344,906.9998168945312,409.6048583984375,973.8762817382812,0.6978009939193726]],"frame_00011":[[385.13299560546875,0.0,505.68212890625,100.64813232421875,0.8546776175498962],[411.6563415527344,1016.556640625,499.9156188964844,1134.364013671875,0.69720059633255]],"frame_00012":[[55.65772247314453,1148.1846923828125,87.06088256835938,1171.8486328125,0.8383190631866455],[116.94210815429688,1171.68017578125,146.83673095703125,1195.2310791015625,0.798631489276886],[37.75791931152344,925.1298828125,67.92063903808594,941.6401977539062,0.7695534229278564],[384.8295593261719,1193.300537109375,421.12652587890625,1232.279052734375,0.6808481216430664],[544.2576293945312,1137.8150634765625,580.4445190429688,1182.22607421875,0.5128681063652039],[543.2769775390625,1138.9547119140625,581.89306640625,1183.3951416015625,0.3947599530220032],[98.64544677734375,1244.3873291015625,124.78060913085938,1263.2080078125,0.326498806476593]],"frame_00013":[[567.377197265625,1215.8106689453125,602.36328125,1249.2847900390625,0.8581408262252808],[19.01332664489746,847.6117553710938,50.895294189453125,864.4666137695312,0.8368654847145081],[134.98143005371094,1195.575439453125,161.8793487548828,1214.1513671875,0.8126537203788757],[264.8643798828125,1135.5797119140625,295.0832214355469,1152.2274169921875,0.7309446930885315],[181.15428161621094,1144.2476806640625,214.91212463378906,1168.9442138671875,0.725372314453125],[114.1333236694336,1249.7291259765625,146.71006774902344,1279.991943359375,0.4720481038093567],[10.207681655883789,1142.958251953125,39.17395782470703,1172.2757568359375,0.2682190239429474]],"frame_00014":[[404.03497314453125,1074.030517578125,434.4472351074219,1104.4786376953125,0.8673497438430786],[406.4186706542969,1235.33740234375,438.8692321777344,1266.8465576171875,0.8669944405555725],[229.25062561035156,1153.0572509765625,257.1532897949219,1185.7554931640625,0.8631750345230103],[294.7495422363281,1106.62451171875,322.3019104003906,1143.886474609375,0.8611947894096375],[83.72030639648438,977.6045532226562,123.31605529785156,1016.7591552734375,0.8602246642112732],[0.0,751.2158203125,23.898168563842773,768.209228515625,0.549601674079895],[56.05919647216797,1202.9644775390625,89.40057373046875,1235.5726318359375,0.306016743183136]],"frame_00015":[[412.4592590332031,1093.58740234375,444.4969177246094,1119.9161376953125,0.8728561997413635],[233.79833984375,925.6239013671875,270.2801513671875,966.9544677734375,0.8324164748191833],[243.21119689941406,1070.4561767578125,280.9895935058594,1107.6295166015625,0.8275110721588135],[565.3333129882812,984.0967407226562,604.1099853515625,1034.237548828125,0.777941882610321],[107.1240234375,1118.733642578125,144.1028289794922,1151.422607421875,0.660704493522644]],"frame_00016":[[283.1792297363281,859.1757202148438,325.79266357421875,909.599365234375,0.8574807643890381],[384.06561279296875,1033.8126220703125,474.5916748046875,1088.017333984375,0.8470423817634583],[410.5639953613281,833.2347412109375,466.5282287597656,886.2686157226562,0.5500160455703735],[437.44390869140625,1156.42041015625,477.1634521484375,1187.4918212890625,0.48396337032318115],[554.4730834960938,1058.6695556640625,598.7921752929688,1094.6318359375,0.39034637808799744],[244.15235900878906,1146.0220947265625,272.1706848144531,1178.1737060546875,0.3274489939212799],[65.22370147705078,1061.5576171875,107.19142150878906,1096.798095703125,0.3166196048259735]],"frame_00017":[[433.6017150878906,39.95842361450195,468.6576232910156,68.69131469726562,0.8760607242584229],[257.044189453125,1004.3696899414062,303.9288024902344,1040.9088134765625,0.8269796371459961],[351.69989013671875,763.7039184570312,410.4934387207031,819.154541015625,0.31064310669898987]],"frame_00018":[[489.2833251953125,1153.2818603515625,525.40380859375,1189.5299072265625,0.8818895816802979],[284.3211669921875,772.3350219726562,339.0235290527344,822.277587890625,0.8594653606414795],[336.3418884277344,543.7191162109375,380.1523132324219,592.1373291015625,0.8240638971328735],[453.99395751953125,836.1937866210938,496.43768310546875,881.3643798828125,0.7377161979675293],[307.46881103515625,278.63079833984375,354.8262939453125,326.3494873046875,0.698030412197113],[337.18707275390625,870.3008422851562,391.1726379394531,906.5371704101562,0.6114600300788879],[156.08956909179688,160.64683532714844,182.28521728515625,190.7248992919922,0.30754318833351135]],