{"__manifest__":{"rgb_sha256_short":"5e11ed739f7b","weights_path":"C:\\Users\\User\\Desktop\\UNISA projects\\Drone detection\\es proj 3 thesis workspace\\ES_Drone_Detection\\RGB model\\Yolo26n_retrained_v2\\weights\\best.pt","imgsz":1280},"dets":{"frame_00001":[],"frame_00002":[],"frame_00003":[],"frame_00004":[],"frame_00005":[],"frame_00006":[],"frame_00007":[],"frame_00008":[],"frame_00009":[],"frame_00010":[],"frame_00011":[],"frame_00012":[],"frame_00013":[],"frame_00014":[],"frame_00015":[[556.1707153320312,185.25816345214844,705.7290649414062,345.5254821777344,0.8004869222640991]],"frame_00016":[[577.0039672851562,125.55091094970703,737.0828857421875,304.48248291015625,0.715632438659668]],"frame_00017":[[630.1307373046875,119.03054809570312,767.9390258789062,283.7720642089844,0.6923706531524658]],"frame_00018":[[651.9724731445312,99.73102569580078,812.4932861328125,277.46807861328125,0.9266329407691956]],"frame_00019":[],"frame_00020":[[738.436279296875,189.71307373046875,888.3177490234375,375.76910400390625,0.9110393524169922]],"frame_00021":[[765.0325927734375,247.8251953125,906.349365234375,441.6581726074219,0.9186406135559082]],"frame_00022":[[770.2530517578125,326.57257080078125,919.378662109375,517.3458251953125,0.4831468462944031]],"frame_00023":[],"frame_00024":[[748.3737182617188,497.3923645019531,887.893798828125,688.712158203125,0.5355581641197205]],"frame_00025":[],"frame_00026":[],"frame_00027":[],"frame_00028":[],"frame_00029":[],"frame_00030":[],"frame_00031":[],"frame_00032":[],"frame_00033":[],"frame_00034":[],"frame_00035":[],"frame_00036":[],"frame_00037":[],"frame_00038":[],"frame_00039":[],"frame_00040":[],"frame_00041":[],"frame_00042":[],"frame_00043":[],"frame_00044":[],"frame_00045":[],"frame_00046":[],"frame_00047":[],"frame_00048":[],"frame_00049":[],"frame_00050":[],"frame_00051":[],"frame_00052":[],"frame_00053":[],"frame_00054":[],"frame_00055":[],"frame_00056":[],"frame_00057":[],"frame_00058":[],"frame_00059":[],"frame_00060":[],"frame_00061":[],"frame_00062":[],"frame_00064":[],"frame_00066":[],"frame_00072":[],"frame_00075":[],"frame_00077":[],"frame_00079":[],"frame_00080":[],"frame_00081":[],"frame_00082":[],"frame_00083":[],"frame_00084":[],"frame_00085":[],"frame_00086":[],"frame_00087":[],"frame_00088":[],"frame_00089":[],"frame_00090":[],"frame_00091":[],"frame_00101":[],"frame_00107":[],"frame_00108":[],"frame_00109":[],"frame_00110":[],"frame_00111":[],"frame_00112":[],"frame_00113":[],"frame_00114":[[520.4871215820312,362.61492919921875,669.1392211914062,414.95562744140625,0.7983919382095337]],"frame_00115":[[558.357666015625,306.81304931640625,681.3990478515625,353.27923583984375,0.7968006134033203]],"frame_00116":[[574.6970825195312,226.07559204101562,711.8375854492188,274.82159423828125,0.874845564365387],[997.3162841796875,49.775447845458984,1035.9947509765625,83.31696319580078,0.6299737095832825]],"frame_00117":[[587.2105712890625,119.05799102783203,751.7303466796875,188.61761474609375,0.844047486782074]],"frame_00118":[],"frame_00119":[[596.8504638671875,20.836185455322266,729.94921875,122.50037384033203,0.624489426612854]],"frame_00120":[],"frame_00121":[],"frame_00122":[],"frame_00123":[],"frame_00124":[],"frame_00125":[],"frame_00126":[],"frame_00127":[],"frame_00128":[],"frame_00129":[],"frame_00130":[],"frame_00131":[],"frame_00132":[],"frame_00133":[]}}