{"__manifest__":{"rgb_sha256_short":"80b41e568b15","weights_path":"C:\\Users\\User\\Desktop\\UNISA projects\\Drone detection\\es proj 3 thesis workspace\\ES_Drone_Detection\\RGB model\\Yolo26n_trained\\weights\\best.pt","imgsz":1280},"dets":{"frame_00001":[[416.4591979980469,507.3768310546875,434.32452392578125,523.8961791992188,0.326816201210022]],"frame_00002":[[129.8975372314453,934.3326416015625,148.27842712402344,953.0110473632812,0.30854618549346924]],"frame_00003":[[632.8360595703125,390.8476867675781,651.54833984375,404.64825439453125,0.3953913152217865]],"frame_00004":[[220.24575805664062,616.4931030273438,242.65692138671875,633.5633544921875,0.7108194828033447]],"frame_00005":[[350.8141174316406,108.50523376464844,501.31243896484375,172.02536010742188,0.6379528045654297]],"frame_00006":[[378.2972717285156,213.21226501464844,563.3372802734375,285.8997802734375,0.4165918231010437]],"frame_00007":[[348.75762939453125,325.54046630859375,628.1373291015625,425.5672302246094,0.6281980276107788]],"frame_00008":[],"frame_00009":[],"frame_00010":[],"frame_00011":[],"frame_00012":[],"frame_00013":[],"frame_00014":[],"frame_00015":[],"frame_00016":[],"frame_00017":[],"frame_00018":[],"frame_00019":[],"frame_00020":[[486.75994873046875,885.723876953125,504.489013671875,900.6151123046875,0.40163853764533997]],"frame_00021":[],"frame_00022":[],"frame_00023":[],"frame_00024":[],"frame_00025":[],"frame_00026":[],"frame_00027":[],"frame_00028":[],"frame_00029":[[618.5101928710938,1460.7642822265625,744.7960205078125,1540.34228515625,0.8290234208106995]],"frame_00030":[],"frame_00031":[],"frame_00032":[[677.9623413085938,1255.953369140625,769.0433349609375,1364.6478271484375,0.7893165349960327]],"frame_00033":[],"frame_00034":[[665.6669921875,1200.941162109375,785.4906005859375,1258.166748046875,0.36191603541374207]],"frame_00035":[],"frame_00036":[],"frame_00037":[],"frame_00038":[],"frame_00039":[],"frame_00040":[[747.62841796875,954.9847412109375,850.4154052734375,1027.169921875,0.4818361699581146]],"frame_00041":[],"frame_00042":[],"frame_00043":[],"frame_00044":[],"frame_00045":[],"frame_00046":[],"frame_00047":[],"frame_00048":[],"frame_00049":[],"frame_00050":[],"frame_00051":[],"frame_00052":[],"frame_00053":[],"frame_00054":[],"frame_00055":[],"frame_00056":[],"frame_00077":[],"frame_00078":[],"frame_00079":[],"frame_00080":[],"frame_00081":[],"frame_00082":[],"frame_00083":[],"frame_00084":[],"frame_00085":[],"frame_00086":[],"frame_00087":[],"frame_00088":[],"frame_00089":[],"frame_00090":[],"frame_00091":[],"frame_00092":[],"frame_00093":[],"frame_00094":[],"frame_00095":[],"frame_00096":[],"frame_00097":[],"frame_00098":[],"frame_00099":[],"frame_00100":[],"frame_00101":[],"frame_00102":[],"frame_00103":[],"frame_00104":[],"frame_00105":[],"frame_00106":[],"frame_00107":[],"frame_00108":[],"frame_00109":[],"frame_00110":[],"frame_00111":[],"frame_00112":[],"frame_00113":[],"frame_00114":[],"frame_00115":[],"frame_00116":[],"frame_00117":[],"frame_00118":[],"frame_00119":[],"frame_00120":[],"frame_00121":[],"frame_00122":[],"frame_00123":[],"frame_00124":[],"frame_00125":[],"frame_00126":[],"frame_00127":[],"frame_00128":[],"frame_00129":[],"frame_00130":[],"frame_00131":[],"frame_00132":[],"frame_00133":[],"frame_00134":[],"frame_00135":[],"frame_00136":[],"frame_00137":[],"frame_00138":[],"frame_00139":[],"frame_00140":[],"frame_00141":[],"frame_00142":[],"frame_00143":[],"frame_00144":[],"frame_00145":[],"frame_00146":[],"frame_00147":[],"frame_00148":[],"frame_00149":[],"frame_00150":[],"frame_00151":[],"frame_00152":[],"frame_00153":[],"frame_00154":[],"frame_00155":[],"frame_00156":[],"frame_00157":[],"frame_00158":[],"frame_00159":[],"frame_00160":[],"frame_00161":[],"frame_00162":[],"frame_00163":[],"frame_00164":[],"frame_00165":[],"frame_00166":[],"frame_00167":[[417.5060119628906,507.90399169921875,433.01043701171875,523.15966796875,0.41384178400039673]],"frame_00168":[],"frame_00169":[],"frame_00170":[],"frame_00171":[],"frame_00172":[],"frame_00173":[],"frame_00174":[],"frame_00175":[],"frame_00176":[],"frame_00179":[],"frame_00180":[],"frame_00181":[],"frame_00182":[],"frame_00183":[],"frame_00184":[],"frame_00185":[],"frame_00189":[],"frame_00190":[],"frame_00191":[],"frame_00192":[],"frame_00193":[],"frame_00194":[],"frame_00195":[[616.2305908203125,1459.8236083984375,746.134033203125,1539.21826171875,0.8578745722770691]],"frame_00196":[],"frame_00197":[[604.9678955078125,1354.163330078125,748.6030883789062,1426.9356689453125,0.37939003109931946]],"frame_00198":[[676.3391723632812,1256.2861328125,769.2540893554688,1364.470703125,0.7847957611083984]],"frame_00199":[[692.9903564453125,1218.414794921875,767.6044921875,1319.531494140625,0.3159292936325073]],"frame_00200":[[665.0972900390625,1201.1522216796875,786.81982421875,1256.621337890625,0.7255101799964905]],"frame_00216":[],"frame_00323":[[107.84868621826172,426.97161865234375,166.5522918701172,453.2604675292969,0.6775277256965637]],"frame_00324":[[209.90103149414062,441.8744201660156,251.00302124023438,470.6626281738281,0.5894985795021057]],"frame_00325":[[262.9415283203125,439.8018798828125,304.4778747558594,464.04046630859375,0.6682339310646057]],"frame_00326":[[334.7856140136719,434.99798583984375,378.69537353515625,468.9149169921875,0.6259162425994873]],"frame_00327":[[400.32708740234375,454.60833740234375,456.2672424316406,485.4775390625,0.7044429183006287],[400.3699951171875,455.58245849609375,452.702392578125,485.5710754394531,0.3459816575050354]],"frame_00328":[[471.8751525878906,449.45343017578125,512.3353271484375,477.2406005859375,0.6476021409034729]],"frame_00329":[[523.3712158203125,488.32806396484375,583.3448486328125,512.6650390625,0.6961548328399658]],"frame_00330":[[521.9946899414062,530.58056640625,567.0609741210938,559.489501953125,0.7720943093299866]],"frame_00331":[[445.8205261230469,569.46337890625,499.9730529785156,603.2899169921875,0.8512667417526245]],"frame_00332":[[355.55010986328125,638.3983764648438,425.47021484375,667.1680297851562,0.6756575107574463],[610.2943115234375,1605.646728515625,631.869140625,1617.8984375,0.29231715202331543]],"frame_00333":[[277.7161865234375,690.3609619140625,332.3984375,719.6245727539062,0.6739104986190796]],"frame_00334":[[219.1121063232422,727.0565185546875,273.0257568359375,757.809326171875,0.8167784810066223]],"frame_00335":[],"frame_00336":[[950.712646484375,1501.354248046875,977.5050048828125,1513.408935546875,0.5737856030464172],[93.12590789794922,834.7047729492188,154.0446014404297,865.306884765625,0.30335739254951477]],"frame_00337":[[24.44024658203125,851.901611328125,93.60358428955078,898.052734375,0.57371586561203],[779.775634765625,1587.0450439453125,807.2466430664062,1599.88818359375,0.5520330667495728]],"frame_00338":[[3.385348320007324,898.1497802734375,38.750648498535156,936.752197265625,0.6959362626075745],[559.2333984375,1677.9407958984375,584.4952392578125,1689.1461181640625,0.5721592307090759]],"frame_00339":[[997.7012329101562,531.637939453125,1011.071044921875,543.0975952148438,0.5236855745315552],[387.4306640625,1724.73095703125,414.5158996582031,1736.208251953125,0.4254952073097229]],"frame_00340":[[841.302978515625,579.190673828125,855.628662109375,588.152587890625,0.6517195105552673]],"frame_00341":[[669.617431640625,607.0603637695312,681.1997680664062,617.6660766601562,0.4836233854293823],[863.362548828125,644.8841552734375,876.104248046875,655.3634033203125,0.38330602645874023]],"frame_00342":[[471.357421875,622.426025390625,484.65740966796875,633.0582275390625,0.6565824747085571],[663.9525146484375,668.3095703125,675.3054809570312,677.33203125,0.4491805136203766]],"frame_00343":[[516.0361328125,674.1718139648438,528.2850341796875,684.9317626953125,0.5956040620803833],[324.7965087890625,623.3446655273438,337.76556396484375,633.6724853515625,0.40813934803009033]],