{"__manifest__":{"rgb_sha256_short":"6fd55349ad9d","weights_path":"C:\\Users\\User\\Desktop\\UNISA projects\\Drone detection\\es proj 3 thesis workspace\\ES_Drone_Detection\\RGB model\\Yolo26n_selcom_mixed_ft2_1280\\weights\\best.pt","imgsz":960},"dets":{"frame_00001":[],"frame_00230":[],"frame_00231":[],"frame_00232":[],"frame_00233":[],"frame_00234":[],"frame_00235":[],"frame_00236":[],"frame_00237":[],"frame_00238":[[289.25189208984375,716.44482421875,664.8157958984375,910.6671752929688,0.41798996925354004]],"frame_00239":[[266.15704345703125,697.9234619140625,685.0055541992188,875.1614990234375,0.324029803276062]],"frame_00240":[],"frame_00241":[[263.110595703125,641.8438720703125,767.510498046875,858.700927734375,0.7179334163665771]],"frame_00242":[[243.68771362304688,604.3148193359375,790.959228515625,833.1484375,0.46830034255981445]],"frame_00243":[[236.42242431640625,583.164306640625,840.1607666015625,798.69873046875,0.7130905985832214]],"frame_00244":[[214.52212524414062,553.8037109375,919.712158203125,773.730224609375,0.8472124338150024]],"frame_00245":[[191.87213134765625,540.9395751953125,972.266357421875,750.7958984375,0.5707797408103943],[205.27951049804688,540.2728881835938,965.2117919921875,747.2723999023438,0.3020057678222656]],"frame_00246":[[174.3175048828125,518.8577880859375,948.7371215820312,747.2556762695312,0.5802922248840332],[191.75765991210938,519.37646484375,932.12890625,747.7990112304688,0.4039948880672455]],"frame_00247":[[200.08425903320312,515.3043212890625,876.5062255859375,717.0119018554688,0.4296782314777374]],"frame_00248":[[207.29867553710938,517.0802612304688,924.9877319335938,705.2869873046875,0.561417281627655]],"frame_00249":[[198.12374877929688,515.8483276367188,905.1636962890625,687.704833984375,0.5361147522926331],[299.3155517578125,530.80322265625,842.664794921875,684.284912109375,0.2507050931453705]],"frame_00250":[[329.66937255859375,496.7928161621094,909.9735107421875,691.443359375,0.6279494166374207]],"frame_00251":[[220.76834106445312,488.44537353515625,888.5960693359375,667.7420654296875,0.407551109790802]],"frame_00252":[[278.5629577636719,491.7782897949219,915.36865234375,669.1961669921875,0.746063768863678]],"frame_00253":[[237.41787719726562,492.6689758300781,955.22265625,669.141845703125,0.8010209798812866]],"frame_00254":[[326.4421081542969,496.52056884765625,901.0830078125,681.8295288085938,0.5646495223045349]],"frame_00255":[],"frame_00256":[],"frame_00257":[],"frame_00258":[[332.42474365234375,548.4013061523438,839.3201904296875,693.5833129882812,0.31833818554878235]],"frame_00259":[[326.499267578125,555.128662109375,838.4691772460938,701.843017578125,0.4946310222148895]],"frame_00260":[[339.63525390625,559.8060302734375,834.7903442382812,710.0125732421875,0.5532011389732361]],"frame_00261":[[286.5045166015625,550.7351684570312,861.848876953125,726.1600952148438,0.60683673620224],[307.6163635253906,572.0576171875,830.7494506835938,714.0126953125,0.5198750495910645]],"frame_00262":[[335.9361572265625,577.4273681640625,835.0047607421875,718.3893432617188,0.6347622871398926]],"frame_00263":[[319.76318359375,583.3443603515625,834.07958984375,722.7083740234375,0.5819013714790344]],"frame_00264":[[339.8915710449219,589.2694702148438,828.7688598632812,727.115966796875,0.2570180594921112]],"frame_00265":[[342.2083740234375,597.3668823242188,800.0774536132812,732.3728637695312,0.3887380063533783]],"frame_00266":[],"frame_00267":[[311.2804870605469,609.2949829101562,797.4735717773438,737.965087890625,0.5819447636604309]],"frame_00268":[[287.34930419921875,613.0928955078125,800.8040771484375,737.8269653320312,0.4436049163341522]],"frame_00269":[[315.40863037109375,614.37548828125,800.171875,739.2091674804688,0.7864396572113037]],"frame_00270":[[317.0525207519531,615.9190673828125,803.2896118164062,739.5575561523438,0.6950729489326477]],"frame_00271":[[316.9519348144531,618.5054321289062,789.828125,738.4430541992188,0.7082871198654175]],"frame_00272":[[298.4754638671875,618.2987060546875,797.6580810546875,739.5858154296875,0.6631435751914978]],"frame_00273":[[304.1924133300781,619.0712280273438,787.6605834960938,739.8569946289062,0.7346622943878174]],"frame_00274":[[348.81048583984375,620.7012939453125,773.0596313476562,739.1229858398438,0.7140393853187561]],"frame_00275":[[336.28485107421875,619.8820190429688,771.5762939453125,736.7243041992188,0.7306967377662659]],"frame_00276":[[343.6259765625,618.4466552734375,750.3003540039062,735.8318481445312,0.6582845449447632]],"frame_00277":[[321.73028564453125,617.6671142578125,752.8062744140625,734.0692749023438,0.6613839864730835]],"frame_00278":[[299.5091857910156,616.7816772460938,759.380615234375,733.80859375,0.5254684686660767]],"frame_00279":[[317.3657531738281,616.812744140625,752.7469482421875,731.131591796875,0.46986401081085205]],"frame_00280":[[317.90625,616.3770141601562,710.67138671875,730.3872680664062,0.7506003379821777]],"frame_00281":[[266.4364013671875,616.5059204101562,727.6541748046875,728.1646728515625,0.30708807706832886]],"frame_00282":[[251.09341430664062,616.689697265625,705.6422729492188,726.960205078125,0.555580735206604]],"frame_00283":[[248.29339599609375,617.4462280273438,682.3350219726562,724.2142333984375,0.5274059176445007]],"frame_00284":[[253.66278076171875,617.4293823242188,695.541259765625,727.2057495117188,0.4589669704437256]],"frame_00285":[[242.09295654296875,619.2186889648438,662.4122924804688,728.9916381835938,0.48037081956863403]],"frame_00286":[[214.74591064453125,620.80517578125,664.3525390625,731.6751708984375,0.5213914513587952]],"frame_00287":[[211.6504669189453,622.1423950195312,627.212158203125,733.7708740234375,0.7016391754150391]],"frame_00288":[[225.40696716308594,623.3856201171875,647.7296142578125,732.9910888671875,0.6518211364746094]],"frame_00289":[[214.33599853515625,624.990234375,641.6495361328125,733.1098022460938,0.744638204574585]],"frame_00290":[[252.48049926757812,627.4432373046875,629.7356567382812,734.2671508789062,0.7157341837882996]],"frame_00291":[[215.88778686523438,630.5656127929688,632.350830078125,735.1795043945312,0.7045092582702637]],"frame_00292":[[191.67507934570312,632.638671875,624.6690063476562,737.0014038085938,0.7817292213439941]],"frame_00293":[[198.2279815673828,628.7951049804688,608.1949462890625,733.9490966796875,0.816884458065033]],"frame_00294":[[220.9326629638672,622.1851806640625,620.5814208984375,728.5398559570312,0.8165013790130615]],"frame_00295":[[220.83164978027344,610.2879028320312,616.9876708984375,719.2957763671875,0.7643086910247803]],"frame_00296":[[188.29347229003906,587.3944702148438,615.3233642578125,715.4911499023438,0.4623265266418457]],"frame_00297":[[205.069580078125,549.3895874023438,643.58935546875,673.04052734375,0.858802080154419]],"frame_00298":[[234.93128967285156,495.96026611328125,626.120361328125,635.1036376953125,0.8875259757041931]],"frame_00299":[[224.22567749023438,409.76544189453125,646.471435546875,589.8186645507812,0.7708462476730347]],"frame_00300":[[287.37646484375,346.0832214355469,661.3640747070312,529.895263671875,0.8044664263725281]],"frame_00301":[[306.9637451171875,244.97994995117188,671.7451782226562,457.3736572265625,0.675102949142456]],"frame_00302":[[308.28924560546875,106.77882385253906,702.6806030273438,373.2716064453125,0.5289996266365051]],"frame_00303":[[320.5985412597656,0.0,732.8291625976562,279.98583984375,0.3029468059539795]],"frame_00304":[[336.54638671875,0.0,684.8679809570312,204.84133911132812,0.8891727924346924]],"frame_00305":[[313.5302429199219,0.0,736.89013671875,134.04824829101562,0.6884276866912842]],"frame_00306":[[338.61358642578125,0.0,733.3464965820312,74.20005798339844,0.7309207320213318],[374.56146240234375,0.0,737.4833984375,76.5395278930664,0.2945289611816406]],"frame_00307":[],"frame_00308":[],"frame_00309":[[705.512939453125,0.0313725471496582,756.9690551757812,16.891141891479492,0.3813953101634979]],"frame_00310":[],"frame_00311":[],