{"__manifest__":{"rgb_sha256_short":"ce084f1fea1e","weights_path":"C:\\Users\\User\\Desktop\\UNISA projects\\Drone detection\\es proj 3 thesis workspace\\ES_Drone_Detection\\runs\\corrective_finetune\\finetune_v3b\\weights\\best.pt","imgsz":640},"dets":{"frame_00001":[[862.52099609375,530.2041625976562,920.487060546875,577.9633178710938,0.8675692677497864]],"frame_00002":[[881.4028930664062,538.1282958984375,937.8008422851562,584.568359375,0.8631329536437988]],"frame_00003":[[933.4154663085938,525.5032348632812,985.7724609375,569.7798461914062,0.842243492603302]],"frame_00004":[[934.8172607421875,511.64947509765625,985.22265625,555.549072265625,0.7619512677192688]],"frame_00005":[[926.8934326171875,517.9193115234375,978.1756591796875,557.8182373046875,0.8497334122657776]],"frame_00006":[[926.3759765625,536.3692016601562,975.6053466796875,576.535888671875,0.5766934156417847]],"frame_00007":[[924.5337524414062,540.4246826171875,968.1046142578125,576.5464477539062,0.8113015294075012]],"frame_00008":[[939.0975952148438,527.7060546875,984.0081787109375,559.7909545898438,0.7377707958221436]],"frame_00009":[[933.794921875,529.5462646484375,973.660400390625,560.8544311523438,0.7986490726470947]],"frame_00010":[[933.0543823242188,532.5411376953125,975.521484375,561.4524536132812,0.7404957413673401]],"frame_00011":[[932.2615966796875,539.2738037109375,969.6083984375,567.9878540039062,0.7955484390258789]],"frame_00012":[],"frame_00013":[[928.451171875,514.9910278320312,965.5266723632812,540.8613891601562,0.5748830437660217]],"frame_00014":[[923.8807373046875,525.6729125976562,957.02734375,547.9013061523438,0.7382981181144714]],"frame_00015":[[931.2013549804688,531.7432861328125,967.3052978515625,555.1572875976562,0.6418759822845459]],"frame_00016":[[946.3253173828125,532.3866577148438,979.5668334960938,551.8634033203125,0.6399356126785278]],"frame_00017":[[943.4002075195312,536.96826171875,978.7686767578125,555.2021484375,0.7368078231811523]],"frame_00018":[],"frame_00019":[],"frame_00020":[],"frame_00021":[],"frame_00022":[],"frame_00023":[],"frame_00024":[],"frame_00025":[],"frame_00026":[],"frame_00027":[],"frame_00028":[],"frame_00029":[],"frame_00030":[],"frame_00031":[],"frame_00032":[],"frame_00033":[],"frame_00034":[],"frame_00035":[],"frame_00036":[],"frame_00037":[],"frame_00038":[],"frame_00039":[],"frame_00040":[],"frame_00041":[],"frame_00042":[],"frame_00043":[],"frame_00044":[],"frame_00045":[],"frame_00046":[],"frame_00047":[],"frame_00048":[],"frame_00049":[],"frame_00050":[],"frame_00051":[],"frame_00052":[],"frame_00053":[],"frame_00054":[],"frame_00055":[]}}