{"__manifest__":{"rgb_sha256_short":"6fd55349ad9d","weights_path":"C:\\Users\\User\\Desktop\\UNISA projects\\Drone detection\\es proj 3 thesis workspace\\ES_Drone_Detection\\RGB model\\Yolo26n_selcom_mixed_ft2_1280\\weights\\best.pt","imgsz":1280},"dets":{"frame_00001":[[458.08538818359375,623.215576171875,535.992431640625,702.5172119140625,0.7523141503334045]],"frame_00002":[[457.39837646484375,653.0933837890625,559.241943359375,737.5560302734375,0.8307949304580688]],"frame_00003":[[467.7019958496094,688.6297607421875,560.2642822265625,766.1298828125,0.7687289714813232]],"frame_00004":[[462.893798828125,700.788330078125,560.328369140625,786.2144775390625,0.7823257446289062]],"frame_00005":[[475.3076477050781,724.9205322265625,578.4813842773438,800.281494140625,0.7985248565673828],[551.61181640625,600.9549560546875,615.196044921875,638.0502319335938,0.5038148760795593]],"frame_00006":[[476.0845642089844,736.3436279296875,575.1427001953125,815.76318359375,0.8038865327835083]],"frame_00007":[[477.57830810546875,763.333984375,578.4255981445312,835.820556640625,0.5583176016807556],[536.9893798828125,620.2362060546875,620.1170043945312,675.4950561523438,0.5063610076904297]],"frame_00008":[[474.3269348144531,775.3804931640625,578.09228515625,827.3377685546875,0.7355915307998657],[537.6441040039062,623.3531494140625,599.5182495117188,667.9920654296875,0.5931139588356018]],"frame_00009":[],"frame_00010":[[475.4416809082031,702.578369140625,603.2154541015625,763.1878051757812,0.6970148086547852]],"frame_00011":[[447.98040771484375,530.2969970703125,600.1514282226562,686.6000366210938,0.8057608604431152]],"frame_00012":[[412.941162109375,484.1573486328125,615.4085083007812,590.0846557617188,0.8553662896156311]],"frame_00013":[[423.63189697265625,390.56005859375,650.83544921875,504.75164794921875,0.8572282195091248]],"frame_00014":[[505.5418395996094,272.5502014160156,675.5970458984375,424.7282409667969,0.8777216672897339]],"frame_00015":[[552.9506225585938,187.28884887695312,709.9786376953125,343.9112548828125,0.8933008909225464]],"frame_00016":[[567.8134765625,125.41230010986328,737.5027465820312,303.49896240234375,0.8266984224319458]],"frame_00017":[[628.5975952148438,119.75694274902344,773.751708984375,281.35333251953125,0.8645720481872559],[386.4055480957031,341.92572021484375,488.4562683105469,405.208740234375,0.7565708756446838]],"frame_00018":[[653.796875,94.53018951416016,813.906494140625,276.78399658203125,0.8603323698043823]],"frame_00019":[[686.9029541015625,136.90780639648438,856.7067260742188,325.1658020019531,0.8544909954071045]],"frame_00020":[[736.7229614257812,189.36183166503906,892.6910400390625,375.79754638671875,0.8516497015953064],[427.4424133300781,287.6766662597656,558.724365234375,397.1844177246094,0.25653475522994995]],"frame_00021":[[760.730712890625,249.72994995117188,907.542236328125,439.6877746582031,0.9025260806083679],[453.03826904296875,279.2722473144531,588.4866943359375,400.1060791015625,0.5922726988792419]],"frame_00022":[[746.3076782226562,336.46722412109375,920.0408935546875,517.802734375,0.31633925437927246],[745.96484375,340.40582275390625,921.009765625,517.6690673828125,0.26219311356544495]],"frame_00023":[[752.8712158203125,395.5014953613281,912.9158935546875,602.0413818359375,0.8599456548690796]],"frame_00024":[[738.8418579101562,485.2691345214844,894.148193359375,690.8395385742188,0.8862060308456421]],"frame_00025":[[704.9788818359375,577.72802734375,891.32275390625,756.6927490234375,0.3500286638736725]],"frame_00026":[[678.886962890625,668.1025390625,859.6506958007812,817.2388916015625,0.8410139679908752]],"frame_00027":[[680.436767578125,712.42626953125,837.2236328125,883.060791015625,0.8566576838493347]],"frame_00028":[[626.688232421875,797.5266723632812,852.3753662109375,961.9219970703125,0.8225067853927612]],"frame_00029":[[621.3297119140625,875.7167358398438,835.1310424804688,1021.459716796875,0.8518224954605103]],"frame_00030":[[619.737060546875,949.2310791015625,810.4161376953125,1081.606689453125,0.8384072184562683]],"frame_00031":[[601.2936401367188,1008.1837158203125,832.0281372070312,1134.2838134765625,0.8187565803527832]],"frame_00032":[[629.4673461914062,1041.628173828125,851.58447265625,1178.1995849609375,0.5925112962722778]],"frame_00033":[[670.259033203125,1031.09130859375,890.2714233398438,1189.7662353515625,0.6134468913078308]],"frame_00034":[[445.4585266113281,1057.0439453125,496.00164794921875,1092.415771484375,0.7777833342552185],[391.878173828125,966.8641357421875,417.93218994140625,994.9185791015625,0.6695556044578552]],"frame_00035":[[520.9573364257812,1044.27783203125,579.980224609375,1087.566162109375,0.8016270399093628],[449.88946533203125,956.9306030273438,508.6471252441406,988.8856201171875,0.7495860457420349]],"frame_00036":[[595.1049194335938,1034.517822265625,653.3803100585938,1076.7130126953125,0.8059970736503601],[513.745849609375,938.4431762695312,556.9785766601562,965.2568359375,0.8022317886352539]],"frame_00037":[[639.6314697265625,1022.732177734375,702.137451171875,1062.15478515625,0.8257346749305725],[558.2412109375,903.486083984375,609.8914184570312,946.9887084960938,0.5814489126205444]],"frame_00038":[[558.153076171875,884.9837646484375,607.0958251953125,918.0584106445312,0.8343461751937866],[652.55810546875,1011.2345581054688,715.281982421875,1050.06005859375,0.8282099962234497]],"frame_00039":[[556.190673828125,852.4982299804688,625.6932373046875,902.3842163085938,0.833536684513092],[641.0924072265625,997.229736328125,701.0966186523438,1044.11083984375,0.7924281358718872]],"frame_00040":[[605.9422607421875,989.23095703125,672.40478515625,1044.672119140625,0.8587704300880432],[533.5892333984375,851.40771484375,621.3292236328125,886.7407836914062,0.7866671681404114]],"frame_00041":[[554.9658203125,996.95263671875,617.801025390625,1053.238037109375,0.8598181009292603],[520.931884765625,817.2513427734375,585.266357421875,857.9317626953125,0.8148415684700012]],"frame_00042":[[497.77703857421875,1023.0741577148438,567.4096069335938,1078.2984619140625,0.7349971532821655]],"frame_00043":[[447.44500732421875,1060.293701171875,525.19873046875,1120.208984375,0.3451092541217804],[432.6790771484375,757.7022705078125,475.5357971191406,823.165771484375,0.276664674282074]],"frame_00044":[[401.74456787109375,1111.09521484375,486.83294677734375,1174.6322021484375,0.6503784656524658]],"frame_00045":[[399.535400390625,1165.1845703125,481.21759033203125,1228.2982177734375,0.3395761549472809]],"frame_00046":[[425.29071044921875,1208.3330078125,511.40887451171875,1271.1129150390625,0.6124828457832336],[428.69464111328125,1211.654052734375,510.6301574707031,1269.337646484375,0.37848231196403503]],"frame_00047":[[487.93804931640625,1229.45849609375,577.8603515625,1293.7830810546875,0.45719388127326965]],"frame_00048":[[543.1766357421875,1232.409912109375,631.9627075195312,1295.16259765625,0.3006611466407776]],"frame_00049":[[554.917724609375,848.9415893554688,621.448974609375,935.20947265625,0.3234383463859558]],"frame_00050":[[568.4877319335938,882.4031982421875,644.1043701171875,929.9291381835938,0.6506748199462891]],"frame_00051":[[580.9927978515625,1120.4071044921875,654.824951171875,1157.56396484375,0.7507123947143555]],"frame_00052":[[572.367431640625,1067.2623291015625,623.7810668945312,1100.8994140625,0.7699100971221924]],"frame_00053":[[541.8982543945312,1012.5863037109375,591.9457397460938,1045.16162109375,0.7755468487739563]],"frame_00054":[[487.6150817871094,953.1846313476562,553.12646484375,1000.1489868164062,0.27515357732772827]],"frame_00055":[[484.9471435546875,909.1800537109375,527.7423095703125,950.18017578125,0.5203441381454468]],"frame_00056":[[482.82275390625,880.269287109375,532.37451171875,911.905517578125,0.33730456233024597]],"frame_00057":[[490.0668640136719,849.7755126953125,535.4178466796875,879.10205078125,0.48970696330070496]],"frame_00058":[],"frame_00059":[],"frame_00060":[[498.07269287109375,785.621337890625,561.2451171875,825.3453369140625,0.5451063513755798]],