{"__manifest__":{"rgb_sha256_short":"ce084f1fea1e","weights_path":"C:\\Users\\User\\Desktop\\UNISA projects\\Drone detection\\es proj 3 thesis workspace\\ES_Drone_Detection\\runs\\corrective_finetune\\finetune_v3b\\weights\\best.pt","imgsz":640},"dets":{"frame_00001":[],"frame_00230":[],"frame_00231":[],"frame_00232":[],"frame_00233":[],"frame_00234":[],"frame_00235":[],"frame_00236":[],"frame_00237":[[208.62149047851562,1210.229248046875,792.0668334960938,1511.333251953125,0.4389594495296478]],"frame_00238":[],"frame_00239":[],"frame_00240":[[223.441162109375,1221.626708984375,788.5418701171875,1513.425537109375,0.6498917937278748]],"frame_00241":[[224.69192504882812,1246.6873779296875,804.8853149414062,1511.073974609375,0.6479522585868835]],"frame_00242":[[219.90310668945312,1249.041015625,813.0120849609375,1509.5537109375,0.5751921534538269]],"frame_00243":[],"frame_00244":[],"frame_00245":[],"frame_00246":[],"frame_00247":[],"frame_00248":[],"frame_00249":[],"frame_00250":[],"frame_00251":[],"frame_00252":[],"frame_00253":[],"frame_00254":[],"frame_00255":[],"frame_00256":[],"frame_00257":[],"frame_00258":[],"frame_00259":[],"frame_00260":[],"frame_00261":[],"frame_00262":[],"frame_00263":[],"frame_00264":[],"frame_00265":[[222.43032836914062,1341.067626953125,825.7174072265625,1680.1710205078125,0.41957876086235046]],"frame_00266":[[226.68923950195312,1346.92919921875,817.7477416992188,1672.229736328125,0.43671151995658875]],"frame_00267":[],"frame_00268":[],"frame_00269":[[231.82485961914062,1364.92724609375,797.9141235351562,1658.0615234375,0.4198567569255829]],"frame_00270":[],"frame_00271":[],"frame_00272":[],"frame_00273":[],"frame_00274":[],"frame_00275":[],"frame_00276":[],"frame_00277":[],"frame_00278":[],"frame_00279":[],"frame_00280":[],"frame_00281":[],"frame_00282":[],"frame_00283":[],"frame_00284":[[200.78643798828125,1337.646728515625,775.1268310546875,1612.630126953125,0.4475027322769165]],"frame_00285":[],"frame_00286":[],"frame_00287":[],"frame_00288":[[195.58203125,1343.9990234375,805.7828979492188,1642.9229736328125,0.42609408497810364]],"frame_00289":[],"frame_00290":[],"frame_00291":[],"frame_00292":[[191.68345642089844,1345.392578125,809.98974609375,1661.28369140625,0.5206981897354126]],"frame_00293":[[192.50230407714844,1351.2138671875,807.2777709960938,1656.6983642578125,0.6321284770965576]],"frame_00294":[[197.97750854492188,1354.2666015625,807.5499267578125,1659.921142578125,0.5619875192642212]],"frame_00295":[[194.9688262939453,1358.78564453125,796.6368408203125,1656.6082763671875,0.5727197527885437]],"frame_00296":[],"frame_00297":[],"frame_00298":[],"frame_00299":[],"frame_00300":[[191.75184631347656,304.0690612792969,733.0260009765625,531.3228759765625,0.769034206867218]],"frame_00301":[[194.84751892089844,188.8360137939453,780.8990478515625,456.54998779296875,0.8677765727043152]],"frame_00302":[[219.5599365234375,30.647483825683594,694.7951049804688,372.2932434082031,0.8599192500114441],[203.74639892578125,1416.849609375,851.7567138671875,1706.41552734375,0.4346146583557129]],"frame_00303":[[340.173095703125,4.505023956298828,702.6764526367188,279.574951171875,0.9078547954559326]],"frame_00304":[[356.6728515625,0.060230255126953125,666.889892578125,193.81283569335938,0.9173232316970825]],"frame_00305":[[344.22760009765625,1.460723876953125,778.9959716796875,128.35104370117188,0.5756102800369263]],"frame_00306":[],"frame_00307":[],"frame_00308":[],"frame_00309":[],"frame_00310":[],"frame_00311":[],"frame_00312":[],"frame_00313":[],"frame_00314":[],"frame_00315":[],"frame_00316":[[411.82659912109375,0.30612945556640625,687.3995361328125,184.1640625,0.8784626126289368]],"frame_00317":[[405.9967346191406,1.6673583984375,677.3048095703125,207.92132568359375,0.8500205278396606]],"frame_00318":[[431.50726318359375,0.0,685.2584228515625,252.54324340820312,0.932581901550293]],"frame_00319":[[435.5391540527344,57.615509033203125,663.65234375,284.32305908203125,0.9184364080429077]],"frame_00320":[[435.18902587890625,121.89356231689453,648.90966796875,310.0214538574219,0.8926986455917358]],"frame_00321":[[431.701416015625,175.86026000976562,636.0709228515625,339.9352722167969,0.5973822474479675],[429.72222900390625,177.00552368164062,634.8173828125,339.9955139160156,0.4949191212654114]],"frame_00322":[[439.5234375,216.46401977539062,621.3927001953125,363.27862548828125,0.9345275163650513]],"frame_00323":[[438.0165710449219,248.75946044921875,610.4371337890625,386.192138671875,0.9304258823394775]],"frame_00324":[[432.43212890625,278.1160583496094,603.8751220703125,405.466796875,0.6858832240104675]],"frame_00325":[[437.5575256347656,302.78619384765625,590.8922119140625,419.8508605957031,0.8727993369102478]],"frame_00326":[[435.19024658203125,325.6925964355469,579.677978515625,434.78363037109375,0.8668204545974731]],"frame_00327":[[437.56976318359375,352.55010986328125,575.0634765625,454.6510009765625,0.9188054203987122]],"frame_00328":[[437.5577087402344,358.9169921875,570.5855712890625,468.1636962890625,0.8791111707687378]],"frame_00329":[[439.3663330078125,391.3913269042969,558.012939453125,477.44189453125,0.8640847206115723]],"frame_00330":[[439.76751708984375,406.933349609375,553.3822631835938,489.28173828125,0.8861634135246277]],"frame_00331":[[435.18072509765625,419.5904846191406,543.5206909179688,498.73760986328125,0.6941115260124207]],"frame_00332":[[426.21002197265625,433.8457946777344,542.4454345703125,507.0277404785156,0.8388000130653381]],"frame_00333":[[430.600341796875,445.9393310546875,536.463134765625,511.95623779296875,0.789251446723938]],"frame_00334":[[433.816650390625,460.44964599609375,529.3173828125,518.78125,0.8676905035972595]],"frame_00335":[[433.21343994140625,468.4408264160156,521.1015625,524.67333984375,0.874294102191925]],"frame_00336":[[430.0068054199219,478.0908203125,525.3631591796875,532.286376953125,0.876350998878479]],"frame_00337":[[427.2248840332031,491.1624755859375,511.9402770996094,536.7728271484375,0.8562979102134705]],"frame_00338":[[424.5672912597656,494.24298095703125,511.9245300292969,539.806396484375,0.8762581944465637]],"frame_00339":[[424.3305358886719,503.74737548828125,511.53509521484375,542.466552734375,0.8287586569786072]],"frame_00340":[[426.58367919921875,506.44622802734375,505.7732849121094,544.9063720703125,0.8615617752075195]],"frame_00341":[[432.1878662109375,510.98638916015625,508.18438720703125,543.4873046875,0.7854660749435425]],"frame_00342":[[418.82147216796875,515.7645263671875,503.392333984375,548.996826171875,0.6991252303123474]],"frame_00343":[[422.3048095703125,518.9757690429688,497.1329345703125,552.2647705078125,0.6933954954147339],[249.0570831298828,1228.5003662109375,878.9154052734375,1510.685791015625,0.4222217798233032]],"frame_00344":[[425.689697265625,520.8770751953125,495.9561767578125,551.37255859375,0.7122433185577393]],"frame_00345":[[424.45562744140625,525.5299682617188,493.20428466796875,553.9047241210938,0.8349878191947937]],"frame_00346":[[423.832275390625,525.9547729492188,480.32476806640625,554.09619140625,0.5570791363716125]],"frame_00347":[],"frame_00348":[],"frame_00349":[[425.2222900390625,529.6129150390625,481.5872802734375,558.4879760742188,0.6990261673927307]],"frame_00350":[[420.6231689453125,529.6459350585938,480.86199951171875,558.9639892578125,0.7676776051521301]],"frame_00351":[[425.6513671875,532.0843505859375,480.65643310546875,558.9161987304688,0.7401118278503418]],"frame_00352":[[418.80950927734375,533.8572998046875,477.7689514160156,558.3652954101562,0.5932973623275757]],"frame_00353":[[419.2718505859375,533.640625,474.0823059082031,559.2890625,0.5267406105995178]],"frame_00354":[[414.4573059082031,535.1277465820312,467.07763671875,557.8626098632812,0.7854439616203308]],"frame_00355":[[420.61895751953125,533.3240966796875,472.8321533203125,557.751953125,0.5148855447769165]],"frame_00356":[[418.29150390625,531.9609985351562,466.0748291015625,554.9905395507812,0.808478057384491]],"frame_00357":[],