{"__manifest__":{"rgb_sha256_short":"ce084f1fea1e","weights_path":"C:\\Users\\User\\Desktop\\UNISA projects\\Drone detection\\es proj 3 thesis workspace\\ES_Drone_Detection\\runs\\corrective_finetune\\finetune_v3b\\weights\\best.pt","imgsz":640},"dets":{"frame_00001":[[0.0,680.8321533203125,969.413818359375,1293.197998046875,0.8317146301269531]],"frame_00002":[[0.0,709.4627685546875,1041.908935546875,1311.8876953125,0.8246009945869446]],"frame_00003":[[15.857757568359375,731.5523071289062,923.2708740234375,1271.740966796875,0.768125593662262],[17.593643188476562,722.0817260742188,908.4132080078125,1275.9383544921875,0.4253583550453186]],"frame_00004":[[1.178375244140625,703.114990234375,991.8927001953125,1287.0325927734375,0.7610651850700378]],"frame_00005":[[9.928939819335938,729.2269897460938,1001.4134521484375,1262.117919921875,0.7879001498222351]],"frame_00006":[[0.0,722.7333984375,1026.179931640625,1264.8013916015625,0.8096485733985901]],"frame_00007":[[0.0,719.7775268554688,1052.0828857421875,1336.940673828125,0.7621824145317078]],"frame_00008":[[26.26318359375,751.387939453125,1006.894287109375,1280.0308837890625,0.8701774477958679]],"frame_00017":[[14.03265380859375,737.4390869140625,1054.428466796875,1335.3192138671875,0.8312753438949585]],"frame_00018":[[0.0,737.2017822265625,1048.5263671875,1325.6832275390625,0.7911720275878906]],"frame_00019":[[1.2633819580078125,716.21826171875,1040.287841796875,1333.287353515625,0.6923111081123352]],"frame_00020":[[3.0618438720703125,737.3900756835938,1012.2628173828125,1308.8756103515625,0.7044176459312439]],"frame_00030":[[0.0,724.221923828125,1080.0,1134.930908203125,0.5901749730110168]],"frame_00039":[[0.0,746.2181396484375,762.6494140625,1278.3609619140625,0.6588853597640991]],"frame_00045":[],"frame_00046":[[0.0,749.082763671875,885.3929443359375,1275.16357421875,0.5384929180145264]],"frame_00047":[[200.2255096435547,1657.34912109375,236.35733032226562,1680.2750244140625,0.5063787698745728],[0.0,767.0458374023438,747.5732421875,1289.56103515625,0.42839932441711426]],"frame_00049":[],"frame_00050":[],"frame_00053":[],"frame_00054":[],"frame_00055":[],"frame_00056":[],"frame_00057":[],"frame_00058":[],"frame_00059":[],"frame_00060":[],"frame_00062":[],"frame_00063":[],"frame_00064":[],"frame_00065":[],"frame_00066":[],"frame_00067":[],"frame_00068":[],"frame_00069":[],"frame_00070":[],"frame_00071":[],"frame_00072":[],"frame_00073":[[416.1263122558594,808.3005981445312,686.9151611328125,953.5986328125,0.42356863617897034]],"frame_00074":[],"frame_00075":[],"frame_00076":[],"frame_00077":[],"frame_00078":[],"frame_00079":[],"frame_00080":[],"frame_00081":[],"frame_00082":[],"frame_00083":[],"frame_00084":[[69.41502380371094,873.7630004882812,106.17903900146484,896.0524291992188,0.4844278395175934]],"frame_00085":[],"frame_00087":[],"frame_00088":[],"frame_00091":[],"frame_00093":[],"frame_00094":[],"frame_00095":[],"frame_00096":[],"frame_00097":[],"frame_00098":[],"frame_00099":[],"frame_00102":[[940.6802978515625,1025.40283203125,974.4989013671875,1048.1661376953125,0.6894549131393433],[443.1678771972656,800.9331665039062,663.0994873046875,968.2913818359375,0.5211737751960754]],"frame_00103":[[441.74237060546875,775.4505615234375,662.6966552734375,962.42138671875,0.5948727130889893]],"frame_00104":[],"frame_00105":[[447.387451171875,772.3134155273438,664.4873046875,965.944580078125,0.5566324591636658]],"frame_00106":[[445.2730712890625,790.7957153320312,668.0798950195312,971.9214477539062,0.49589478969573975]],"frame_00107":[[451.8427734375,785.2076416015625,670.9766235351562,962.1072998046875,0.4806138873100281]],"frame_00108":[]}}