{"__manifest__":{"rgb_sha256_short":"6fd55349ad9d","weights_path":"C:\\Users\\User\\Desktop\\UNISA projects\\Drone detection\\es proj 3 thesis workspace\\ES_Drone_Detection\\RGB model\\Yolo26n_selcom_mixed_ft2_1280\\weights\\best.pt","imgsz":1280},"dets":{"frame_00001":[],"frame_00002":[],"frame_00003":[],"frame_00004":[],"frame_00005":[],"frame_00006":[[88.40025329589844,20.33708953857422,1080.0,699.4715576171875,0.5799183249473572]],"frame_00007":[],"frame_00008":[],"frame_00009":[[430.6923522949219,1190.609130859375,550.5679321289062,1250.696533203125,0.6491822004318237],[424.9684753417969,1190.9693603515625,602.7987060546875,1260.2711181640625,0.2833594083786011]],"frame_00010":[],"frame_00011":[[627.2481689453125,1078.369140625,697.8004150390625,1130.405517578125,0.2853429615497589]],"frame_00012":[],"frame_00013":[],"frame_00014":[[417.91595458984375,1082.1580810546875,620.2667236328125,1173.4688720703125,0.45761728286743164]],"frame_00015":[],"frame_00016":[],"frame_00017":[[719.8911743164062,824.8489990234375,753.9732055664062,839.76708984375,0.3148877024650574]],"frame_00018":[],"frame_00019":[],"frame_00020":[],"frame_00021":[]}}