{"__manifest__": {"weights_path": "C:\\Users\\User\\Desktop\\UNISA projects\\Drone detection\\es proj 3 thesis workspace\\ES_Drone_Detection\\RGB model\\Yolo26n_selcom_confuser_ft4_1280\\weights\\best.pt", "imgsz": 1280, "conf": 0.25}, "dets": {"frame_00001": [[255.99407958984375, 1119.303466796875, 351.09918212890625, 1185.1951904296875, 0.34187576174736023]], "frame_00002": [[450.1258544921875, 965.7361450195312, 500.1294250488281, 999.5143432617188, 0.5482190847396851], [499.75213623046875, 1034.8863525390625, 547.528564453125, 1067.0465087890625, 0.354559063911438]], "frame_00003": [], "frame_00004": [[568.422607421875, 879.9698486328125, 612.3435668945312, 921.0957641601562, 0.5534921884536743]], "frame_00005": [[536.4692993164062, 894.427490234375, 577.0087890625, 932.7742919921875, 0.3242305815219879]], "frame_00006": [[908.695068359375, 1800.42236328125, 928.7953491210938, 1822.349853515625, 0.31132543087005615]], "frame_00007": [[674.7118530273438, 786.4595947265625, 725.331787109375, 833.6222534179688, 0.4524977505207062]], "frame_00008": [[699.88427734375, 773.3604736328125, 750.5831298828125, 808.3917846679688, 0.33620887994766235]], "frame_00009": [[724.7511596679688, 758.154541015625, 776.5014038085938, 808.042724609375, 0.7555904984474182], [608.1497802734375, 783.5355834960938, 649.37060546875, 821.8804321289062, 0.26405173540115356]], "frame_00010": [], "frame_00011": [], "frame_00012": [], "frame_00013": [[631.1226806640625, 1373.8824462890625, 688.542236328125, 1427.4862060546875, 0.7359399199485779]], "frame_00014": [[389.67279052734375, 1275.66552734375, 445.9327697753906, 1319.260986328125, 0.7350889444351196]], "frame_00015": [[687.517822265625, 1377.7523193359375, 738.4837036132812, 1432.5618896484375, 0.7505607604980469]], "frame_00016": [[584.9061279296875, 1702.2586669921875, 627.5472412109375, 1723.1611328125, 0.6874248385429382]], "frame_00017": [], "frame_00018": [[941.61474609375, 1487.0438232421875, 970.8316040039062, 1508.2161865234375, 0.30487877130508423]], "frame_00019": [], "frame_00020": []}}