{"__manifest__":{"rgb_sha256_short":"80b41e568b15","weights_path":"C:\\Users\\User\\Desktop\\UNISA projects\\Drone detection\\es proj 3 thesis workspace\\ES_Drone_Detection\\RGB model\\Yolo26n_trained\\weights\\best.pt","imgsz":1280},"dets":{"frame_00001":[[504.6607360839844,834.619140625,559.5153198242188,889.9678955078125,0.8156649470329285]],"frame_00002":[[495.085205078125,869.5816650390625,553.0560302734375,893.82568359375,0.48942434787750244],[496.5883483886719,832.4536743164062,551.5516357421875,893.1370239257812,0.4099176824092865]],"frame_00003":[[494.3291931152344,828.36279296875,531.655517578125,865.20751953125,0.4363787770271301],[488.7746887207031,827.4549560546875,539.3692626953125,892.3189697265625,0.3060356676578522],[486.88214111328125,870.4205322265625,544.9651489257812,895.654296875,0.25835102796554565]],"frame_00004":[],"frame_00005":[[460.654052734375,872.758544921875,524.3155517578125,899.7116088867188,0.32211267948150635]],"frame_00006":[[447.6757507324219,833.0029296875,483.4383544921875,859.1449584960938,0.43332308530807495],[447.30340576171875,876.4909057617188,512.7957763671875,901.7022705078125,0.4240502119064331]],"frame_00007":[],"frame_00010":[[417.61334228515625,900.1910400390625,487.1688232421875,928.2257080078125,0.8246540427207947]],"frame_00011":[[408.25860595703125,903.5748291015625,480.1636047363281,953.4676513671875,0.8650359511375427]],"frame_00012":[[400.19342041015625,907.0328369140625,473.06219482421875,936.854736328125,0.8329772353172302]],"frame_00013":[[401.57659912109375,908.3289184570312,474.4124450683594,937.8309326171875,0.8547767400741577],[495.4822998046875,951.54150390625,521.0799560546875,976.3914794921875,0.7748225927352905]],"frame_00014":[[402.40216064453125,903.751953125,474.234619140625,934.74462890625,0.8295923471450806],[521.2515869140625,967.7437744140625,545.7435302734375,990.2481689453125,0.7199681401252747]],"frame_00015":[[409.0553283691406,902.526611328125,482.40057373046875,933.3021240234375,0.8032618165016174],[536.0568237304688,953.6671142578125,570.91015625,983.4541015625,0.7864699363708496]],"frame_00016":[[412.1474304199219,902.4002685546875,488.07696533203125,932.061279296875,0.8039767146110535],[563.1196899414062,959.40185546875,588.951171875,977.3116455078125,0.304474800825119]],"frame_00017":[[419.0620422363281,898.6097412109375,495.935546875,930.077392578125,0.8097760677337646],[584.12353515625,960.6066284179688,609.1268310546875,975.75341796875,0.48330628871917725]],"frame_00018":[[422.9779052734375,894.6004638671875,504.6298828125,928.6217041015625,0.8668838739395142],[604.9712524414062,960.2603759765625,628.7159423828125,974.90966796875,0.2950657606124878]],"frame_00019":[[429.02423095703125,891.19482421875,510.51519775390625,924.75537109375,0.8649312853813171]],"frame_00020":[[443.93804931640625,884.9063720703125,525.1282958984375,920.291748046875,0.839252233505249],[646.9732666015625,946.3515014648438,672.8905029296875,970.2240600585938,0.7852784991264343]],"frame_00021":[[464.9436950683594,873.869384765625,550.6427612304688,914.0040283203125,0.8590545058250427],[667.4352416992188,917.018310546875,709.890380859375,955.1495361328125,0.8434588313102722]],"frame_00022":[[480.0772705078125,868.202392578125,567.00927734375,907.5045776367188,0.8661903142929077],[689.841796875,914.925537109375,726.8485717773438,945.6652221679688,0.8570616841316223]],"frame_00023":[[488.8008728027344,860.4223022460938,577.191162109375,903.041748046875,0.8535630702972412],[696.6153564453125,910.21484375,731.3335571289062,931.1505126953125,0.7073166966438293]],"frame_00024":[[499.201171875,854.7518310546875,581.4583129882812,899.1791381835938,0.8865862488746643],[689.44140625,895.315185546875,719.6217041015625,918.0133056640625,0.773381233215332]],"frame_00025":[[491.3879699707031,851.36083984375,585.0320434570312,897.3125,0.8706387877464294],[671.8410034179688,880.6378173828125,711.03759765625,904.800537109375,0.8128078579902649]],"frame_00026":[[491.7464904785156,849.157958984375,586.0816040039062,895.333984375,0.8792406320571899]],"frame_00027":[[488.0131530761719,843.94677734375,588.1658325195312,893.8209228515625,0.8761367201805115]],"frame_00028":[[490.6295166015625,843.8094482421875,623.7020263671875,900.8638916015625,0.8310002088546753]],"frame_00030":[[493.6462097167969,841.8421630859375,585.1950073242188,892.1083374023438,0.8182969093322754],[602.1883544921875,821.1312255859375,653.7745361328125,866.59912109375,0.37930652499198914]],"frame_00031":[[476.8481140136719,837.5345458984375,574.2533569335938,894.1854248046875,0.8323025703430176],[615.0284423828125,795.7838134765625,675.7258911132812,855.2620849609375,0.8007464408874512]],"frame_00032":[[470.61541748046875,837.1638793945312,563.3547973632812,897.4520874023438,0.7586632370948792]],"frame_00033":[[455.90338134765625,838.1600341796875,552.978271484375,896.8509521484375,0.8409332633018494],[657.5542602539062,825.1023559570312,713.4249267578125,855.4510498046875,0.4802093505859375]],"frame_00034":[[451.7242126464844,834.5040283203125,548.5120239257812,897.2755737304688,0.8352816104888916],[670.5280151367188,805.31640625,726.3705444335938,841.6492919921875,0.521308958530426]],"frame_00035":[[443.0018310546875,835.6551513671875,543.6010131835938,897.5103149414062,0.3187669515609741]],"frame_00036":[[430.874755859375,832.2135009765625,532.5765380859375,898.2756958007812,0.8956863880157471],[678.4918823242188,780.0221557617188,734.1183471679688,829.7667846679688,0.29261285066604614]],"frame_00037":[[426.30438232421875,837.4208984375,525.87451171875,900.879150390625,0.8174925446510315],[661.8158569335938,801.179443359375,724.8828125,822.913818359375,0.5492874383926392]],"frame_00038":[[420.5260009765625,839.4222412109375,514.5120849609375,903.1590576171875,0.7510789036750793],[646.8991088867188,787.748779296875,708.2467651367188,854.3120727539062,0.3293364346027374],[646.3966064453125,787.3672485351562,709.194091796875,855.4564208984375,0.29906022548675537]],"frame_00039":[[405.8111572265625,838.94775390625,501.621337890625,906.5357666015625,0.8821096420288086],[611.9752197265625,806.3336791992188,673.8783569335938,838.4520263671875,0.2576361894607544]],"frame_00040":[[405.36138916015625,846.291015625,489.630615234375,909.2552490234375,0.5781717896461487]],"frame_00041":[[395.3731689453125,852.6634521484375,485.42156982421875,919.7964477539062,0.8401029706001282]],"frame_00042":[[390.16265869140625,864.3507080078125,487.97967529296875,932.03369140625,0.8099298477172852],[389.721435546875,864.837890625,488.23834228515625,931.7198486328125,0.51529860496521]],"frame_00043":[[407.6241760253906,877.59814453125,496.91876220703125,945.3989868164062,0.8604564666748047]],"frame_00044":[[415.42291259765625,857.7899780273438,568.6701049804688,957.855224609375,0.7435604333877563]],"frame_00045":[[412.2147216796875,902.51220703125,496.5831298828125,968.3117065429688,0.7180457711219788],[520.1566162109375,852.556884765625,579.1493530273438,913.8370971679688,0.33791258931159973]],"frame_00046":[[384.2940673828125,919.2459716796875,486.76837158203125,983.385986328125,0.8492621183395386],[541.3975219726562,825.1260986328125,596.0850219726562,910.487548828125,0.7866877913475037]],"frame_00047":[[572.9966430664062,836.3340454101562,630.229736328125,870.4011840820312,0.8550954461097717],[369.0499572753906,932.1187744140625,461.91473388671875,996.4923095703125,0.8283981084823608],[370.3562316894531,932.008056640625,463.6842041015625,994.5867919921875,0.2641376256942749]],"frame_00048":[[338.2594909667969,946.3038330078125,436.4100036621094,1012.591064453125,0.8756992816925049],[605.0382080078125,844.7359619140625,662.3478393554688,871.08935546875,0.7580020427703857]],"frame_00049":[[315.3443603515625,961.3968505859375,412.41644287109375,1025.985107421875,0.8927605152130127],[628.1399536132812,862.87109375,691.8226318359375,904.1444091796875,0.8842033743858337]],