{"__manifest__":{"rgb_sha256_short":"6fd55349ad9d","weights_path":"C:\\Users\\User\\Desktop\\UNISA projects\\Drone detection\\es proj 3 thesis workspace\\ES_Drone_Detection\\RGB model\\Yolo26n_selcom_mixed_ft2_1280\\weights\\best.pt","imgsz":960},"dets":{"frame_00001":[[553.036865234375,619.8185424804688,829.9054565429688,791.6791381835938,0.6570446491241455]],"frame_00002":[[482.4621276855469,552.087158203125,636.935546875,698.4614868164062,0.7628147602081299]],"frame_00003":[],"frame_00004":[[423.3980712890625,626.6937866210938,557.7322387695312,756.108642578125,0.8139023184776306]],"frame_00005":[[360.9088134765625,677.1444702148438,497.556396484375,800.0589599609375,0.8464937210083008]],"frame_00006":[[312.0071105957031,662.8141479492188,436.28863525390625,778.510498046875,0.8095406293869019]],"frame_00007":[[258.9657287597656,626.2010498046875,383.2408752441406,742.58056640625,0.803040623664856]],"frame_00008":[[209.05332946777344,577.7774658203125,335.61578369140625,684.9112548828125,0.8317825198173523]],"frame_00009":[[114.73422241210938,360.080078125,242.9996795654297,463.23907470703125,0.7102386951446533]],"frame_00010":[],"frame_00011":[],"frame_00012":[],"frame_00013":[[770.3058471679688,1661.595458984375,799.7568969726562,1690.3673095703125,0.26720449328422546]],"frame_00014":[[236.2837371826172,1788.0472412109375,282.5140380859375,1820.2283935546875,0.587695837020874]],"frame_00015":[],"frame_00016":[],"frame_00017":[],"frame_00018":[],"frame_00019":[],"frame_00020":[]}}