{"__manifest__":{"rgb_sha256_short":"80b41e568b15","weights_path":"C:\\Users\\User\\Desktop\\UNISA projects\\Drone detection\\es proj 3 thesis workspace\\ES_Drone_Detection\\RGB model\\Yolo26n_trained\\weights\\best.pt","imgsz":1280},"dets":{"frame_00001":[[547.8023681640625,627.483154296875,703.764892578125,783.6572265625,0.8998556137084961]],"frame_00002":[[486.34063720703125,554.135498046875,637.2239990234375,699.5189819335938,0.8984440565109253]],"frame_00003":[[458.86614990234375,602.6567993164062,631.6360473632812,756.9119873046875,0.5466859340667725]],"frame_00004":[[416.67852783203125,629.0479125976562,553.6919555664062,762.9817504882812,0.8739978075027466]],"frame_00005":[[359.2453918457031,679.3956298828125,497.655517578125,802.7073974609375,0.9045185446739197]],"frame_00006":[[307.6966552734375,663.0540771484375,437.46258544921875,780.5703125,0.8925405144691467]],"frame_00007":[[255.47015380859375,630.9320068359375,385.4497375488281,742.3722534179688,0.8937283158302307]],"frame_00008":[[205.19625854492188,577.8851318359375,336.53668212890625,683.0479736328125,0.8819983005523682]],"frame_00009":[[117.19261169433594,360.9144287109375,243.68563842773438,463.21734619140625,0.885820746421814]],"frame_00010":[[13.284387588500977,137.0006561279297,136.46583557128906,216.45993041992188,0.5931728482246399]],"frame_00011":[],"frame_00012":[[795.9759521484375,1843.9127197265625,820.0113525390625,1866.7900390625,0.2759663164615631]],"frame_00013":[[772.9348754882812,1664.37158203125,797.01025390625,1688.96875,0.6786054372787476]],"frame_00014":[[712.2208862304688,1506.179931640625,734.9326171875,1531.346435546875,0.37524378299713135]],"frame_00015":[],"frame_00016":[],"frame_00017":[],"frame_00018":[],"frame_00019":[[315.6922607421875,1379.4443359375,345.3564758300781,1402.8489990234375,0.431421160697937]],"frame_00020":[]}}