{"__manifest__":{"rgb_sha256_short":"6fd55349ad9d","weights_path":"C:\\Users\\User\\Desktop\\UNISA projects\\Drone detection\\es proj 3 thesis workspace\\ES_Drone_Detection\\RGB model\\Yolo26n_selcom_mixed_ft2_1280\\weights\\best.pt","imgsz":960},"dets":{"frame_00001":[[911.8814697265625,469.43072509765625,1110.1871337890625,548.7003173828125,0.7997019290924072]],"frame_00002":[[890.2666625976562,369.30816650390625,1110.3455810546875,459.39959716796875,0.6586025953292847]],"frame_00003":[[852.3500366210938,317.1171875,1108.2216796875,424.2493896484375,0.5543360710144043]],"frame_00004":[],"frame_00005":[],"frame_00006":[[654.3653564453125,371.78173828125,1150.5946044921875,720.861572265625,0.5949743986129761]],"frame_00007":[],"frame_00008":[[1372.05908203125,0.0,1403.9853515625,16.318105697631836,0.323978453874588]],"frame_00009":[],"frame_00010":[[1625.42529296875,281.1331481933594,1892.343017578125,458.297119140625,0.6921947002410889]],"frame_00011":[[1657.7755126953125,295.9399719238281,1920.0,493.0298156738281,0.7848448157310486]],"frame_00012":[[1468.6336669921875,320.193115234375,1765.676025390625,502.4022521972656,0.8829522728919983]],"frame_00013":[[1175.763671875,324.9567565917969,1481.600830078125,491.20135498046875,0.8526433706283569]],"frame_00014":[[1305.7757568359375,325.5836181640625,1625.305419921875,497.5716247558594,0.858866810798645],[447.7610168457031,939.8666381835938,493.07244873046875,962.633544921875,0.25359275937080383]],"frame_00015":[[1424.702880859375,325.4467468261719,1780.1405029296875,508.28948974609375,0.8136025667190552],[1432.7760009765625,903.4912719726562,1484.5142822265625,925.2680053710938,0.3306344449520111]],"frame_00016":[[1010.6668090820312,352.20306396484375,1392.886474609375,546.6385498046875,0.8065031170845032]],"frame_00017":[],"frame_00018":[],"frame_00019":[],"frame_00020":[],"frame_00021":[],"frame_00022":[],"frame_00023":[],"frame_00024":[],"frame_00025":[],"frame_00026":[],"frame_00027":[],"frame_00028":[],"frame_00029":[],"frame_00030":[],"frame_00031":[],"frame_00032":[],"frame_00033":[],"frame_00034":[],"frame_00035":[],"frame_00036":[],"frame_00037":[],"frame_00038":[],"frame_00039":[],"frame_00040":[],"frame_00041":[],"frame_00042":[],"frame_00043":[],"frame_00044":[],"frame_00045":[],"frame_00046":[],"frame_00047":[],"frame_00048":[],"frame_00049":[],"frame_00050":[],"frame_00051":[],"frame_00052":[],"frame_00053":[],"frame_00054":[[809.8121948242188,997.0320434570312,938.8417358398438,1048.6668701171875,0.7555758357048035],[1827.2474365234375,728.5528564453125,1874.1119384765625,765.357177734375,0.2947253882884979]],"frame_00055":[[786.6716918945312,988.41748046875,944.9635009765625,1062.360107421875,0.3722192347049713]],"frame_00056":[[744.243896484375,939.5450439453125,936.6297607421875,1032.2261962890625,0.8307040929794312]],"frame_00057":[[687.3972778320312,871.0048217773438,918.197265625,1003.228759765625,0.7790088057518005]],"frame_00058":[],"frame_00059":[[237.0560760498047,449.8310546875,620.9774169921875,757.6517333984375,0.7165699005126953],[239.7547149658203,449.821044921875,622.3170166015625,737.08447265625,0.3507242798805237]],"frame_00060":[[363.84783935546875,65.3140869140625,850.1104736328125,500.0113525390625,0.7510111331939697]],"frame_00061":[[875.7662963867188,121.8289794921875,1255.637451171875,477.13861083984375,0.6344282031059265]],"frame_00062":[[1361.307861328125,457.5510559082031,1612.18115234375,687.4485473632812,0.8490044474601746]],"frame_00063":[[1573.0247802734375,744.3881225585938,1798.660888671875,903.107177734375,0.797412633895874]],"frame_00064":[[1747.339111328125,939.8960571289062,1920.0,1067.504150390625,0.6103981137275696]],"frame_00065":[],"frame_00066":[],"frame_00067":[],"frame_00068":[],"frame_00069":[],"frame_00070":[],"frame_00071":[],"frame_00072":[],"frame_00073":[],"frame_00074":[],"frame_00075":[],"frame_00076":[],"frame_00077":[],"frame_00078":[],"frame_00079":[],"frame_00080":[],"frame_00081":[[524.3536376953125,499.846923828125,1435.0753173828125,829.3695068359375,0.34678441286087036]],"frame_00082":[],"frame_00083":[],"frame_00084":[],"frame_00085":[],"frame_00086":[[539.1605834960938,570.026611328125,974.0906982421875,752.349853515625,0.27579018473625183]],"frame_00087":[],"frame_00088":[],"frame_00089":[],"frame_00090":[],"frame_00091":[[363.600830078125,460.7815856933594,870.2197265625,611.343505859375,0.48749208450317383]],"frame_00092":[[170.7244873046875,156.73672485351562,1086.98095703125,456.9185791015625,0.3967747688293457],[163.03317260742188,157.90802001953125,1044.3740234375,458.7861328125,0.32795366644859314]],"frame_00093":[[0.0,0.0,1079.60546875,197.6446990966797,0.6269493699073792]],"frame_00094":[],"frame_00095":[],"frame_00096":[],"frame_00097":[],"frame_00098":[],"frame_00099":[],"frame_00100":[],"frame_00101":[],"frame_00102":[],"frame_00103":[],"frame_00104":[],"frame_00105":[],"frame_00106":[],"frame_00107":[],"frame_00108":[],"frame_00109":[],"frame_00110":[[425.872802734375,269.1307067871094,1013.8623046875,576.54541015625,0.39503809809684753]],"frame_00111":[[362.13006591796875,502.41143798828125,908.308837890625,750.7409057617188,0.5897782444953918]],"frame_00112":[[400.5973815917969,473.5831298828125,962.1557006835938,770.0693359375,0.7710497379302979]],"frame_00113":[[137.4031982421875,460.3774108886719,731.760498046875,758.64697265625,0.7716201543807983]],"frame_00114":[[297.3898010253906,451.3677978515625,907.5462646484375,761.7850952148438,0.7566433548927307]],"frame_00115":[[192.42477416992188,415.1414794921875,809.4902954101562,709.28466796875,0.7674753665924072]],"frame_00116":[],"frame_00117":[],"frame_00118":[],"frame_00119":[],"frame_00120":[],"frame_00121":[],"frame_00122":[],"frame_00123":[],"frame_00124":[],"frame_00125":[],"frame_00126":[],"frame_00127":[],"frame_00128":[],"frame_00129":[],"frame_00130":[],"frame_00131":[],"frame_00132":[],"frame_00133":[],"frame_00134":[],"frame_00135":[],"frame_00136":[],"frame_00137":[],"frame_00138":[],"frame_00139":[],"frame_00140":[],"frame_00141":[],"frame_00142":[[782.7659912109375,567.6591186523438,901.1827392578125,681.0575561523438,0.8365615010261536]],"frame_00143":[],"frame_00144":[[811.9312133789062,237.22515869140625,984.7805786132812,374.5699462890625,0.8399477005004883]],"frame_00145":[[813.3953857421875,30.295204162597656,1017.4642333984375,189.49691772460938,0.7156156897544861]],"frame_00146":[[916.2766723632812,0.0,1092.277099609375,135.10035705566406,0.6239933967590332]],"frame_00147":[[1039.4564208984375,106.1021499633789,1180.4423828125,228.61190795898438,0.8063667416572571]],"frame_00148":[[1145.089111328125,269.2187805175781,1253.4049072265625,368.0769348144531,0.6631616950035095]],"frame_00149":[[1180.5234375,429.607177734375,1274.0614013671875,512.724853515625,0.7828530073165894]],"frame_00150":[[1155.212646484375,572.79833984375,1240.341064453125,643.1007080078125,0.7721728682518005]],"frame_00151":[[1127.1158447265625,690.2464599609375,1206.0067138671875,750.0701904296875,0.7511947751045227]],"frame_00152":[[1159.7476806640625,779.4391479492188,1233.705810546875,833.6036987304688,0.7354815006256104]],"frame_00153":[[1207.6800537109375,850.95849609375,1281.302734375,901.2130737304688,0.7249343991279602]],"frame_00154":[[1254.608154296875,912.2984619140625,1326.091552734375,959.619384765625,0.7549141049385071]],"frame_00155":[[1291.6383056640625,966.4254760742188,1356.8890380859375,1008.6558227539062,0.7561641931533813]],"frame_00156":[[1326.74951171875,1021.6268310546875,1374.2274169921875,1053.615478515625,0.5980994701385498]],"frame_00157":[],"frame_00158":[],"frame_00159":[],"frame_00160":[],"frame_00161":[],"frame_00162":[],"frame_00163":[],"frame_00164":[],"frame_00165":[],"frame_00166":[],"frame_00167":[[1040.2978515625,607.8837280273438,1312.630615234375,720.70849609375,0.7237052917480469]],"frame_00168":[[1021.8432006835938,600.3278198242188,1312.159423828125,712.70654296875,0.7740506529808044]],