{"__manifest__":{"rgb_sha256_short":"6fd55349ad9d","weights_path":"C:\\Users\\User\\Desktop\\UNISA projects\\Drone detection\\es proj 3 thesis workspace\\ES_Drone_Detection\\RGB model\\Yolo26n_selcom_mixed_ft2_1280\\weights\\best.pt","imgsz":1280},"dets":{"frame_00001":[],"frame_00002":[[448.81732177734375,964.0506591796875,498.6412353515625,999.828369140625,0.7322322726249695],[500.5307922363281,1033.7880859375,548.848876953125,1066.0888671875,0.6067527532577515]],"frame_00003":[[514.7811279296875,954.2938842773438,559.1307373046875,991.34326171875,0.3441808819770813],[525.3258056640625,913.8045654296875,575.029296875,949.4613037109375,0.26509296894073486]],"frame_00004":[[568.5732421875,878.907470703125,613.8748779296875,922.0479125976562,0.720198929309845],[505.63885498046875,905.694091796875,548.6859130859375,948.5567626953125,0.25370776653289795]],"frame_00005":[[604.4120483398438,837.3359985351562,651.013427734375,882.3629150390625,0.7255838513374329],[534.36865234375,893.2666015625,576.03857421875,932.040771484375,0.693666934967041]],"frame_00006":[[563.230712890625,847.696044921875,603.7179565429688,883.885986328125,0.5222347974777222],[908.1612548828125,1797.7119140625,929.1443481445312,1823.545166015625,0.4081394672393799],[645.9736328125,805.7210083007812,695.9573364257812,849.868896484375,0.3134705722332001]],"frame_00007":[[675.2454833984375,783.9743041992188,726.1773681640625,833.0363159179688,0.7246488332748413]],"frame_00008":[[698.6707763671875,772.510986328125,749.916259765625,808.7152099609375,0.6458004117012024],[578.6588134765625,805.9073486328125,623.6219482421875,832.9495239257812,0.4576410949230194]],"frame_00009":[[726.015625,757.836669921875,776.262939453125,807.68505859375,0.7892278432846069],[607.175537109375,782.6417236328125,649.6549682617188,822.920166015625,0.7825314998626709]],"frame_00010":[[620.502685546875,824.7091064453125,657.2012939453125,847.1098022460938,0.37012267112731934]],"frame_00011":[[675.8116455078125,893.6451416015625,707.7877197265625,913.443359375,0.44465261697769165]],"frame_00012":[],"frame_00013":[[630.2581787109375,1372.829345703125,689.7445678710938,1426.765625,0.7849856615066528],[228.53530883789062,1086.3798828125,280.2967834472656,1145.4248046875,0.37383997440338135]],"frame_00014":[[388.26806640625,1274.186767578125,446.8550720214844,1320.19921875,0.7965488433837891]],"frame_00015":[[687.6641845703125,1377.407470703125,737.3475952148438,1431.729248046875,0.7718688249588013],[759.3473510742188,1726.839111328125,797.8192749023438,1762.12060546875,0.7404379844665527]],"frame_00016":[[585.974853515625,1702.088134765625,627.2329711914062,1722.811767578125,0.7261133193969727],[807.4209594726562,1393.8048095703125,845.3807373046875,1424.1224365234375,0.6300426125526428]],"frame_00017":[],"frame_00018":[],"frame_00019":[[951.1752319335938,1551.11279296875,993.3392944335938,1571.3382568359375,0.6466144323348999],[606.079345703125,1642.4044189453125,635.2503662109375,1657.694580078125,0.4060121774673462]],"frame_00020":[]}}