{"__manifest__":{"rgb_sha256_short":"6fd55349ad9d","weights_path":"C:\\Users\\User\\Desktop\\UNISA projects\\Drone detection\\es proj 3 thesis workspace\\ES_Drone_Detection\\RGB model\\Yolo26n_selcom_mixed_ft2_1280\\weights\\best.pt","imgsz":1280},"dets":{"frame_00057":[],"frame_00058":[],"frame_00059":[],"frame_00060":[],"frame_00061":[],"frame_00062":[],"frame_00102":[],"frame_00104":[],"frame_00105":[],"frame_00106":[],"frame_00107":[[539.1904296875,749.1056518554688,1036.863037109375,944.4224853515625,0.6433530449867249]],"frame_00108":[[533.1417236328125,703.7794189453125,1027.19482421875,913.7193603515625,0.6929498910903931]],"frame_00109":[[527.2319946289062,670.300048828125,1020.873291015625,878.556884765625,0.6895225644111633]],"frame_00110":[[528.9398193359375,631.7969360351562,1010.9646606445312,839.03564453125,0.3983168601989746]],"frame_00111":[[523.9493408203125,584.375244140625,1004.9747314453125,820.192626953125,0.5679436326026917],[517.3387451171875,579.8681640625,1015.7561645507812,816.3554077148438,0.3660311996936798]],"frame_00112":[[524.1376953125,545.3218994140625,1002.6864624023438,783.1968383789062,0.7566654682159424]],"frame_00113":[[520.6101684570312,512.5326538085938,999.23095703125,753.118408203125,0.6819108724594116]],"frame_00114":[[516.1414184570312,478.5524597167969,996.86328125,733.7474975585938,0.7423371076583862]],"frame_00115":[[517.2423706054688,445.389404296875,995.857177734375,708.7300415039062,0.7765151858329773]],"frame_00116":[[516.6473388671875,430.42767333984375,996.93896484375,689.5165405273438,0.7752566933631897]],"frame_00117":[[515.0662841796875,416.562744140625,990.0470581054688,683.8929443359375,0.601777195930481],[516.954345703125,408.1934509277344,989.4966430664062,675.517333984375,0.41700857877731323]],"frame_00118":[[516.4613647460938,397.7370300292969,991.2894287109375,672.230712890625,0.7199143767356873]],"frame_00119":[[514.1171875,394.335693359375,989.1571044921875,668.711669921875,0.7656047940254211]],"frame_00120":[[515.40087890625,395.111083984375,988.5584106445312,668.7538452148438,0.7628542184829712]],"frame_00121":[[516.8594360351562,402.54498291015625,985.1555786132812,670.345703125,0.669234573841095]],"frame_00122":[[519.4925537109375,405.9573669433594,985.1513671875,672.76904296875,0.6090062856674194]],"frame_00123":[[516.237060546875,421.2889709472656,981.0443115234375,684.184814453125,0.6959794163703918],[517.4456787109375,413.49493408203125,978.6099243164062,677.1640625,0.3936205804347992]],"frame_00124":[[517.6256103515625,425.769287109375,977.7775268554688,685.9654541015625,0.7810255289077759]],"frame_00125":[[517.6572875976562,429.9383239746094,974.6896362304688,688.1055297851562,0.7996452450752258]],"frame_00126":[[516.9091186523438,437.5339050292969,968.5204467773438,690.8115844726562,0.7809845209121704]],"frame_00127":[[514.578857421875,441.0589599609375,962.6842041015625,695.976806640625,0.7743837237358093]],"frame_00128":[[511.38116455078125,444.2791748046875,958.9854125976562,699.0471801757812,0.7629354000091553]],"frame_00129":[[506.3097839355469,446.77587890625,957.5806884765625,704.7406005859375,0.7560133337974548]],"frame_00130":[[504.4320068359375,448.00390625,954.295166015625,703.9327392578125,0.7720341682434082]],"frame_00131":[[501.4748840332031,447.2421569824219,951.0255126953125,706.0702514648438,0.7676197290420532]],"frame_00132":[[495.71435546875,441.04296875,939.12255859375,707.4439086914062,0.7688083052635193]],"frame_00133":[[491.66949462890625,446.27545166015625,923.6414794921875,708.4785766601562,0.6523827910423279]],"frame_00134":[[489.2232971191406,444.85540771484375,911.2439575195312,711.4445190429688,0.7453500628471375]],"frame_00135":[[482.3890686035156,450.1035461425781,908.17578125,714.7054443359375,0.6004472970962524]],"frame_00136":[[480.0702209472656,465.8605041503906,896.1502685546875,727.5009155273438,0.7688772678375244],[482.5020751953125,460.23712158203125,898.26171875,716.7286376953125,0.41139498353004456]],"frame_00137":[[478.789794921875,479.3809814453125,877.88818359375,732.37060546875,0.8079169392585754]],"frame_00138":[[472.3865661621094,488.83935546875,859.95361328125,734.005615234375,0.8232609033584595]],"frame_00139":[[466.0469055175781,507.7154846191406,855.09716796875,737.7368774414062,0.8436869382858276]],"frame_00140":[[465.26007080078125,529.0054931640625,834.453857421875,741.1237182617188,0.7823984026908875]],"frame_00141":[[455.5079345703125,539.9806518554688,812.4688110351562,763.6307373046875,0.8215943574905396]],"frame_00142":[[459.20709228515625,557.094970703125,800.1209106445312,770.6808471679688,0.8145087957382202]],"frame_00143":[[458.3828125,576.9466552734375,783.7530517578125,778.853759765625,0.32455548644065857]],"frame_00144":[],"frame_00145":[],"frame_00146":[],"frame_00147":[[456.48907470703125,651.5738525390625,726.7549438476562,803.6720581054688,0.3906747102737427]],"frame_00148":[[455.15228271484375,669.5955810546875,714.5198364257812,808.2398071289062,0.30897778272628784]],"frame_00149":[],"frame_00150":[[460.751220703125,702.7990112304688,688.796142578125,824.0817260742188,0.7691394090652466]],"frame_00151":[[463.75628662109375,716.825927734375,682.7949829101562,829.578857421875,0.7694817185401917]],"frame_00152":[[466.578369140625,730.3751831054688,675.2570190429688,835.1632690429688,0.790378212928772]],"frame_00153":[[467.7415466308594,744.0301513671875,665.482421875,842.5442504882812,0.8463597297668457]],"frame_00154":[[469.79827880859375,754.662353515625,658.5933837890625,850.4488525390625,0.8424805998802185]],"frame_00155":[[471.184326171875,766.9989013671875,653.873046875,855.0272216796875,0.8433282375335693]],"frame_00156":[[471.1963806152344,777.1805419921875,648.4547119140625,861.3399658203125,0.7808451652526855]],"frame_00157":[[476.1407470703125,786.9984130859375,642.614990234375,867.829833984375,0.8041749000549316]],"frame_00158":[[477.9710998535156,795.6670532226562,639.4542846679688,874.8590698242188,0.8777953386306763]],"frame_00159":[[480.23333740234375,803.095947265625,635.7637329101562,875.8074951171875,0.8529829382896423]],"frame_00160":[[480.7054443359375,812.519287109375,630.9976806640625,881.8705444335938,0.868061900138855]],"frame_00161":[[479.93548583984375,820.8594970703125,625.7770385742188,887.1817016601562,0.856511116027832]],"frame_00162":[[479.81475830078125,826.480712890625,618.1187744140625,892.4441528320312,0.8479181528091431]],"frame_00163":[[479.7711181640625,833.09716796875,615.377685546875,895.3973388671875,0.8494260311126709]],"frame_00164":[[482.62542724609375,838.033935546875,612.6002807617188,897.846923828125,0.8452497720718384]],"frame_00165":[[483.1994934082031,844.51513671875,611.1445922851562,900.0859375,0.8106859922409058]],"frame_00166":[[485.649169921875,849.5919799804688,608.8115844726562,904.7762451171875,0.6154125332832336]],"frame_00167":[],"frame_00168":[[485.7230529785156,860.3956298828125,609.718017578125,909.3121337890625,0.4455440044403076]],"frame_00169":[[491.23687744140625,862.4064331054688,605.817138671875,911.1866455078125,0.3527024984359741]],"frame_00170":[[494.026123046875,867.3623046875,603.3319091796875,911.8298950195312,0.7867937088012695]],"frame_00171":[[495.6064453125,871.0738525390625,602.5728759765625,914.0614013671875,0.7899655103683472]],"frame_00172":[[497.64471435546875,875.4860229492188,601.000244140625,917.0179443359375,0.7912413477897644]],"frame_00173":[[496.492431640625,879.017578125,600.9536743164062,920.7994384765625,0.7844938635826111]],"frame_00174":[[499.1974182128906,883.0318603515625,599.5760498046875,921.749267578125,0.7822080254554749]],"frame_00175":[[500.8764953613281,886.768310546875,600.1021728515625,923.723876953125,0.7587512135505676]],"frame_00176":[[501.6242980957031,888.387939453125,599.2163696289062,925.9468994140625,0.7574753165245056]],"frame_00177":[[503.3956604003906,891.2581787109375,599.560791015625,927.6793212890625,0.7657566070556641]],