{"__manifest__": {"weights_path": "C:\\Users\\User\\Desktop\\UNISA projects\\Drone detection\\es proj 3 thesis workspace\\ES_Drone_Detection\\RGB model\\Yolo26n_selcom_confuser_ft4_1280\\weights\\best.pt", "imgsz": 1280, "conf": 0.25}, "dets": {"frame_00001": [[506.42840576171875, 835.02294921875, 559.3817138671875, 890.1358642578125, 0.7304785847663879]], "frame_00002": [[495.4931640625, 871.8612060546875, 552.3641967773438, 893.5452880859375, 0.6132346987724304]], "frame_00003": [[494.7367858886719, 828.3043212890625, 531.2237548828125, 860.1435546875, 0.4592460095882416], [488.21295166015625, 873.0146484375, 544.0682983398438, 895.7429809570312, 0.3285122811794281]], "frame_00004": [[476.5505676269531, 873.8751220703125, 534.1642456054688, 896.6292114257812, 0.48063841462135315]], "frame_00005": [[461.4634094238281, 873.40380859375, 523.425048828125, 899.6563110351562, 0.6253948211669922]], "frame_00006": [[447.7718811035156, 875.425537109375, 512.5333862304688, 901.3974609375, 0.5943765044212341]], "frame_00007": [[439.0730895996094, 879.026123046875, 503.5870361328125, 904.8231811523438, 0.6928316950798035]], "frame_00010": [[416.5813293457031, 899.1168212890625, 487.1488952636719, 928.5601806640625, 0.8269749283790588]], "frame_00011": [[407.1695556640625, 902.3353271484375, 482.2533874511719, 953.4461059570312, 0.798289954662323]], "frame_00012": [[400.4952392578125, 906.5923461914062, 474.1624755859375, 937.9317626953125, 0.8218395709991455]], "frame_00013": [[402.1375732421875, 908.0628662109375, 474.5496826171875, 938.19384765625, 0.8287686109542847], [494.6578674316406, 951.5179443359375, 521.7494506835938, 976.0606689453125, 0.46468010544776917]], "frame_00014": [[402.4459228515625, 902.66259765625, 475.5714111328125, 935.1912231445312, 0.8299778699874878]], "frame_00015": [[408.2778625488281, 901.2515869140625, 483.4100646972656, 933.8828125, 0.8201295137405396], [533.658203125, 953.27001953125, 571.7977905273438, 983.4327392578125, 0.4117695093154907]], "frame_00016": [[412.47979736328125, 901.6610107421875, 487.93017578125, 932.5471801757812, 0.8245001435279846]], "frame_00017": [[418.18023681640625, 897.2684326171875, 496.70501708984375, 930.905029296875, 0.8375764489173889]], "frame_00018": [[422.207275390625, 893.5662231445312, 505.9217834472656, 929.8196411132812, 0.864707887172699]], "frame_00019": [[427.7376708984375, 889.2101440429688, 510.3067626953125, 925.670654296875, 0.8683000802993774]], "frame_00020": [[443.55535888671875, 883.69970703125, 525.1692504882812, 920.5579833984375, 0.8564439415931702], [644.8367919921875, 945.4913330078125, 674.7444458007812, 970.6893310546875, 0.5825288891792297]], "frame_00021": [[465.135986328125, 873.4073486328125, 551.25146484375, 914.3603515625, 0.847888171672821], [666.1434326171875, 917.49658203125, 711.9281005859375, 955.1492919921875, 0.7601112723350525]], "frame_00022": [[480.02081298828125, 868.2364501953125, 569.1480712890625, 908.053955078125, 0.8401375412940979], [688.6639404296875, 914.4493408203125, 727.15234375, 945.4718627929688, 0.8108638525009155]], "frame_00023": [[487.9947509765625, 860.1769409179688, 579.9976806640625, 903.9402465820312, 0.8465997576713562], [695.9810180664062, 910.08154296875, 732.4346313476562, 930.7091674804688, 0.4628690779209137]], "frame_00024": [[499.60357666015625, 854.1871337890625, 581.1806640625, 899.6837158203125, 0.8721615672111511], [688.8070068359375, 895.6748046875, 720.702392578125, 917.3985595703125, 0.7130506634712219]], "frame_00025": [[493.1182861328125, 849.9217529296875, 583.6172485351562, 898.279296875, 0.836395800113678], [670.3936767578125, 880.0556030273438, 710.9879760742188, 903.7186279296875, 0.7302821278572083]], "frame_00026": [[493.4651184082031, 847.3702392578125, 585.4180908203125, 896.1932373046875, 0.8286160230636597]], "frame_00027": [[490.06201171875, 843.6068115234375, 587.8236083984375, 894.2640380859375, 0.819486677646637], [607.2593994140625, 868.703369140625, 655.1573486328125, 897.6292724609375, 0.5035085082054138]], "frame_00028": [[493.201904296875, 844.1123657226562, 621.4839477539062, 900.2221069335938, 0.7347975969314575]], "frame_00030": [[494.93695068359375, 841.905029296875, 587.4960327148438, 890.8155517578125, 0.7743884921073914], [589.6744384765625, 822.2998046875, 655.0901489257812, 866.3428344726562, 0.4528360366821289], [490.74346923828125, 822.455078125, 651.9109497070312, 893.0681762695312, 0.37384167313575745]], "frame_00031": [[478.71087646484375, 837.90185546875, 572.1076049804688, 892.9202270507812, 0.8354504704475403], [615.431884765625, 795.693359375, 676.54736328125, 855.61083984375, 0.7631341814994812]], "frame_00032": [[470.946533203125, 837.0789794921875, 561.0845336914062, 896.2377319335938, 0.8675419092178345], [641.638427734375, 800.916259765625, 695.3761596679688, 853.652099609375, 0.2785588204860687]], "frame_00033": [[455.50909423828125, 837.2935180664062, 553.92041015625, 896.451171875, 0.8348982334136963], [656.558837890625, 825.20458984375, 715.6817626953125, 853.5411987304688, 0.607833206653595]], "frame_00034": [[451.80908203125, 834.5067138671875, 546.716552734375, 897.6649169921875, 0.8404016494750977], [669.7047119140625, 805.518798828125, 726.0625610351562, 841.693603515625, 0.33965742588043213]], "frame_00035": [[444.5133361816406, 835.9671630859375, 542.0511474609375, 896.604248046875, 0.7515115737915039]], "frame_00036": [[432.1897888183594, 833.40673828125, 531.0634155273438, 897.9526977539062, 0.6552428603172302]], "frame_00037": [[426.78253173828125, 836.923095703125, 525.8726806640625, 899.6160888671875, 0.7971970438957214], [662.0565795898438, 800.8914794921875, 724.008056640625, 822.900146484375, 0.3797674775123596]], "frame_00038": [[423.4666748046875, 838.688232421875, 512.9607543945312, 902.1143798828125, 0.7776121497154236]], "frame_00039": [[406.5253601074219, 839.5863037109375, 501.2711181640625, 904.0413818359375, 0.658430814743042]], "frame_00040": [[404.44378662109375, 847.1993408203125, 489.95672607421875, 908.9931640625, 0.7165528535842896]], "frame_00041": [[395.66864013671875, 854.9954833984375, 486.46173095703125, 918.2579345703125, 0.6374017000198364]], "frame_00042": [[390.72052001953125, 864.808837890625, 486.8392333984375, 930.1741333007812, 0.525269091129303]], "frame_00043": [[406.91693115234375, 878.5274047851562, 498.3923034667969, 944.3834228515625, 0.4905202090740204]], "frame_00044": [], "frame_00045": [], "frame_00046": [[389.0335693359375, 920.7471313476562, 483.5882568359375, 978.24951171875, 0.7571398019790649]], "frame_00047": [[572.6461791992188, 837.316650390625, 630.0601196289062, 869.2073364257812, 0.8442798852920532], [370.3482360839844, 933.4237060546875, 458.4412536621094, 993.4808349609375, 0.7768123149871826]], "frame_00048": [[340.56488037109375, 948.3837890625, 431.8490295410156, 1010.7482299804688, 0.5850491523742676], [605.9742431640625, 844.5433959960938, 661.7933349609375, 870.4383544921875, 0.5675256252288818]], "frame_00049": [[627.8175048828125, 862.794189453125, 691.6425170898438, 903.583251953125, 0.8199969530105591], [316.9942932128906, 963.228515625, 408.1666259765625, 1023.4171142578125, 0.40274038910865784], [318.958740234375, 963.5318603515625, 407.84722900390625, 1023.099853515625, 0.29336297512054443]], "frame_00050": [[665.138427734375, 881.898193359375, 715.386474609375, 924.5645751953125, 0.831129789352417], [288.10064697265625, 979.0223388671875, 380.8079833984375, 1037.140625, 0.8254115581512451]], "frame_00051": [[258.7065734863281, 997.4322509765625, 354.899169921875, 1052.14794921875, 0.8391425609588623], [682.757568359375, 913.2702026367188, 744.7127685546875, 941.0694580078125, 0.7035499811172485]], "frame_00052": [[234.97572326660156, 1009.8912963867188, 331.73785400390625, 1065.45556640625, 0.8181490898132324]],