{"__manifest__": {"weights_path": "C:\\Users\\User\\Desktop\\UNISA projects\\Drone detection\\es proj 3 thesis workspace\\ES_Drone_Detection\\RGB model\\Yolo26n_selcom_confuser_ft4_1280\\weights\\best.pt", "imgsz": 1280, "conf": 0.25}, "dets": {"frame_00001": [[847.1595458984375, 527.1466674804688, 925.0164794921875, 585.2220458984375, 0.8073832392692566]], "frame_00002": [[870.8900756835938, 534.7703857421875, 944.1436157226562, 594.5494995117188, 0.7563250064849854]], "frame_00003": [[923.21923828125, 521.6675415039062, 995.2447509765625, 578.807373046875, 0.7650539875030518]], "frame_00004": [[923.2294921875, 505.77398681640625, 994.6979370117188, 564.73193359375, 0.6106148958206177]], "frame_00005": [[919.3802490234375, 513.456787109375, 982.8447875976562, 566.2566528320312, 0.7760443687438965]], "frame_00006": [[919.907470703125, 533.0387573242188, 982.084716796875, 582.0645751953125, 0.7501457929611206]], "frame_00007": [[917.8679809570312, 536.5431518554688, 976.753662109375, 581.6788940429688, 0.7793080806732178]], "frame_00008": [[932.1036376953125, 523.6818237304688, 989.843505859375, 566.0789184570312, 0.7582002282142639]], "frame_00009": [[929.0542602539062, 526.2167358398438, 983.3475952148438, 566.0338134765625, 0.7377477288246155]], "frame_00010": [[929.1070556640625, 529.30029296875, 977.776611328125, 565.8965454101562, 0.7794656753540039]], "frame_00011": [[927.709716796875, 535.494384765625, 977.2564086914062, 571.3656005859375, 0.746652364730835]], "frame_00012": [[934.7554321289062, 521.2718505859375, 984.8187255859375, 555.34326171875, 0.7907331585884094]], "frame_00013": [[922.706298828125, 512.4559326171875, 969.7933959960938, 544.2025756835938, 0.7767261266708374]], "frame_00014": [[917.9168701171875, 522.675537109375, 960.2879638671875, 550.6051025390625, 0.8134072422981262]], "frame_00015": [[927.8231201171875, 530.6908569335938, 971.7528076171875, 556.7896728515625, 0.8005423545837402]], "frame_00016": [[941.2600708007812, 530.248046875, 983.386474609375, 554.7283935546875, 0.7973507046699524]], "frame_00017": [[939.8571166992188, 534.4264526367188, 979.9647216796875, 557.8544921875, 0.7602307200431824]], "frame_00018": [[932.199951171875, 543.8795166015625, 972.3744506835938, 566.431640625, 0.7371640801429749]], "frame_00019": [], "frame_00020": [], "frame_00021": [], "frame_00022": [], "frame_00023": [], "frame_00024": [[939.31103515625, 522.419677734375, 972.3092041015625, 537.1600341796875, 0.602030336856842]], "frame_00025": [[930.7779541015625, 514.5841064453125, 960.8036499023438, 528.6498413085938, 0.6111760139465332]], "frame_00026": [], "frame_00027": [], "frame_00028": [], "frame_00029": [[926.3021850585938, 530.9103393554688, 950.9490966796875, 542.7049560546875, 0.28471338748931885]], "frame_00030": [[926.8709106445312, 531.6182861328125, 952.830078125, 543.369873046875, 0.3998551070690155]], "frame_00031": [], "frame_00032": [[923.89892578125, 533.7691040039062, 947.391845703125, 544.3760986328125, 0.4630858302116394]], "frame_00033": [[936.7401123046875, 533.089111328125, 958.691650390625, 544.0991821289062, 0.42175206542015076], [937.1943969726562, 533.14990234375, 958.0615234375, 543.975341796875, 0.3065354824066162]], "frame_00034": [[946.885009765625, 585.0162963867188, 965.3050537109375, 594.5565185546875, 0.5097110867500305]], "frame_00035": [[969.3896484375, 610.5073852539062, 989.7568359375, 621.0528564453125, 0.5980726480484009]], "frame_00036": [[959.7454833984375, 598.4915161132812, 980.0004272460938, 608.4716186523438, 0.6611376404762268]], "frame_00037": [], "frame_00038": [], "frame_00039": [], "frame_00040": [], "frame_00041": [], "frame_00042": [], "frame_00043": [], "frame_00044": [], "frame_00045": [], "frame_00046": [], "frame_00047": [], "frame_00048": [], "frame_00049": [], "frame_00050": [], "frame_00051": [], "frame_00052": [], "frame_00053": [], "frame_00054": [], "frame_00055": []}}