{"__manifest__": {"weights_path": "C:\\Users\\User\\Desktop\\UNISA projects\\Drone detection\\es proj 3 thesis workspace\\ES_Drone_Detection\\RGB model\\Yolo26n_selcom_confuser_ft4_1280\\weights\\best.pt", "imgsz": 1280, "conf": 0.25}, "dets": {"frame_00001": [], "frame_00002": [], "frame_00003": [], "frame_00004": [], "frame_00005": [], "frame_00006": [], "frame_00007": [], "frame_00008": [], "frame_00028": [], "frame_00032": [], "frame_00033": [], "frame_00034": [[252.37600708007812, 788.1385498046875, 749.3416748046875, 1091.0753173828125, 0.32603156566619873]], "frame_00035": [], "frame_00036": [[284.9122314453125, 780.2530517578125, 735.79736328125, 1010.7554931640625, 0.29068541526794434]], "frame_00037": [[281.709228515625, 777.7670288085938, 743.0435791015625, 988.16015625, 0.3728742301464081]], "frame_00038": [[311.7386474609375, 775.606689453125, 740.8240966796875, 980.7542724609375, 0.4146325886249542]], "frame_00039": [[300.38348388671875, 758.5468139648438, 729.80419921875, 976.1168212890625, 0.3457201421260834], [298.5035400390625, 770.8111572265625, 739.807861328125, 980.0652465820312, 0.2996455729007721]], "frame_00040": [[320.4960632324219, 756.80322265625, 743.0494995117188, 975.6539306640625, 0.6071571111679077]], "frame_00041": [[337.49163818359375, 754.953125, 802.08642578125, 974.8890380859375, 0.35171976685523987]], "frame_00042": [[331.7684631347656, 753.8427124023438, 787.0442504882812, 973.171875, 0.306919664144516], [328.7719421386719, 766.978515625, 802.2415771484375, 977.856201171875, 0.26673761010169983]], "frame_00043": [[343.58447265625, 765.7835693359375, 774.7055053710938, 990.6259765625, 0.4984658360481262]], "frame_00044": [[347.22003173828125, 745.9584350585938, 765.278076171875, 946.6851806640625, 0.5394518971443176]], "frame_00045": [[352.9404296875, 745.7100219726562, 793.11328125, 938.7857666015625, 0.5139451622962952]], "frame_00046": [[363.3585205078125, 748.700927734375, 799.6937255859375, 937.985107421875, 0.4521602988243103]], "frame_00047": [[363.5164794921875, 753.330810546875, 803.3546142578125, 939.2495727539062, 0.5564205050468445]], "frame_00048": [[371.54254150390625, 763.6134643554688, 781.5205078125, 941.15966796875, 0.4230019748210907]], "frame_00049": [[367.06585693359375, 761.005126953125, 777.8170166015625, 943.8515625, 0.4890788495540619]], "frame_00050": [[349.4852294921875, 779.291259765625, 785.5870361328125, 972.582275390625, 0.4751768708229065]], "frame_00051": [[375.3450622558594, 783.3856201171875, 784.3831787109375, 963.974853515625, 0.41542816162109375]], "frame_00052": [[377.123779296875, 785.2344970703125, 778.6129760742188, 965.7965698242188, 0.522574782371521]], "frame_00053": [[338.11236572265625, 787.9046630859375, 784.4401245117188, 971.4592895507812, 0.5651161670684814]], "frame_00054": [[346.16229248046875, 790.4569091796875, 787.6318359375, 970.3493041992188, 0.5029126405715942]], "frame_00055": [[375.5918884277344, 795.4530029296875, 779.4369506835938, 978.3798828125, 0.5787126421928406]], "frame_00056": [[369.7508850097656, 802.6226806640625, 780.5738525390625, 982.9981689453125, 0.43566980957984924]], "frame_00057": [[372.3585205078125, 810.6198120117188, 777.8062133789062, 981.0889892578125, 0.4892498850822449]], "frame_00058": [[372.52984619140625, 812.0458374023438, 777.5158081054688, 982.6297607421875, 0.2533090114593506]], "frame_00059": [[370.89947509765625, 813.54052734375, 776.0088500976562, 981.57568359375, 0.5309887528419495]], "frame_00060": [[374.274169921875, 808.4752807617188, 775.9345092773438, 979.9495849609375, 0.3412393033504486]], "frame_00061": [[369.30072021484375, 801.9332885742188, 786.4469604492188, 976.2777099609375, 0.5596585869789124]], "frame_00062": [[370.9239501953125, 796.403564453125, 780.3984375, 973.622314453125, 0.338091105222702]], "frame_00063": [[372.04156494140625, 791.2635498046875, 780.87109375, 966.2188720703125, 0.37981659173965454]], "frame_00064": [[372.40789794921875, 789.1187744140625, 790.9820556640625, 965.758544921875, 0.5058538913726807]], "frame_00065": [[370.73260498046875, 785.3252563476562, 783.19189453125, 966.7307739257812, 0.4669590890407562]], "frame_00066": [], "frame_00067": [[369.4537353515625, 789.6070556640625, 789.896484375, 952.032958984375, 0.7723214030265808]], "frame_00068": [[371.7366943359375, 787.6256103515625, 785.490234375, 944.7080078125, 0.7760423421859741]], "frame_00069": [[384.854736328125, 783.6435546875, 786.74462890625, 945.3938598632812, 0.7488794326782227]], "frame_00070": [[387.8917236328125, 780.7776489257812, 801.5960083007812, 948.112060546875, 0.6467833518981934]], "frame_00071": [[391.69683837890625, 780.59814453125, 796.3474731445312, 939.4805908203125, 0.4992861747741699]], "frame_00072": [[386.85650634765625, 786.826416015625, 794.5382080078125, 941.652099609375, 0.5906442403793335]], "frame_00073": [[385.1184997558594, 785.4406127929688, 792.76123046875, 938.1749267578125, 0.5175061225891113]], "frame_00074": [[384.5636901855469, 785.134033203125, 829.116943359375, 946.2529907226562, 0.3820027709007263], [384.09716796875, 780.7846069335938, 837.5143432617188, 962.0516357421875, 0.2820872366428375]], "frame_00075": [[401.06890869140625, 781.5472412109375, 846.8216552734375, 930.7721557617188, 0.500554084777832]], "frame_00076": [[391.2919921875, 769.776123046875, 849.0375366210938, 920.2494506835938, 0.48915618658065796]], "frame_00077": [[409.40985107421875, 756.501953125, 857.2880859375, 914.416015625, 0.43272459506988525]], "frame_00078": [[403.52301025390625, 759.4050903320312, 877.9993896484375, 904.7523193359375, 0.25501349568367004]], "frame_00079": [[420.94085693359375, 743.14794921875, 821.0733032226562, 909.7222900390625, 0.28447970747947693]], "frame_00080": [[426.2641296386719, 737.3861083984375, 832.3353881835938, 918.0617065429688, 0.32975563406944275]], "frame_00081": [[427.6383361816406, 736.3897705078125, 824.4656982421875, 928.9853515625, 0.3578700125217438]], "frame_00082": [[420.14508056640625, 736.3221435546875, 830.9449462890625, 925.6693725585938, 0.4049414396286011]], "frame_00083": [[430.00439453125, 736.7459106445312, 835.6763305664062, 927.0792846679688, 0.36915549635887146]], "frame_00084": [[431.20355224609375, 737.5213623046875, 833.503173828125, 923.5918579101562, 0.31854259967803955]], "frame_00085": [[439.973876953125, 737.5098266601562, 834.2503051757812, 909.499755859375, 0.25191935896873474]], "frame_00086": [], "frame_00087": [], "frame_00088": [], "frame_00089": [], "frame_00090": [], "frame_00091": [], "frame_00092": [], "frame_00093": [], "frame_00094": [], "frame_00095": [], "frame_00096": [], "frame_00097": [], "frame_00098": [], "frame_00099": [], "frame_00100": [], "frame_00101": [], "frame_00102": [[390.15032958984375, 411.19232177734375, 743.98583984375, 599.5645751953125, 0.31931763887405396]], "frame_00103": [[385.8018798828125, 381.2425537109375, 732.9449462890625, 586.4927978515625, 0.6325575709342957]], "frame_00104": [[379.89129638671875, 348.18231201171875, 728.3128662109375, 557.3460693359375, 0.7140440940856934]], "frame_00105": [[376.6495361328125, 317.05450439453125, 717.8321533203125, 546.7210083007812, 0.773499071598053]], "frame_00106": [[369.75335693359375, 300.1114196777344, 705.7197265625, 528.49755859375, 0.8166289925575256]], "frame_00107": [[360.87225341796875, 283.31414794921875, 695.91796875, 510.4741516113281, 0.48419132828712463]], "frame_00108": [[346.478515625, 262.28778076171875, 700.3279418945312, 501.2586364746094, 0.6096063256263733]], "frame_00109": [[342.783935546875, 257.28216552734375, 696.129638671875, 498.1324768066406, 0.6635118722915649]], "frame_00110": [[341.11407470703125, 255.51113891601562, 684.919677734375, 496.0558776855469, 0.7316130995750427]], "frame_00111": [[337.4944152832031, 255.0201873779297, 681.762451171875, 497.6283874511719, 0.7433717250823975]], "frame_00112": [[334.2159118652344, 256.2559814453125, 673.42041015625, 501.3543701171875, 0.7480328679084778]],