{"__manifest__":{"rgb_sha256_short":"ce084f1fea1e","weights_path":"C:\\Users\\User\\Desktop\\UNISA projects\\Drone detection\\es proj 3 thesis workspace\\ES_Drone_Detection\\runs\\corrective_finetune\\finetune_v3b\\weights\\best.pt","imgsz":640},"dets":{"frame_00001":[],"frame_00002":[],"frame_00003":[],"frame_00004":[[481.5220947265625,876.1339111328125,529.0264892578125,893.9906005859375,0.7048813700675964]],"frame_00005":[[467.2477111816406,877.3565673828125,517.654541015625,895.9942016601562,0.6409011483192444]],"frame_00006":[[452.444091796875,880.1412963867188,507.1629638671875,899.9803466796875,0.7536702752113342]],"frame_00007":[[444.8731384277344,883.9971923828125,498.82757568359375,904.04150390625,0.7682105302810669]],"frame_00010":[[421.1064453125,903.2818603515625,481.9945068359375,926.0115966796875,0.7952319979667664]],"frame_00011":[[415.7442626953125,908.9967041015625,473.3260803222656,942.788818359375,0.7398842573165894]],"frame_00012":[[405.2057189941406,911.2412109375,466.9915466308594,935.552490234375,0.8101266622543335]],"frame_00013":[[405.5693664550781,912.364013671875,468.2661437988281,935.4830322265625,0.815617024898529]],"frame_00014":[[407.70068359375,908.3802490234375,472.6145324707031,932.3475341796875,0.8229542374610901]],"frame_00015":[[416.3917236328125,907.0288696289062,479.2860107421875,931.4912109375,0.8097477555274963],[537.7850952148438,956.9559326171875,567.9196166992188,979.5189208984375,0.7867364287376404]],"frame_00016":[[420.1630554199219,905.8426513671875,482.61224365234375,928.8287353515625,0.8146495819091797]],"frame_00017":[[426.6429443359375,903.342041015625,490.98626708984375,927.9814453125,0.824741005897522],[585.4983520507812,962.1357421875,607.9657592773438,974.46435546875,0.6416294574737549]],"frame_00018":[[431.6500244140625,899.0350341796875,498.33984375,924.6566162109375,0.8267319202423096]],"frame_00019":[[437.7210693359375,896.06201171875,505.2589416503906,923.0057373046875,0.8480859994888306]],"frame_00020":[[449.6409912109375,889.8028564453125,522.90966796875,917.5289306640625,0.8399147391319275]],"frame_00021":[[473.2151184082031,879.9007568359375,547.3984375,910.9208984375,0.8332513570785522],[669.6363525390625,925.013916015625,706.7536010742188,951.8675537109375,0.6659086346626282]],"frame_00022":[[490.70965576171875,875.2066650390625,564.1804809570312,904.5093383789062,0.811767578125],[692.0987548828125,917.4149780273438,725.0858154296875,943.8433837890625,0.8050320744514465]],"frame_00023":[[698.201171875,911.3775634765625,729.1483764648438,927.8173828125,0.7734589576721191],[500.52923583984375,867.2957763671875,574.9319458007812,901.2984008789062,0.5670564770698547]],"frame_00024":[[506.04620361328125,862.8311767578125,580.5958251953125,898.0220947265625,0.8506463170051575]],"frame_00025":[[503.729248046875,858.5135498046875,582.8927612304688,894.33447265625,0.8732410073280334],[672.8937377929688,883.00048828125,706.6470336914062,902.753173828125,0.7489683628082275]],"frame_00026":[[504.1268310546875,855.7732543945312,581.9793701171875,892.3094482421875,0.8464236855506897]],"frame_00027":[],"frame_00028":[[497.1730041503906,847.5079345703125,621.9555053710938,892.3687133789062,0.7459359169006348]],"frame_00030":[[503.61309814453125,844.7333984375,583.8872680664062,888.8970336914062,0.8690060973167419]],"frame_00031":[[488.58355712890625,842.99267578125,574.266845703125,891.0357055664062,0.8686851263046265]],"frame_00032":[[476.32611083984375,842.0,563.7993774414062,895.6722412109375,0.7965848445892334]],"frame_00033":[[464.9847412109375,843.2568969726562,551.8606567382812,894.9462890625,0.8635168075561523]],"frame_00034":[[461.8369445800781,842.485107421875,545.9305419921875,892.9495849609375,0.8883793354034424]],"frame_00035":[[454.22723388671875,839.653564453125,542.2700805664062,893.2716064453125,0.8670457601547241]],"frame_00036":[[445.54705810546875,840.1360473632812,528.3836059570312,894.3736572265625,0.8840687870979309]],"frame_00037":[[439.0672302246094,842.9093627929688,522.353515625,897.0045776367188,0.8951370716094971]],"frame_00038":[[431.59375,841.86328125,511.5316162109375,897.17626953125,0.8839173316955566]],"frame_00039":[[418.374267578125,845.3805541992188,498.57373046875,900.54833984375,0.8740776777267456]],"frame_00040":[[409.0787658691406,850.6067504882812,488.72259521484375,907.8011474609375,0.7972502112388611]],"frame_00041":[[402.04022216796875,855.7589721679688,480.5528564453125,916.1361694335938,0.6745904088020325]],"frame_00042":[],"frame_00043":[[417.461669921875,884.3592529296875,487.7520446777344,938.766845703125,0.8330476880073547]],"frame_00044":[[421.0646667480469,863.195556640625,570.2147827148438,955.1173095703125,0.5936253666877747]],"frame_00045":[],"frame_00046":[[397.69580078125,922.3106689453125,474.206787109375,978.6381225585938,0.8084188103675842]],"frame_00047":[[373.0142822265625,935.456787109375,447.83819580078125,991.9447021484375,0.826556921005249],[572.1614379882812,834.3978271484375,630.0406494140625,868.5386352539062,0.5834375619888306]],"frame_00048":[[343.4051208496094,951.6370849609375,424.2384338378906,1009.7232666015625,0.8576995730400085],[606.3858642578125,845.2728271484375,659.1280517578125,871.402099609375,0.7811154127120972]],"frame_00049":[[317.24554443359375,969.8055419921875,397.21026611328125,1022.1231079101562,0.8757547736167908],[628.212158203125,860.04248046875,689.320068359375,906.5584716796875,0.8435831665992737]],"frame_00050":[[287.8828430175781,982.7451171875,371.9306945800781,1035.5887451171875,0.9029448628425598]],"frame_00051":[[261.8512268066406,1000.366455078125,341.50714111328125,1052.56005859375,0.8794981241226196],[685.6076049804688,916.3112182617188,738.2637939453125,938.8628540039062,0.7845944762229919]],"frame_00052":[[237.12716674804688,1013.1865234375,323.8392028808594,1063.677001953125,0.8681016564369202],[715.1422119140625,922.250732421875,763.95361328125,943.8609008789062,0.7442597150802612]],"frame_00053":[[213.21226501464844,1021.5679931640625,297.4877624511719,1075.07421875,0.8744776844978333]],"frame_00054":[[196.7903594970703,1032.9420166015625,282.2139587402344,1083.12744140625,0.7456367015838623]],"frame_00055":[[179.31216430664062,1039.8829345703125,268.906982421875,1090.6490478515625,0.8574254512786865]],"frame_00056":[[165.02850341796875,1046.5550537109375,256.3358154296875,1096.6240234375,0.8729372024536133],[692.9772338867188,920.2744140625,745.865478515625,951.94775390625,0.7829256057739258]],"frame_00057":[[159.18798828125,1051.609619140625,250.5663299560547,1104.6246337890625,0.8674728274345398],[665.6403198242188,924.17578125,711.956787109375,972.9094848632812,0.42605772614479065]],"frame_00058":[[160.10472106933594,1056.60546875,251.0819091796875,1108.34765625,0.8523767590522766],[631.7728881835938,934.6785278320312,681.057373046875,978.030517578125,0.4480808675289154]],"frame_00059":[[168.93276977539062,1066.47802734375,260.3887939453125,1114.222900390625,0.8565053343772888],[598.8743896484375,925.2230224609375,649.1531372070312,965.5819091796875,0.5090014934539795]],"frame_00060":[[186.7246856689453,1070.90966796875,268.30426025390625,1113.7152099609375,0.8373759388923645],[569.1168823242188,949.0811767578125,619.5050048828125,972.5433349609375,0.46447262167930603]],"frame_00061":[[208.95382690429688,1077.294677734375,291.331298828125,1115.7418212890625,0.8657411336898804],[542.8211059570312,967.6166381835938,584.6027221679688,986.7625732421875,0.48644885420799255]],"frame_00062":[[227.8560333251953,1074.9326171875,305.20355224609375,1112.96142578125,0.8435885906219482]],"frame_00063":[[248.57717895507812,1070.4786376953125,324.7315368652344,1104.2978515625,0.8506706357002258]],"frame_00064":[[272.75872802734375,1061.0860595703125,347.6926574707031,1096.30810546875,0.8455081582069397]],