{"__manifest__": {"weights_path": "C:\\Users\\User\\Desktop\\UNISA projects\\Drone detection\\es proj 3 thesis workspace\\ES_Drone_Detection\\RGB model\\Yolo26n_selcom_confuser_ft4_1280\\weights\\best.pt", "imgsz": 1280, "conf": 0.25}, "dets": {"frame_00001": [], "frame_00002": [], "frame_00003": [], "frame_00004": [], "frame_00005": [], "frame_00006": [], "frame_00007": [], "frame_00008": [], "frame_00017": [], "frame_00018": [], "frame_00019": [], "frame_00020": [], "frame_00030": [], "frame_00039": [], "frame_00045": [], "frame_00046": [], "frame_00047": [], "frame_00049": [], "frame_00050": [], "frame_00053": [], "frame_00054": [], "frame_00055": [[154.64019775390625, 822.3488159179688, 541.775634765625, 1288.6578369140625, 0.3005463778972626]], "frame_00056": [], "frame_00057": [], "frame_00058": [], "frame_00059": [], "frame_00060": [], "frame_00062": [], "frame_00063": [[260.2044372558594, 594.3424072265625, 730.4526977539062, 1024.56298828125, 0.33745691180229187]], "frame_00064": [[377.7369384765625, 659.8809814453125, 736.6276245117188, 967.5479736328125, 0.5829290747642517]], "frame_00065": [[379.0489196777344, 661.7105102539062, 694.11376953125, 944.722900390625, 0.8214455246925354]], "frame_00066": [[399.9678039550781, 668.7168579101562, 730.3501586914062, 968.4688110351562, 0.6348322033882141]], "frame_00067": [[399.711181640625, 672.5923461914062, 650.6119384765625, 956.728759765625, 0.2626967132091522]], "frame_00068": [[364.78778076171875, 678.1377563476562, 622.0242309570312, 866.3121337890625, 0.2843933403491974]], "frame_00069": [], "frame_00070": [], "frame_00071": [], "frame_00072": [[374.0584716796875, 730.2655029296875, 697.8018798828125, 1005.0360107421875, 0.26574599742889404]], "frame_00073": [], "frame_00074": [], "frame_00075": [], "frame_00076": [], "frame_00077": [[419.818359375, 961.4111328125, 652.0592651367188, 1126.921630859375, 0.2621912956237793]], "frame_00078": [], "frame_00079": [], "frame_00080": [], "frame_00081": [], "frame_00082": [], "frame_00083": [], "frame_00084": [], "frame_00085": [], "frame_00087": [], "frame_00088": [], "frame_00091": [], "frame_00093": [], "frame_00094": [], "frame_00095": [], "frame_00096": [], "frame_00097": [], "frame_00098": [], "frame_00099": [], "frame_00102": [], "frame_00103": [], "frame_00104": [], "frame_00105": [], "frame_00106": [], "frame_00107": [], "frame_00108": []}}