{"__manifest__":{"rgb_sha256_short":"6fd55349ad9d","weights_path":"C:\\Users\\User\\Desktop\\UNISA projects\\Drone detection\\es proj 3 thesis workspace\\ES_Drone_Detection\\RGB model\\Yolo26n_selcom_mixed_ft2_1280\\weights\\best.pt","imgsz":1280},"dets":{"frame_00001":[],"frame_00002":[[891.1578369140625,564.226806640625,942.15771484375,615.3145141601562,0.25759559869766235]],"frame_00003":[],"frame_00004":[[731.5531005859375,459.6643981933594,751.0326538085938,469.49615478515625,0.35563424229621887],[808.7246704101562,556.3411254882812,864.6177978515625,616.1923828125,0.3506360948085785]],"frame_00005":[],"frame_00006":[[748.0142822265625,538.67333984375,823.462890625,613.184814453125,0.4126068651676178]],"frame_00007":[[733.20654296875,518.4465942382812,817.3509521484375,609.972412109375,0.7618688344955444]],"frame_00008":[[715.111083984375,519.9801635742188,825.3306884765625,609.952880859375,0.8083065748214722]],"frame_00009":[[701.4609375,515.9495239257812,818.6369018554688,609.241455078125,0.8188600540161133]],"frame_00010":[[684.9391479492188,506.98175048828125,815.0020751953125,607.34326171875,0.8162133097648621]],"frame_00011":[[660.5693359375,499.9479675292969,811.326904296875,604.2803955078125,0.7358556985855103],[993.64306640625,649.7649536132812,1018.1256103515625,664.7177124023438,0.48016196489334106]],"frame_00012":[[630.7218017578125,492.563720703125,805.8212890625,599.6473999023438,0.7504082918167114],[1088.6962890625,691.5128784179688,1114.3665771484375,707.1455078125,0.5005090236663818]],"frame_00013":[[586.2001953125,480.83258056640625,783.2667846679688,588.33935546875,0.3575958013534546],[1200.776611328125,733.2533569335938,1223.445068359375,747.1390991210938,0.32737478613853455]],"frame_00014":[[1342.5338134765625,783.0965576171875,1366.271728515625,797.8709716796875,0.3296879827976227]],"frame_00015":[[459.2800598144531,421.29913330078125,707.8651123046875,565.1724853515625,0.5236100554466248]],"frame_00016":[[370.3437194824219,377.3424072265625,640.4635009765625,543.8905029296875,0.510016143321991],[1762.764404296875,862.0911865234375,1791.4892578125,876.43994140625,0.3000984787940979]],"frame_00017":[[270.6900634765625,328.12127685546875,552.8895263671875,528.09228515625,0.3512444794178009]],"frame_00018":[[97.36627197265625,275.910400390625,410.3226013183594,509.66290283203125,0.30663177371025085]],"frame_00019":[],"frame_00020":[]}}