{"__manifest__": {"weights_path": "C:\\Users\\User\\Desktop\\UNISA projects\\Drone detection\\es proj 3 thesis workspace\\ES_Drone_Detection\\RGB model\\Yolo26n_selcom_confuser_ft4_1280\\weights\\best.pt", "imgsz": 1280, "conf": 0.25}, "dets": {"frame_00001": [[465.8550720214844, 1166.791259765625, 501.4596862792969, 1194.938232421875, 0.81874018907547]], "frame_00002": [[269.2281799316406, 1205.2940673828125, 300.64990234375, 1232.5472412109375, 0.5709050893783569], [311.5286865234375, 1001.2698974609375, 341.92071533203125, 1030.2396240234375, 0.46002957224845886]], "frame_00003": [[279.5580749511719, 854.012939453125, 318.2080078125, 885.4124145507812, 0.8123962879180908], [233.51292419433594, 1076.49853515625, 282.1234436035156, 1111.0404052734375, 0.7261971235275269]], "frame_00004": [[84.33134460449219, 1216.992919921875, 144.02456665039062, 1249.6934814453125, 0.27532318234443665]], "frame_00005": [[373.74432373046875, 294.8197326660156, 433.16961669921875, 356.30718994140625, 0.3188247084617615]], "frame_00006": [[184.827880859375, 870.9794921875, 235.70196533203125, 910.6859130859375, 0.4929801821708679]], "frame_00007": [], "frame_00008": [], "frame_00009": [], "frame_00010": [], "frame_00011": [], "frame_00012": [[383.30584716796875, 1193.352294921875, 421.0957946777344, 1233.0177001953125, 0.7736899256706238], [37.1550178527832, 925.664794921875, 68.49740600585938, 942.0385131835938, 0.7461483478546143], [116.06395721435547, 1171.5047607421875, 146.69247436523438, 1195.794189453125, 0.34145766496658325]], "frame_00013": [[19.056541442871094, 847.4498291015625, 51.08770751953125, 865.3500366210938, 0.7855198979377747], [135.0089111328125, 1195.80859375, 162.39385986328125, 1213.8349609375, 0.6605392694473267], [567.302490234375, 1215.4014892578125, 603.6266479492188, 1249.5440673828125, 0.6465874910354614], [264.3319396972656, 1135.9248046875, 294.24822998046875, 1151.833251953125, 0.5801867842674255], [200.05992126464844, 1265.2291259765625, 223.31715393066406, 1279.6280517578125, 0.32070067524909973]], "frame_00014": [[403.2085876464844, 1073.919189453125, 434.626220703125, 1105.2694091796875, 0.8443643450737], [227.91217041015625, 1153.423583984375, 257.73797607421875, 1185.841064453125, 0.8349635004997253], [292.8929748535156, 1106.8060302734375, 323.06951904296875, 1145.701171875, 0.8191817402839661], [405.6589660644531, 1235.4163818359375, 438.13494873046875, 1266.5244140625, 0.795257031917572], [83.41537475585938, 977.7691040039062, 124.51213073730469, 1018.1305541992188, 0.3930095434188843]], "frame_00015": [[411.9102783203125, 1094.342041015625, 444.90570068359375, 1120.113525390625, 0.8530837297439575], [232.90802001953125, 925.7537841796875, 270.53851318359375, 966.5410766601562, 0.6368861198425293], [242.08663940429688, 1070.692138671875, 281.3846130371094, 1108.1143798828125, 0.5592139959335327], [107.75798797607422, 1118.404541015625, 143.6342315673828, 1151.781982421875, 0.30046096444129944]], "frame_00016": [[383.6075134277344, 1033.4371337890625, 473.654541015625, 1088.556396484375, 0.7253040075302124], [282.5167541503906, 858.3206176757812, 324.994140625, 908.677490234375, 0.6432622671127319], [554.1590576171875, 1057.9947509765625, 599.831787109375, 1096.2296142578125, 0.5690099596977234]], "frame_00017": [[433.4202880859375, 40.31795883178711, 468.76263427734375, 68.85282897949219, 0.8416311144828796]], "frame_00018": [[488.9589538574219, 1154.117431640625, 524.4608764648438, 1189.2431640625, 0.7589810490608215], [337.47796630859375, 543.9317016601562, 381.9844665527344, 591.6705932617188, 0.3144775331020355]], "frame_00019": [[346.1388854980469, 824.2398681640625, 396.99078369140625, 864.5065307617188, 0.5080307722091675]], "frame_00020": [[207.63296508789062, 354.1665954589844, 371.70745849609375, 443.3688659667969, 0.2728213667869568]]}}