{"__manifest__":{"rgb_sha256_short":"80b41e568b15","weights_path":"C:\\Users\\User\\Desktop\\UNISA projects\\Drone detection\\es proj 3 thesis workspace\\ES_Drone_Detection\\RGB model\\Yolo26n_trained\\weights\\best.pt","imgsz":1280},"dets":{"frame_00001":[[690.842529296875,25.575458526611328,738.4014282226562,79.81236267089844,0.7229213118553162]],"frame_00002":[[843.6097412109375,208.77688598632812,893.3692016601562,262.1999816894531,0.41809341311454773]],"frame_00003":[[982.45361328125,0.0,1103.339599609375,69.08946228027344,0.59555584192276],[913.2269897460938,264.5713806152344,972.2528686523438,310.9519348144531,0.27051210403442383]],"frame_00004":[[1032.2872314453125,24.501955032348633,1209.2196044921875,87.46936798095703,0.6951870918273926]],"frame_00005":[[470.61187744140625,338.05645751953125,530.738037109375,377.78936767578125,0.3194681406021118]],"frame_00006":[[1026.84033203125,112.20604705810547,1170.0582275390625,174.72116088867188,0.650036633014679]],"frame_00007":[[390.5172119140625,3.359516143798828,502.22552490234375,180.1904296875,0.515673041343689]],"frame_00008":[[1151.88134765625,193.3807373046875,1224.7440185546875,237.78836059570312,0.8390675187110901],[683.7639770507812,0.5013771057128906,905.6848754882812,135.00489807128906,0.258910208940506]],"frame_00009":[],"frame_00010":[[1156.3759765625,0.0,1198.8914794921875,34.73352813720703,0.4629472494125366],[1233.371337890625,281.8238525390625,1302.139404296875,325.02789306640625,0.2576504051685333]],"frame_00011":[[796.0321044921875,46.579017639160156,840.7044067382812,92.8139877319336,0.6274152994155884]],"frame_00012":[[685.6129150390625,18.487146377563477,729.41455078125,63.88903045654297,0.29835379123687744]],"frame_00013":[[783.0052490234375,40.086265563964844,828.2281494140625,92.35187530517578,0.7850529551506042]],"frame_00014":[[811.091796875,1.442098617553711,858.9403076171875,27.908260345458984,0.8287520408630371]],"frame_00015":[[903.50390625,49.796730041503906,949.60791015625,90.86862182617188,0.5614699721336365]],"frame_00016":[[676.08447265625,256.25030517578125,701.3642578125,281.08868408203125,0.5573612451553345],[980.6474609375,240.058837890625,1008.50732421875,263.6838684082031,0.5387295484542847],[577.6720581054688,409.35455322265625,605.2772216796875,430.99603271484375,0.2539663314819336]],"frame_00017":[[742.0821533203125,277.2070007324219,777.6080322265625,303.74407958984375,0.7020599842071533],[996.0228271484375,280.2196350097656,1039.6181640625,307.7484436035156,0.5170789957046509],[1454.519775390625,221.72674560546875,1491.7109375,252.4782257080078,0.49338752031326294]],"frame_00018":[[1521.4105224609375,31.081649780273438,1575.703369140625,78.10786437988281,0.5092720985412598]],"frame_00019":[[1153.1103515625,280.7749328613281,1243.552001953125,340.9688720703125,0.7293214201927185]],"frame_00020":[[1442.2247314453125,362.47320556640625,1487.8531494140625,385.259521484375,0.4249914884567261]]}}