{"__manifest__":{"rgb_sha256_short":"6fd55349ad9d","weights_path":"C:\\Users\\User\\Desktop\\UNISA projects\\Drone detection\\es proj 3 thesis workspace\\ES_Drone_Detection\\RGB model\\Yolo26n_selcom_mixed_ft2_1280\\weights\\best.pt","imgsz":1280},"dets":{"frame_00001":[[847.402099609375,526.6011962890625,924.6937866210938,586.2918701171875,0.7811371088027954]],"frame_00002":[[871.3321533203125,534.5323486328125,944.4776000976562,592.7320556640625,0.7390034198760986]],"frame_00003":[[921.3907470703125,518.9280395507812,996.345703125,579.2510986328125,0.7146949172019958]],"frame_00004":[[923.2364501953125,504.3241882324219,993.658447265625,564.800048828125,0.72538161277771]],"frame_00005":[[918.2115478515625,511.7763977050781,983.31787109375,567.0062255859375,0.7320141196250916]],"frame_00006":[[917.9906616210938,530.7000732421875,982.213623046875,582.8999633789062,0.7087568044662476]],"frame_00007":[[916.6528930664062,534.0828857421875,977.983154296875,582.3790283203125,0.7204846739768982]],"frame_00008":[[930.7088012695312,521.8760986328125,991.236328125,566.2840576171875,0.7382609248161316]],"frame_00009":[[927.9552001953125,524.192138671875,984.762451171875,566.0012817382812,0.7670595645904541]],"frame_00010":[[928.0067138671875,527.6812133789062,978.996337890625,565.7416381835938,0.7676119804382324]],"frame_00011":[[926.239013671875,534.1655883789062,978.7593994140625,571.688232421875,0.7527144551277161]],"frame_00012":[[934.261474609375,520.2548217773438,986.655029296875,555.7318725585938,0.7656351327896118]],"frame_00013":[[922.3660888671875,512.1693115234375,970.641357421875,544.5382690429688,0.7832550406455994]],"frame_00014":[[917.2868041992188,522.8966064453125,960.9957275390625,550.9319458007812,0.7451988458633423]],"frame_00015":[[926.103515625,530.2105712890625,972.9849853515625,557.2526245117188,0.7569405436515808]],"frame_00016":[[941.7529907226562,530.08349609375,982.7342529296875,554.7645874023438,0.7240215539932251]],"frame_00017":[[939.0908203125,533.6842651367188,979.0079956054688,557.8040771484375,0.7462461590766907]],"frame_00018":[[931.7015991210938,544.07177734375,972.3720703125,566.6556396484375,0.6928039789199829]],"frame_00019":[],"frame_00020":[],"frame_00021":[],"frame_00022":[],"frame_00023":[],"frame_00024":[[939.114013671875,522.7622680664062,972.0016479492188,536.665283203125,0.4649467468261719]],"frame_00025":[[930.3507080078125,514.811767578125,960.639404296875,528.2989501953125,0.27694252133369446]],"frame_00026":[],"frame_00027":[],"frame_00028":[],"frame_00029":[],"frame_00030":[],"frame_00031":[],"frame_00032":[],"frame_00033":[],"frame_00034":[],"frame_00035":[],"frame_00036":[],"frame_00037":[],"frame_00038":[],"frame_00039":[],"frame_00040":[],"frame_00041":[],"frame_00042":[],"frame_00043":[],"frame_00044":[],"frame_00045":[],"frame_00046":[],"frame_00047":[],"frame_00048":[],"frame_00049":[],"frame_00050":[],"frame_00051":[],"frame_00052":[],"frame_00053":[],"frame_00054":[[1273.4132080078125,440.9705810546875,1430.3333740234375,531.2070922851562,0.3472631573677063]],"frame_00055":[]}}