{"__manifest__":{"rgb_sha256_short":"5e11ed739f7b","weights_path":"C:\\Users\\User\\Desktop\\UNISA projects\\Drone detection\\es proj 3 thesis workspace\\ES_Drone_Detection\\RGB model\\Yolo26n_retrained_v2\\weights\\best.pt","imgsz":1280},"dets":{"frame_00001":[],"frame_00230":[],"frame_00231":[],"frame_00232":[],"frame_00233":[],"frame_00234":[],"frame_00235":[],"frame_00236":[],"frame_00237":[],"frame_00238":[],"frame_00239":[[299.2043151855469,718.8551025390625,669.268798828125,944.1007690429688,0.640755832195282]],"frame_00240":[[276.6921691894531,685.0096435546875,689.028076171875,846.8502197265625,0.7285164594650269]],"frame_00241":[],"frame_00242":[[302.2806701660156,620.4449462890625,789.50146484375,849.4730224609375,0.2709004282951355]],"frame_00243":[[252.76364135742188,590.8575439453125,874.045654296875,833.1150512695312,0.5437380075454712],[260.2378234863281,593.1641235351562,867.783935546875,824.7938232421875,0.40014714002609253]],"frame_00244":[],"frame_00245":[[288.5732421875,557.6136474609375,975.0970458984375,738.3712768554688,0.5051087737083435]],"frame_00246":[[214.32852172851562,548.2857055664062,950.8456420898438,756.9503784179688,0.7497181296348572]],"frame_00247":[[299.27349853515625,546.4228515625,870.6241455078125,715.3663940429688,0.8143985271453857]],"frame_00248":[[294.6478271484375,535.8850708007812,879.688720703125,688.5372314453125,0.7356958389282227]],"frame_00249":[[333.3098449707031,525.5799560546875,888.4575805664062,677.6343994140625,0.627437949180603]],"frame_00250":[[336.53070068359375,510.138671875,866.3179931640625,673.05615234375,0.3735385835170746]],"frame_00251":[[348.10015869140625,517.0621337890625,873.127197265625,662.5430908203125,0.6041570901870728]],"frame_00252":[],"frame_00253":[],"frame_00254":[[336.1492004394531,517.7274780273438,881.0978393554688,667.1160888671875,0.31622686982154846]],"frame_00255":[[342.5841979980469,521.0197143554688,918.399169921875,669.981689453125,0.4323604106903076]],"frame_00256":[[348.37078857421875,532.6316528320312,885.7281494140625,677.0230712890625,0.5669635534286499]],"frame_00257":[[317.765380859375,543.6923828125,861.7515869140625,681.547607421875,0.8810198903083801]],"frame_00258":[[356.41558837890625,549.9405517578125,866.387451171875,689.6192626953125,0.49953028559684753]],"frame_00259":[[350.686767578125,559.6187744140625,855.6300659179688,693.1336059570312,0.6138281226158142]],"frame_00260":[[360.20086669921875,568.6022338867188,847.8204345703125,700.5111694335938,0.8548398017883301]],"frame_00261":[[346.1293029785156,573.4788818359375,847.7933349609375,710.37255859375,0.8306928277015686]],"frame_00262":[[358.02410888671875,581.37353515625,844.8455200195312,712.5520629882812,0.8314598202705383]],"frame_00263":[[340.5114440917969,591.5318603515625,887.2064208984375,718.3109130859375,0.8882304430007935]],"frame_00264":[[359.014404296875,595.990966796875,838.094970703125,722.8546142578125,0.8972265720367432]],"frame_00265":[[341.4057922363281,603.5784301757812,857.7813720703125,725.0518798828125,0.8722572922706604]],"frame_00266":[[336.7198486328125,608.4889526367188,826.7675170898438,726.349609375,0.9063112735748291]],"frame_00267":[[339.83746337890625,615.7186889648438,809.760986328125,728.9811401367188,0.8196765184402466]],"frame_00268":[[339.5613708496094,614.94921875,810.0423583984375,730.764892578125,0.6253583431243896]],"frame_00269":[],"frame_00270":[],"frame_00271":[[345.9569091796875,624.7517700195312,795.466796875,731.477294921875,0.7646969556808472]],"frame_00272":[[345.4471740722656,626.3289184570312,806.2256469726562,732.0162353515625,0.2973599433898926]],"frame_00273":[[337.7663269042969,625.6295776367188,794.7551879882812,730.7680053710938,0.5627968907356262]],"frame_00274":[[351.92437744140625,626.260498046875,758.74462890625,731.5557861328125,0.7443523406982422]],"frame_00275":[[343.8181457519531,625.9283447265625,775.4608154296875,729.8593139648438,0.7887341976165771]],"frame_00276":[[353.20062255859375,625.1782836914062,745.123046875,725.8816528320312,0.8672898411750793],[347.8207092285156,621.7985229492188,711.50634765625,732.55322265625,0.46114450693130493]],"frame_00277":[[342.9820556640625,624.22802734375,740.8372802734375,723.7978515625,0.8988466858863831],[333.151123046875,620.657958984375,714.65869140625,731.923828125,0.5925091505050659]],"frame_00278":[[332.05072021484375,624.812744140625,765.814208984375,724.4716796875,0.7928939461708069]],"frame_00279":[[326.3352966308594,623.5105590820312,814.7464599609375,721.8977661132812,0.72463458776474],[329.6978454589844,619.7861328125,682.4625244140625,730.2340698242188,0.572658121585846]],"frame_00280":[[327.8419189453125,620.305908203125,683.7603759765625,728.22900390625,0.728968620300293],[332.54052734375,622.4193115234375,709.0122680664062,724.0174560546875,0.43649807572364807]],"frame_00281":[],"frame_00282":[],"frame_00283":[[305.9798278808594,621.1083374023438,756.4000244140625,720.1769409179688,0.5324875712394714]],"frame_00284":[[303.3040466308594,622.730224609375,778.5986938476562,722.997802734375,0.2577403485774994]],"frame_00285":[[303.19476318359375,624.0587158203125,669.5146484375,729.2178344726562,0.2956237494945526]],"frame_00286":[],"frame_00287":[[237.719482421875,627.3652954101562,625.1431274414062,730.1344604492188,0.26642659306526184]],"frame_00288":[[256.0561828613281,629.7547607421875,628.8743896484375,731.6913452148438,0.3024715781211853]],"frame_00289":[],"frame_00290":[],"frame_00291":[[253.6362762451172,633.8313598632812,613.6566772460938,740.4500732421875,0.45321494340896606]],"frame_00292":[[264.3429870605469,634.9462890625,609.7529296875,740.9778442382812,0.2556050419807434]],"frame_00293":[],"frame_00294":[[252.04046630859375,626.9489135742188,607.2802124023438,731.5792846679688,0.8645403385162354]],"frame_00295":[[246.2808837890625,612.5883178710938,623.79345703125,720.302734375,0.8496838212013245],[248.55551147460938,618.5504760742188,623.7431640625,718.7025146484375,0.5441574454307556]],"frame_00296":[],"frame_00297":[[209.6964111328125,545.9470825195312,644.5352172851562,676.83447265625,0.668987512588501],[201.1331787109375,544.8428955078125,648.1585693359375,674.1884765625,0.26031067967414856]],"frame_00298":[[290.5377502441406,494.8460693359375,616.4912109375,638.7734375,0.7458487153053284]],"frame_00299":[[255.4193115234375,410.45465087890625,645.1483154296875,591.2501831054688,0.7635488510131836]],"frame_00300":[[299.0419006347656,352.2108459472656,648.393798828125,528.9405517578125,0.6793233752250671],[299.1913757324219,354.1858215332031,651.3311157226562,531.025634765625,0.43419888615608215]],"frame_00301":[[313.2909240722656,240.52957153320312,666.4883422851562,456.1629638671875,0.9225257635116577]],"frame_00302":[[324.1561279296875,114.66920471191406,690.6282348632812,372.34527587890625,0.9027607440948486]],"frame_00303":[[331.4783935546875,0.0,732.4068603515625,287.19110107421875,0.8756163716316223]],"frame_00304":[[317.9003601074219,0.0,729.895751953125,207.18228149414062,0.8886284232139587]],"frame_00305":[[348.9166259765625,0.0,763.9622802734375,133.96925354003906,0.8918998837471008]],"frame_00306":[[482.21380615234375,575.061279296875,514.4987182617188,603.700927734375,0.7627328038215637],[350.97821044921875,0.0,721.1878051757812,73.85819244384766,0.6604833006858826]],"frame_00307":[[481.84918212890625,581.7518310546875,515.27734375,608.86328125,0.4751853048801422]],"frame_00308":[],"frame_00309":[[488.789794921875,599.263427734375,516.3701171875,626.7620849609375,0.3524356186389923],[709.3556518554688,0.0,756.38330078125,11.825457572937012,0.2859605550765991]],"frame_00310":[[487.468017578125,605.0667724609375,516.9451904296875,632.2858276367188,0.42997705936431885]],"frame_00311":[[677.103515625,0.0,745.5606689453125,49.11046600341797,0.4804149568080902]],"frame_00312":[[489.1531982421875,619.2118530273438,516.97412109375,644.1685791015625,0.34379372000694275]],