{"__manifest__":{"rgb_sha256_short":"80b41e568b15","weights_path":"C:\\Users\\User\\Desktop\\UNISA projects\\Drone detection\\es proj 3 thesis workspace\\ES_Drone_Detection\\RGB model\\Yolo26n_trained\\weights\\best.pt","imgsz":1280},"dets":{"frame_00001":[],"frame_00002":[],"frame_00003":[],"frame_00004":[],"frame_00005":[],"frame_00006":[],"frame_00007":[],"frame_00008":[],"frame_00017":[],"frame_00018":[],"frame_00019":[],"frame_00020":[],"frame_00030":[],"frame_00039":[],"frame_00045":[],"frame_00046":[],"frame_00047":[[566.0070190429688,496.73553466796875,666.5718994140625,585.9373168945312,0.37890729308128357]],"frame_00049":[],"frame_00050":[],"frame_00053":[],"frame_00054":[[436.42950439453125,657.477783203125,562.1865234375,752.8308715820312,0.5753656625747681]],"frame_00055":[],"frame_00056":[],"frame_00057":[],"frame_00058":[],"frame_00059":[],"frame_00060":[],"frame_00062":[],"frame_00063":[],"frame_00064":[],"frame_00065":[],"frame_00066":[],"frame_00067":[],"frame_00068":[[366.66357421875,678.2315673828125,621.641357421875,867.3894653320312,0.8849989175796509]],"frame_00069":[],"frame_00070":[],"frame_00071":[],"frame_00072":[],"frame_00073":[],"frame_00074":[],"frame_00075":[],"frame_00076":[[420.73944091796875,907.6307373046875,657.99853515625,1074.3251953125,0.8452471494674683]],"frame_00077":[[420.0772705078125,968.70849609375,651.8729858398438,1123.4061279296875,0.8471821546554565]],"frame_00078":[],"frame_00079":[[421.3916015625,1001.10791015625,646.536376953125,1182.730712890625,0.7452701926231384]],"frame_00080":[[431.2275695800781,1026.9766845703125,661.5394287109375,1216.9295654296875,0.7188203930854797]],"frame_00081":[[429.2579040527344,1024.7677001953125,644.7772216796875,1208.6767578125,0.8077242374420166]],"frame_00082":[],"frame_00083":[],"frame_00084":[],"frame_00085":[],"frame_00087":[],"frame_00088":[[389.9566650390625,878.2388305664062,612.4635009765625,1060.9710693359375,0.3027058243751526]],"frame_00091":[],"frame_00093":[],"frame_00094":[],"frame_00095":[],"frame_00096":[[430.18896484375,823.6986694335938,618.9583740234375,980.7724609375,0.558580756187439]],"frame_00097":[],"frame_00098":[],"frame_00099":[],"frame_00102":[],"frame_00103":[[445.333740234375,811.386474609375,632.40625,962.7030029296875,0.7847357988357544]],"frame_00104":[[455.6483459472656,806.6273803710938,637.541259765625,958.7645874023438,0.26300615072250366]],"frame_00105":[],"frame_00106":[[451.5910949707031,788.045166015625,688.501953125,957.4136352539062,0.31252753734588623]],"frame_00107":[],"frame_00108":[[458.3487854003906,807.1781616210938,659.3104248046875,981.8417358398438,0.7167969942092896]]}}