{"__manifest__":{"rgb_sha256_short":"6fd55349ad9d","weights_path":"C:\\Users\\User\\Desktop\\UNISA projects\\Drone detection\\es proj 3 thesis workspace\\ES_Drone_Detection\\RGB model\\Yolo26n_selcom_mixed_ft2_1280\\weights\\best.pt","imgsz":960},"dets":{"frame_00001":[],"frame_00002":[],"frame_00003":[],"frame_00004":[],"frame_00005":[],"frame_00006":[],"frame_00007":[],"frame_00008":[],"frame_00017":[],"frame_00018":[],"frame_00019":[],"frame_00020":[],"frame_00030":[],"frame_00039":[],"frame_00045":[],"frame_00046":[],"frame_00047":[],"frame_00049":[[388.1398010253906,278.24224853515625,583.1974487304688,499.4390563964844,0.6630666851997375]],"frame_00050":[],"frame_00053":[],"frame_00054":[],"frame_00055":[],"frame_00056":[],"frame_00057":[],"frame_00058":[],"frame_00059":[],"frame_00060":[],"frame_00062":[],"frame_00063":[[403.59527587890625,596.5947265625,716.2086791992188,1004.8772583007812,0.6144013404846191],[392.37371826171875,586.4732666015625,718.2077026367188,1007.0216064453125,0.3615632951259613]],"frame_00064":[[382.8603820800781,658.9033203125,724.0498046875,974.523681640625,0.6023843884468079],[383.3599548339844,660.58203125,722.147216796875,959.9161987304688,0.4928012192249298]],"frame_00065":[[365.5191345214844,649.97314453125,703.3732299804688,987.4025268554688,0.5695229768753052]],"frame_00066":[],"frame_00067":[[419.1150817871094,661.990478515625,656.8358154296875,853.548583984375,0.5835062861442566]],"frame_00068":[[367.9143371582031,668.860107421875,626.6170654296875,867.828857421875,0.839846134185791]],"frame_00069":[],"frame_00070":[],"frame_00071":[[405.9208679199219,713.4190673828125,732.4960327148438,1035.16259765625,0.6259684562683105],[408.30419921875,708.94140625,734.1036376953125,1024.0291748046875,0.2967832088470459]],"frame_00072":[],"frame_00073":[],"frame_00074":[[404.93768310546875,804.9202270507812,677.559814453125,1012.8031005859375,0.25878167152404785]],"frame_00075":[],"frame_00076":[[429.8459167480469,888.867431640625,661.4567260742188,1076.233642578125,0.321638286113739]],"frame_00077":[[421.42156982421875,958.5709228515625,648.1135864257812,1126.6947021484375,0.7742325067520142]],"frame_00078":[],"frame_00079":[[413.6827392578125,967.6723022460938,643.7852172851562,1185.94482421875,0.4635191857814789]],"frame_00080":[],"frame_00081":[[425.4441833496094,1037.2939453125,634.005859375,1203.613525390625,0.3908670246601105]],"frame_00082":[],"frame_00083":[],"frame_00084":[],"frame_00085":[],"frame_00087":[],"frame_00088":[],"frame_00091":[],"frame_00093":[],"frame_00094":[],"frame_00095":[],"frame_00096":[],"frame_00097":[],"frame_00098":[],"frame_00099":[],"frame_00102":[],"frame_00103":[],"frame_00104":[],"frame_00105":[],"frame_00106":[],"frame_00107":[],"frame_00108":[]}}