{"__manifest__":{"rgb_sha256_short":"80b41e568b15","weights_path":"C:\\Users\\User\\Desktop\\UNISA projects\\Drone detection\\es proj 3 thesis workspace\\ES_Drone_Detection\\RGB model\\Yolo26n_trained\\weights\\best.pt","imgsz":1280},"dets":{"frame_00001":[[915.2205810546875,475.47845458984375,1109.2833251953125,546.81201171875,0.8505039215087891]],"frame_00002":[[881.8487548828125,372.7301025390625,1113.921875,464.2304992675781,0.7493740916252136]],"frame_00003":[[846.4334106445312,315.7782287597656,1114.7119140625,423.5893249511719,0.8278996348381042]],"frame_00004":[],"frame_00005":[],"frame_00006":[],"frame_00007":[],"frame_00008":[[1372.4681396484375,0.0,1403.55859375,16.155807495117188,0.5918487906455994]],"frame_00009":[],"frame_00010":[[1622.546630859375,277.759521484375,1893.672119140625,456.33599853515625,0.61683189868927]],"frame_00011":[],"frame_00012":[[1470.9013671875,320.46466064453125,1764.544189453125,501.618408203125,0.44354698061943054]],"frame_00013":[[1175.54638671875,325.1867980957031,1477.9453125,491.4930725097656,0.8181551098823547]],"frame_00014":[[448.66033935546875,940.8590698242188,492.6045227050781,960.950927734375,0.772722601890564],[1307.696044921875,328.4363708496094,1616.7579345703125,496.4202575683594,0.4571473300457001]],"frame_00015":[[1436.35302734375,901.97314453125,1481.942626953125,922.80224609375,0.7344832420349121]],"frame_00016":[],"frame_00017":[[340.31439208984375,591.8726806640625,458.1792297363281,648.112548828125,0.3469071090221405]],"frame_00018":[[337.0888671875,604.1348266601562,454.5160217285156,661.70849609375,0.4470195472240448]],"frame_00019":[],"frame_00020":[[384.6662292480469,567.1719970703125,497.80645751953125,624.0578002929688,0.558781087398529]],"frame_00021":[],"frame_00022":[],"frame_00023":[],"frame_00024":[],"frame_00025":[],"frame_00026":[],"frame_00027":[],"frame_00028":[],"frame_00029":[],"frame_00030":[],"frame_00031":[],"frame_00032":[],"frame_00033":[],"frame_00034":[],"frame_00035":[],"frame_00036":[],"frame_00037":[],"frame_00038":[],"frame_00039":[],"frame_00040":[],"frame_00041":[],"frame_00042":[],"frame_00043":[],"frame_00044":[],"frame_00045":[],"frame_00046":[],"frame_00047":[],"frame_00048":[],"frame_00049":[],"frame_00050":[],"frame_00051":[],"frame_00052":[],"frame_00053":[[1061.9644775390625,1022.5740966796875,1124.894287109375,1058.9093017578125,0.41943517327308655]],"frame_00054":[[806.5046997070312,998.58251953125,941.9646606445312,1047.716796875,0.8113733530044556]],"frame_00055":[[783.361572265625,994.2196655273438,945.2254028320312,1056.799560546875,0.8355460166931152]],"frame_00056":[[744.1234130859375,944.109619140625,936.7242431640625,1031.8797607421875,0.8616160750389099]],"frame_00057":[[685.5753784179688,873.2466430664062,916.2914428710938,1003.2451171875,0.7496960163116455]],"frame_00058":[],"frame_00059":[],"frame_00060":[[1079.6923828125,632.890625,1100.35791015625,650.9827880859375,0.32727155089378357]],"frame_00061":[],"frame_00062":[[752.294189453125,872.145751953125,779.2685546875,896.6158447265625,0.27379921078681946]],"frame_00063":[[610.087646484375,847.33154296875,633.932373046875,868.4136962890625,0.7025126814842224],[1585.03369140625,739.6091918945312,1813.0830078125,903.0074462890625,0.5521628856658936],[838.4859008789062,634.6926879882812,867.1697998046875,656.0216064453125,0.31818848848342896]],"frame_00064":[[550.0670166015625,834.56689453125,576.4403076171875,857.1802978515625,0.3111612796783447]],"frame_00065":[],"frame_00066":[],"frame_00067":[],"frame_00068":[],"frame_00069":[],"frame_00070":[],"frame_00071":[],"frame_00072":[],"frame_00073":[],"frame_00074":[],"frame_00075":[],"frame_00076":[],"frame_00077":[],"frame_00078":[],"frame_00079":[[582.8955688476562,677.392822265625,656.1694946289062,727.4595947265625,0.6133516430854797]],"frame_00080":[],"frame_00081":[],"frame_00082":[],"frame_00083":[],"frame_00084":[],"frame_00085":[],"frame_00086":[],"frame_00087":[],"frame_00088":[],"frame_00089":[],"frame_00090":[],"frame_00091":[],"frame_00092":[],"frame_00093":[],"frame_00094":[[236.26400756835938,361.43341064453125,283.4036865234375,389.9815979003906,0.6118366122245789]],"frame_00095":[],"frame_00096":[],"frame_00097":[],"frame_00098":[],"frame_00099":[],"frame_00100":[],"frame_00101":[],"frame_00102":[[41.874717712402344,450.79290771484375,203.74691772460938,504.1025390625,0.5730817317962646]],"frame_00103":[],"frame_00104":[],"frame_00105":[],"frame_00106":[],"frame_00107":[],"frame_00108":[],"frame_00109":[],"frame_00110":[],"frame_00111":[],"frame_00112":[],"frame_00113":[],"frame_00114":[],"frame_00115":[],"frame_00116":[],"frame_00117":[[79.2889404296875,574.5633544921875,141.50997924804688,620.0263061523438,0.7898272275924683]],"frame_00118":[],"frame_00119":[],"frame_00120":[],"frame_00121":[],"frame_00122":[[1418.8468017578125,524.5359497070312,1451.775634765625,541.7806396484375,0.25649458169937134]],"frame_00123":[],"frame_00124":[],"frame_00125":[],"frame_00126":[[881.6942138671875,311.3457946777344,915.53662109375,333.65673828125,0.7190647125244141]],"frame_00127":[],"frame_00128":[],"frame_00129":[],"frame_00130":[],"frame_00131":[],"frame_00132":[],"frame_00133":[],"frame_00134":[],"frame_00135":[],"frame_00136":[],"frame_00137":[],"frame_00138":[],"frame_00139":[],"frame_00140":[[691.0791015625,571.5208740234375,835.7474365234375,613.781982421875,0.3280181288719177]],"frame_00141":[[694.4144287109375,570.8604736328125,839.9064331054688,614.0847778320312,0.36667343974113464]],"frame_00142":[[785.3527221679688,570.1536254882812,896.92431640625,682.9645385742188,0.8801490068435669],[391.51165771484375,913.3251342773438,424.66162109375,944.249755859375,0.6320367455482483]],"frame_00143":[],"frame_00144":[[818.237548828125,235.4560089111328,984.5718383789062,377.2960205078125,0.8983224034309387]],"frame_00145":[[818.3494262695312,35.480106353759766,1017.7127685546875,186.2581329345703,0.892638623714447]],"frame_00146":[[913.6055908203125,3.085887908935547,1096.877685546875,131.110107421875,0.8696305751800537]],"frame_00147":[[1039.5711669921875,108.6650619506836,1179.8836669921875,226.4318389892578,0.8862995505332947],[1262.072265625,668.807861328125,1292.5411376953125,689.5824584960938,0.4672694504261017]],"frame_00148":[[1146.3143310546875,273.8513488769531,1249.212890625,364.4737548828125,0.8863668441772461]],"frame_00149":[[1184.7205810546875,433.0703125,1266.8553466796875,506.8653564453125,0.8936073780059814]],"frame_00150":[[1163.6236572265625,577.160888671875,1236.9736328125,640.678466796875,0.8562580943107605]],"frame_00151":[[1132.9783935546875,693.5225219726562,1204.38623046875,750.1384887695312,0.8525769710540771]],"frame_00152":[[1159.009033203125,781.828857421875,1234.56982421875,834.4549560546875,0.8325542211532593]],"frame_00153":[[1212.1187744140625,853.840087890625,1280.8193359375,900.4869384765625,0.8129178881645203],[470.8131103515625,437.87939453125,501.58917236328125,463.2572021484375,0.473438024520874]],"frame_00154":[[1257.79736328125,916.25439453125,1322.664794921875,958.4217529296875,0.8034775853157043],[486.03857421875,438.9897766113281,513.3870239257812,463.0921325683594,0.4737051725387573],[779.388427734375,602.081787109375,803.7786865234375,619.3071899414062,0.3712010681629181]],"frame_00155":[[1294.92626953125,972.4290161132812,1353.8427734375,1008.36279296875,0.7732409238815308],[474.2152404785156,713.7749633789062,500.67095947265625,733.2162475585938,0.5377371311187744],[498.364501953125,436.84649658203125,527.8049926757812,462.7218017578125,0.47400233149528503],[791.1693115234375,601.446044921875,816.5029296875,619.495361328125,0.42594507336616516]],