{"__manifest__":{"rgb_sha256_short":"6fd55349ad9d","weights_path":"C:\\Users\\User\\Desktop\\UNISA projects\\Drone detection\\es proj 3 thesis workspace\\ES_Drone_Detection\\RGB model\\Yolo26n_selcom_mixed_ft2_1280\\weights\\best.pt","imgsz":960},"dets":{"frame_00001":[[455.9442138671875,628.5364379882812,536.1672973632812,705.2974243164062,0.8164548277854919]],"frame_00002":[[456.61041259765625,654.4840698242188,558.0972290039062,738.9302978515625,0.8103719353675842]],"frame_00003":[[466.20208740234375,687.5948486328125,562.4779052734375,766.3049926757812,0.4005797505378723]],"frame_00004":[],"frame_00005":[[447.50634765625,720.2625122070312,580.1448974609375,803.8564453125,0.605646014213562]],"frame_00006":[[473.0314025878906,734.9800415039062,575.7327270507812,819.2067260742188,0.570142388343811]],"frame_00007":[[477.37506103515625,762.740478515625,582.9133911132812,839.1050415039062,0.7940806746482849],[528.6217041015625,620.43603515625,622.8908081054688,676.68359375,0.47834205627441406]],"frame_00008":[[464.10833740234375,771.3199462890625,580.35498046875,829.5255737304688,0.7601763010025024]],"frame_00009":[[467.11328125,752.5397338867188,602.1277465820312,809.9310302734375,0.5865265130996704]],"frame_00010":[[474.80419921875,699.290771484375,606.1966552734375,762.930419921875,0.6795517802238464]],"frame_00011":[[446.61993408203125,537.1116333007812,597.5614013671875,688.90478515625,0.8222857117652893]],"frame_00012":[[419.1627197265625,483.24249267578125,614.2528076171875,590.362060546875,0.8597477078437805]],"frame_00013":[[420.48443603515625,390.3243408203125,644.88623046875,507.61822509765625,0.8526803851127625]],"frame_00014":[[484.1163330078125,271.4179382324219,674.4764404296875,429.7138366699219,0.7396529316902161]],"frame_00015":[[553.7688598632812,185.92364501953125,704.8455810546875,344.98822021484375,0.87052983045578]],"frame_00016":[[574.1578979492188,126.67597961425781,735.3397827148438,302.9343566894531,0.7332621812820435]],"frame_00017":[[385.14642333984375,344.00408935546875,484.1180725097656,406.2961730957031,0.8042447566986084],[627.89453125,117.80801391601562,770.0831909179688,279.48236083984375,0.47210460901260376]],"frame_00018":[[654.0856323242188,96.26986694335938,813.000732421875,274.20208740234375,0.6678009033203125]],"frame_00019":[[684.7492065429688,137.42376708984375,853.6160278320312,325.9169006347656,0.3198966681957245]],"frame_00020":[[732.8558959960938,189.56829833984375,892.7182006835938,377.2269287109375,0.7035152912139893]],"frame_00021":[[757.8533325195312,245.6611328125,907.5288696289062,437.8773193359375,0.8773048520088196],[453.63134765625,281.184814453125,589.531494140625,401.31817626953125,0.28027960658073425]],"frame_00022":[[743.624755859375,328.13616943359375,919.1355590820312,514.2154541015625,0.8675339221954346]],"frame_00023":[[754.1417236328125,400.34820556640625,911.3226318359375,599.3198852539062,0.7599447965621948]],"frame_00024":[[740.8038940429688,498.8695373535156,893.3284912109375,688.2811889648438,0.8734853267669678]],"frame_00025":[],"frame_00026":[[675.3048095703125,663.3468627929688,859.9190673828125,818.5223999023438,0.7014317512512207]],"frame_00027":[[666.3753662109375,707.8944702148438,836.5090942382812,889.5296630859375,0.7911988496780396]],"frame_00028":[[626.1823120117188,795.825927734375,852.4991455078125,964.7527465820312,0.7135043740272522]],"frame_00029":[[617.5919189453125,875.7951049804688,834.9552612304688,1022.5230712890625,0.8356950283050537]],"frame_00030":[[619.048095703125,946.842529296875,809.7696533203125,1082.4891357421875,0.7011666893959045]],"frame_00031":[[604.553955078125,1006.4949340820312,831.3821411132812,1134.175048828125,0.7986340522766113]],"frame_00032":[[621.5784912109375,1039.382080078125,849.2263793945312,1178.82177734375,0.7414373159408569]],"frame_00033":[[667.0453491210938,1030.3348388671875,893.6945190429688,1189.9415283203125,0.7123692035675049]],"frame_00034":[[445.09051513671875,1056.34423828125,494.2608642578125,1092.37060546875,0.7880938649177551],[392.1842956542969,964.926025390625,417.52569580078125,995.4028930664062,0.49899032711982727]],"frame_00035":[[521.8572998046875,1045.4876708984375,578.7431640625,1086.782470703125,0.7512626647949219],[449.3874816894531,957.399169921875,508.3048095703125,989.0973510742188,0.5867485404014587]],"frame_00036":[[515.7130126953125,939.032958984375,556.0489501953125,966.0307006835938,0.644500195980072],[594.5966186523438,1034.582763671875,653.6900024414062,1076.9053955078125,0.6050541996955872]],"frame_00037":[[558.7872314453125,903.539794921875,609.909423828125,947.3688354492188,0.718508780002594],[638.9850463867188,1023.614990234375,702.3267822265625,1061.160400390625,0.34708571434020996]],"frame_00038":[[556.5773315429688,884.0504760742188,606.828125,917.305419921875,0.8027251362800598],[653.1055297851562,1011.2548217773438,715.823486328125,1048.7415771484375,0.48936980962753296]],"frame_00039":[[556.0645751953125,851.1099853515625,627.8203735351562,903.0050048828125,0.8436465263366699],[640.2791137695312,995.5841674804688,700.3483276367188,1044.470458984375,0.8435053825378418]],"frame_00040":[[535.4487915039062,852.2345581054688,621.8271484375,886.761474609375,0.7082598805427551],[605.5567626953125,989.705810546875,672.2108764648438,1044.705322265625,0.6026767492294312]],"frame_00041":[[520.5172729492188,816.7236938476562,584.356689453125,857.2750854492188,0.8014224171638489],[552.4547119140625,1000.8426513671875,613.767578125,1054.524658203125,0.7811519503593445]],"frame_00042":[[498.2930908203125,1023.3729858398438,567.1629028320312,1078.6470947265625,0.5099241733551025]],"frame_00043":[[431.9540710449219,759.4866333007812,476.8104248046875,825.6336059570312,0.3847026526927948],[447.87530517578125,1060.5738525390625,524.176513671875,1119.1146240234375,0.36226585507392883]],"frame_00044":[[405.7595520019531,1111.583740234375,484.6768798828125,1174.1585693359375,0.703854501247406]],"frame_00045":[],"frame_00046":[[426.7843322753906,1208.359619140625,511.53271484375,1271.4791259765625,0.28094783425331116]],"frame_00047":[[493.1848449707031,1233.4942626953125,576.5150756835938,1293.919189453125,0.4284983277320862],[415.4739685058594,820.8863525390625,505.7780456542969,927.0321044921875,0.2729242444038391]],"frame_00048":[],"frame_00049":[],"frame_00050":[],"frame_00051":[[595.4027099609375,1120.459716796875,652.0690307617188,1154.69921875,0.6037817597389221]],"frame_00052":[[531.4884033203125,802.7996826171875,600.8010864257812,863.52880859375,0.3709334433078766],[572.3966064453125,1067.481689453125,624.1283569335938,1100.213134765625,0.26295819878578186]],"frame_00053":[[536.25,1010.2991333007812,593.843017578125,1044.994873046875,0.37319111824035645]],"frame_00054":[],"frame_00055":[],"frame_00056":[],"frame_00057":[],"frame_00058":[],"frame_00059":[],"frame_00060":[[502.1398010253906,784.1099243164062,568.3624877929688,825.1416015625,0.25239017605781555]],"frame_00061":[[514.60498046875,761.4456176757812,592.248779296875,802.3171997070312,0.6840207576751709]],"frame_00062":[[539.4993286132812,741.0045166015625,627.2916870117188,796.3797607421875,0.7011287212371826]],"frame_00064":[[640.99560546875,756.7879638671875,730.1357421875,806.7854614257812,0.7165466547012329]],"frame_00066":[[741.4951171875,743.658935546875,858.947021484375,792.925537109375,0.6571212410926819]],"frame_00072":[],"frame_00075":[],"frame_00077":[],"frame_00079":[],"frame_00080":[],"frame_00081":[],"frame_00082":[],"frame_00083":[],"frame_00084":[],"frame_00085":[],"frame_00086":[],"frame_00087":[],"frame_00088":[],"frame_00089":[],"frame_00090":[],"frame_00091":[[466.51580810546875,360.62738037109375,526.08251953125,413.5753479003906,0.29667285084724426]],"frame_00101":[],"frame_00107":[],"frame_00108":[],"frame_00109":[],"frame_00110":[[455.20147705078125,439.4217529296875,580.8796997070312,492.67791748046875,0.7669641971588135]],