{"__manifest__": {"weights_path": "C:\\Users\\User\\Desktop\\UNISA projects\\Drone detection\\es proj 3 thesis workspace\\ES_Drone_Detection\\RGB model\\Yolo26n_selcom_confuser_ft4_1280\\weights\\best.pt", "imgsz": 1280, "conf": 0.25}, "dets": {"frame_00057": [], "frame_00058": [], "frame_00059": [], "frame_00060": [], "frame_00061": [], "frame_00062": [], "frame_00102": [], "frame_00104": [], "frame_00105": [], "frame_00106": [], "frame_00107": [], "frame_00108": [], "frame_00109": [], "frame_00110": [], "frame_00111": [[513.93310546875, 583.1436767578125, 1011.0150146484375, 809.203125, 0.2559913992881775]], "frame_00112": [[520.6422119140625, 536.7515869140625, 1019.64599609375, 782.7584838867188, 0.4176316559314728]], "frame_00113": [[518.7416381835938, 498.4849853515625, 1013.6429443359375, 755.4646606445312, 0.47914963960647583]], "frame_00114": [[515.5949096679688, 474.28961181640625, 1006.368896484375, 732.46875, 0.39261847734451294]], "frame_00115": [[518.2608642578125, 439.56634521484375, 1000.8535766601562, 707.8211059570312, 0.48869749903678894]], "frame_00116": [[522.072021484375, 427.7447509765625, 997.9663696289062, 689.407470703125, 0.47652289271354675]], "frame_00117": [[521.3563232421875, 396.694091796875, 995.2717895507812, 680.7882080078125, 0.42790549993515015]], "frame_00118": [[520.1251831054688, 383.6305847167969, 999.4641723632812, 677.9088745117188, 0.49641162157058716]], "frame_00119": [[516.1604614257812, 382.8035888671875, 998.343017578125, 670.9677734375, 0.5142566561698914]], "frame_00120": [[517.15771484375, 384.337646484375, 993.3272705078125, 670.9663696289062, 0.4986712634563446]], "frame_00121": [[519.3001708984375, 392.6476135253906, 992.099853515625, 671.4429321289062, 0.4575929045677185]], "frame_00122": [[523.58251953125, 392.3925476074219, 984.7139282226562, 676.9617919921875, 0.5091071724891663]], "frame_00123": [[521.1491088867188, 400.91497802734375, 981.769775390625, 680.3545532226562, 0.4351048767566681]], "frame_00124": [[520.1510009765625, 405.625244140625, 980.2425537109375, 681.0159301757812, 0.2740017771720886]], "frame_00125": [[521.093505859375, 425.97052001953125, 978.2788696289062, 688.143310546875, 0.4711340069770813]], "frame_00126": [[523.931884765625, 429.75823974609375, 970.0160522460938, 691.1854858398438, 0.49576759338378906]], "frame_00127": [[520.50927734375, 432.3995361328125, 968.4940795898438, 694.7081909179688, 0.46843478083610535]], "frame_00128": [[516.5712890625, 438.19952392578125, 966.0001220703125, 698.2257690429688, 0.42093396186828613]], "frame_00129": [[511.5653076171875, 439.7950744628906, 962.844482421875, 701.1203002929688, 0.449898362159729]], "frame_00130": [[507.5581970214844, 440.5316162109375, 957.501953125, 702.10302734375, 0.43625038862228394]], "frame_00131": [[503.1689758300781, 442.6761474609375, 953.5028686523438, 703.8334350585938, 0.39718738198280334]], "frame_00132": [], "frame_00133": [], "frame_00134": [[491.5496520996094, 440.7364196777344, 924.44970703125, 717.90185546875, 0.3033602237701416]], "frame_00135": [[488.46990966796875, 445.78021240234375, 913.4013061523438, 716.8850708007812, 0.38870513439178467]], "frame_00136": [[480.70458984375, 454.4111328125, 903.884521484375, 719.3759155273438, 0.3784925043582916]], "frame_00137": [[478.9486083984375, 480.90728759765625, 886.6888427734375, 731.4886474609375, 0.33558183908462524]], "frame_00138": [[475.315673828125, 492.0062255859375, 866.42138671875, 731.9148559570312, 0.5053086876869202]], "frame_00139": [[469.7456359863281, 501.76812744140625, 854.7379760742188, 740.0156860351562, 0.6353623867034912]], "frame_00140": [[470.5980224609375, 517.8695068359375, 837.50732421875, 746.1918334960938, 0.5378903746604919]], "frame_00141": [[450.6317138671875, 539.263671875, 824.389404296875, 746.9446411132812, 0.46711498498916626]], "frame_00142": [[467.1838073730469, 547.4300537109375, 803.521240234375, 760.1846923828125, 0.5155650973320007]], "frame_00143": [[455.4121398925781, 568.6356811523438, 792.4268798828125, 770.7147216796875, 0.274758905172348]], "frame_00144": [], "frame_00145": [[463.3417053222656, 617.8576049804688, 748.76513671875, 788.705078125, 0.37292805314064026]], "frame_00146": [[466.6055603027344, 635.4635620117188, 735.9647216796875, 794.0883178710938, 0.27693432569503784]], "frame_00147": [[461.4034423828125, 649.8274536132812, 723.9909057617188, 803.8892822265625, 0.514197826385498]], "frame_00148": [[462.0279235839844, 669.765625, 712.2713623046875, 807.4158935546875, 0.6300994157791138]], "frame_00149": [[461.7003479003906, 687.661865234375, 700.5574340820312, 812.156982421875, 0.4810996949672699]], "frame_00150": [[460.7689208984375, 702.968994140625, 690.6275634765625, 822.17529296875, 0.7784274816513062]], "frame_00151": [[466.3558349609375, 716.70166015625, 681.2554321289062, 828.8787231445312, 0.713110089302063]], "frame_00152": [[467.087158203125, 730.5523681640625, 674.203369140625, 834.0543823242188, 0.8074477910995483]], "frame_00153": [[469.94476318359375, 743.8897705078125, 665.2149658203125, 840.2649536132812, 0.6758687496185303]], "frame_00154": [[469.8790283203125, 754.3372802734375, 661.3720703125, 849.6092529296875, 0.5331847667694092]], "frame_00155": [[472.30889892578125, 766.4891967773438, 654.4663696289062, 855.430908203125, 0.773205578327179]], "frame_00156": [[471.3236389160156, 778.4067993164062, 649.71630859375, 859.743896484375, 0.6741499900817871]], "frame_00157": [[474.51617431640625, 788.0086669921875, 642.2349853515625, 866.690185546875, 0.6992947459220886]], "frame_00158": [[477.2523193359375, 795.4737548828125, 637.5717163085938, 874.0497436523438, 0.8114249110221863]], "frame_00159": [[477.8647155761719, 805.941162109375, 633.6192626953125, 876.8366088867188, 0.5337146520614624]], "frame_00160": [[480.50518798828125, 813.93603515625, 628.685791015625, 882.0759887695312, 0.7298915386199951]], "frame_00161": [[479.1431579589844, 820.6532592773438, 625.863037109375, 886.385986328125, 0.798926055431366]], "frame_00162": [[478.25885009765625, 828.2942504882812, 616.101806640625, 892.0653076171875, 0.7644888758659363]], "frame_00163": [[480.49554443359375, 835.44873046875, 613.9431762695312, 896.5648193359375, 0.7666043043136597]], "frame_00164": [[483.3919372558594, 840.47509765625, 611.106201171875, 898.8242797851562, 0.7596635222434998]], "frame_00165": [[484.3329162597656, 846.8743286132812, 609.4906005859375, 900.5665283203125, 0.6339316964149475]], "frame_00166": [[483.339111328125, 849.5604858398438, 613.8843383789062, 906.0591430664062, 0.7393187880516052]], "frame_00167": [[485.5892028808594, 854.7116088867188, 612.4520263671875, 909.1858520507812, 0.8135416507720947]], "frame_00168": [[484.8538818359375, 860.7532958984375, 610.0263671875, 910.9253540039062, 0.8254328370094299]], "frame_00169": [[491.20404052734375, 862.254638671875, 606.2767944335938, 912.684814453125, 0.8355650901794434]], "frame_00170": [[494.6029052734375, 869.0436401367188, 603.4737548828125, 913.37060546875, 0.8436324000358582]], "frame_00171": [[495.17889404296875, 872.7247314453125, 603.67529296875, 916.3966064453125, 0.8297369480133057]], "frame_00172": [[497.9978942871094, 876.5491943359375, 602.1193237304688, 919.0535888671875, 0.8261937499046326]], "frame_00173": [[497.46826171875, 879.7879028320312, 600.762451171875, 921.7194213867188, 0.8429543375968933]], "frame_00174": [[501.22479248046875, 883.9864501953125, 598.8671264648438, 922.6309204101562, 0.848560631275177]], "frame_00175": [[502.9046630859375, 887.5628662109375, 599.4273681640625, 925.1398315429688, 0.8225669264793396]], "frame_00176": [[504.22021484375, 889.0419921875, 598.2907104492188, 927.6263427734375, 0.8202264308929443]], "frame_00177": [[505.6180419921875, 891.2810668945312, 598.0442504882812, 929.67333984375, 0.8335803151130676]], "frame_00178": [[506.0904235839844, 893.0472412109375, 599.771728515625, 931.3199462890625, 0.8187406063079834]],