{"__manifest__":{"rgb_sha256_short":"ce084f1fea1e","weights_path":"C:\\Users\\User\\Desktop\\UNISA projects\\Drone detection\\es proj 3 thesis workspace\\ES_Drone_Detection\\runs\\corrective_finetune\\finetune_v3b\\weights\\best.pt","imgsz":640},"dets":{"frame_00001":[],"frame_00002":[[594.5660400390625,1368.75439453125,938.489013671875,1644.3475341796875,0.8299495577812195]],"frame_00003":[],"frame_00004":[],"frame_00005":[[338.4015808105469,111.33171844482422,436.8005676269531,166.68106079101562,0.42218005657196045]],"frame_00006":[],"frame_00007":[],"frame_00008":[[416.7359619140625,474.9921569824219,705.1919555664062,570.837890625,0.7440958023071289]],"frame_00009":[[464.32427978515625,638.7916870117188,811.1529541015625,767.9566040039062,0.6685677766799927]],"frame_00010":[],"frame_00011":[],"frame_00012":[],"frame_00013":[],"frame_00014":[[735.4991455078125,1710.234130859375,1045.271484375,1917.565673828125,0.46242088079452515]],"frame_00015":[],"frame_00016":[],"frame_00017":[],"frame_00018":[],"frame_00019":[[574.8204956054688,1441.71923828125,1066.162353515625,1841.460205078125,0.5286107659339905]],"frame_00020":[],"frame_00021":[],"frame_00022":[[535.266357421875,1131.2711181640625,977.2055053710938,1514.6090087890625,0.6677353978157043]],"frame_00023":[],"frame_00024":[],"frame_00025":[[461.57122802734375,847.2317504882812,1032.123046875,1231.3011474609375,0.6288601160049438]],"frame_00026":[[435.731201171875,796.2863159179688,1014.382080078125,1170.940185546875,0.4866006076335907]],"frame_00027":[[472.98419189453125,757.2142333984375,903.935546875,1091.9208984375,0.8071553111076355],[680.5714111328125,1595.27392578125,778.8729248046875,1664.122314453125,0.7726022005081177]],"frame_00028":[[458.1270751953125,689.0238037109375,911.1326293945312,1036.6099853515625,0.833533763885498],[612.4483642578125,1519.5185546875,777.4498291015625,1584.4677734375,0.5429434180259705]],"frame_00029":[],"frame_00030":[[373.3898620605469,641.8807373046875,954.8660888671875,991.33544921875,0.5092483758926392]],"frame_00031":[[411.8584899902344,610.21484375,859.67578125,966.1755981445312,0.7338157892227173]],"frame_00032":[[688.8519897460938,1276.57958984375,767.8983154296875,1353.897705078125,0.9035057425498962],[376.68988037109375,585.544677734375,931.5853271484375,938.107421875,0.7371954917907715]],"frame_00033":[[700.5801391601562,1227.5516357421875,765.7230224609375,1308.230224609375,0.8448567390441895],[358.5958557128906,554.7645874023438,840.0540161132812,923.329833984375,0.7790435552597046]],"frame_00034":[[380.0614013671875,505.94854736328125,885.3301391601562,870.240478515625,0.8025708198547363]],"frame_00035":[[382.56866455078125,487.54736328125,791.2531127929688,816.1195678710938,0.818687915802002],[727.9739990234375,1107.947998046875,809.690185546875,1205.5096435546875,0.818601131439209]],"frame_00036":[[710.422607421875,1098.058349609375,820.245361328125,1155.632568359375,0.8982049226760864],[354.21600341796875,436.68243408203125,884.82470703125,820.343994140625,0.4004657566547394]],"frame_00037":[[257.8517761230469,393.2124938964844,841.5426635742188,748.9366455078125,0.6943591237068176]],"frame_00038":[[325.94708251953125,342.6474304199219,767.333984375,718.326904296875,0.8319016098976135],[765.4146728515625,959.49462890625,855.2774047851562,1057.221435546875,0.5223127007484436]],"frame_00039":[],"frame_00040":[[757.974365234375,953.3622436523438,846.7556762695312,1009.300537109375,0.8455124497413635]],"frame_00041":[[261.9839782714844,290.6044006347656,723.2840576171875,645.9815673828125,0.8309589624404907],[778.833984375,885.2501220703125,865.1229858398438,979.42919921875,0.7742360234260559]],"frame_00042":[[283.2528991699219,294.982177734375,700.9094848632812,637.0040283203125,0.6449585556983948]],"frame_00043":[],"frame_00044":[[214.74395751953125,298.75567626953125,721.7608642578125,676.2789306640625,0.5071299076080322]],"frame_00045":[[186.7484893798828,319.7879333496094,664.3419799804688,731.845703125,0.7343757152557373]],"frame_00046":[],"frame_00047":[],"frame_00048":[],"frame_00049":[],"frame_00050":[[40.467132568359375,673.612548828125,1018.3857421875,1098.72265625,0.48969748616218567]],"frame_00051":[],"frame_00052":[[36.602760314941406,783.8948364257812,791.110595703125,1290.6392822265625,0.6061402559280396]],"frame_00053":[[31.600112915039062,924.286376953125,786.711181640625,1405.0555419921875,0.6077799201011658]],"frame_00054":[[2.3293304443359375,1051.1707763671875,817.9707641601562,1512.740234375,0.8224431872367859]],"frame_00055":[[40.624603271484375,1166.5634765625,860.780029296875,1614.7225341796875,0.7143206596374512]],"frame_00056":[[14.972625732421875,1257.90771484375,828.1777954101562,1698.6588134765625,0.6578457951545715],[110.2950439453125,1268.6533203125,816.807373046875,1705.6259765625,0.4033341407775879]],"frame_00077":[[191.80197143554688,331.3107604980469,1080.0,774.01123046875,0.8220927119255066]],"frame_00078":[[272.5458984375,415.48956298828125,1072.492431640625,845.76123046875,0.8227310180664062]],"frame_00079":[[228.57440185546875,489.11724853515625,1072.43994140625,929.2037353515625,0.7996588349342346]],"frame_00080":[[183.6361083984375,540.27197265625,1080.0,1000.626708984375,0.5281254649162292]],"frame_00081":[[213.95608520507812,403.912353515625,1080.0,1043.674560546875,0.7883284687995911]],"frame_00082":[],"frame_00083":[[262.63330078125,550.3607177734375,1080.0,1046.218994140625,0.8113158345222473]],"frame_00084":[[233.42051696777344,542.3385620117188,1051.3673095703125,1014.2655029296875,0.7695408463478088],[231.8151397705078,531.6163330078125,1062.4478759765625,1020.936279296875,0.6999305486679077]],"frame_00085":[[260.0852966308594,483.45318603515625,1080.0,990.6600341796875,0.7468546628952026]],"frame_00086":[[193.7017822265625,447.818115234375,1080.0,1012.1947631835938,0.45723047852516174]],"frame_00087":[[187.56582641601562,441.5966491699219,1080.0,951.3806762695312,0.6289332509040833]],"frame_00088":[[206.85653686523438,443.1841735839844,1080.0,936.300048828125,0.7086744904518127]],"frame_00089":[[202.13287353515625,447.19000244140625,1080.0,922.3379516601562,0.8424713015556335]],"frame_00090":[[286.07843017578125,426.47021484375,1080.0,900.1019897460938,0.8618884682655334]],"frame_00091":[[210.1768341064453,374.060546875,1080.0,859.5972900390625,0.8628543019294739]],"frame_00092":[[234.86965942382812,320.20855712890625,1080.0,808.0286865234375,0.8542295098304749]],"frame_00093":[[359.2874450683594,236.00523376464844,1080.0,743.908203125,0.4937380254268646]],"frame_00094":[[373.9635314941406,165.16143798828125,1075.4599609375,673.408203125,0.4737582504749298]],"frame_00095":[[262.142333984375,124.32657623291016,1080.0,608.8299560546875,0.8704771995544434]],"frame_00096":[[343.51397705078125,36.68792724609375,1080.0,572.5477294921875,0.7776853442192078]],"frame_00097":[],"frame_00098":[[295.72235107421875,2.068634033203125,1061.22021484375,502.0467529296875,0.7980961799621582]],"frame_00099":[],"frame_00100":[[403.5312194824219,0.0,1017.8717651367188,474.91357421875,0.4846143126487732]],"frame_00101":[[446.02130126953125,108.28536987304688,909.3327026367188,477.1820068359375,0.6180647015571594]],"frame_00102":[[448.4940490722656,176.836181640625,910.8231811523438,512.5709838867188,0.8667435050010681]],"frame_00103":[[472.2210388183594,252.505615234375,866.4164428710938,551.8878784179688,0.912786066532135]],"frame_00104":[[488.59521484375,310.30706787109375,857.0972900390625,596.1757202148438,0.9349217414855957]],"frame_00105":[[517.76953125,360.5439453125,855.8116455078125,641.78564453125,0.928566575050354]],"frame_00106":[[524.629150390625,392.3257141113281,862.7843627929688,675.3827514648438,0.8534478545188904]],"frame_00107":[[531.9537963867188,410.6690368652344,856.3773193359375,708.5363159179688,0.8683347105979919]],"frame_00108":[[551.0135498046875,469.89208984375,844.3338623046875,717.0120849609375,0.8879749774932861]],