{"__manifest__":{"rgb_sha256_short":"5e11ed739f7b","weights_path":"C:\\Users\\User\\Desktop\\UNISA projects\\Drone detection\\es proj 3 thesis workspace\\ES_Drone_Detection\\RGB model\\Yolo26n_retrained_v2\\weights\\best.pt","imgsz":1280},"dets":{"frame_00001":[[346.9189758300781,568.351318359375,370.86114501953125,586.1849975585938,0.7626141905784607]],"frame_00002":[[346.4345703125,569.9161376953125,369.6402282714844,587.5401000976562,0.7425686120986938]],"frame_00003":[[346.2451477050781,570.0206298828125,369.5209655761719,588.6240234375,0.4665868282318115]],"frame_00004":[[345.4109802246094,571.7166748046875,368.7873229980469,589.8507690429688,0.735366702079773],[307.2204284667969,493.8667297363281,342.772705078125,526.2777099609375,0.47126588225364685]],"frame_00005":[[345.068115234375,572.766845703125,368.2509460449219,590.8216552734375,0.5908065438270569]],"frame_00006":[[344.1804504394531,573.7659912109375,368.4017028808594,591.7249755859375,0.7194909453392029]],"frame_00007":[],"frame_00008":[],"frame_00009":[],"frame_00010":[[339.310546875,575.0196533203125,370.4437255859375,592.7108154296875,0.524519681930542]],"frame_00011":[[339.6365661621094,575.77294921875,369.26220703125,593.8986206054688,0.6587511301040649]],"frame_00012":[],"frame_00013":[[339.221923828125,577.6866455078125,368.43310546875,596.2174682617188,0.5201888084411621]],"frame_00014":[[293.11138916015625,511.4029235839844,328.0500183105469,535.5816650390625,0.3748493492603302]],"frame_00015":[],"frame_00016":[],"frame_00017":[],"frame_00018":[],"frame_00019":[],"frame_00020":[[344.6397705078125,586.1586303710938,374.00885009765625,605.2186889648438,0.5584750175476074]],"frame_00021":[],"frame_00022":[[330.0009765625,535.60595703125,357.0775451660156,570.3790893554688,0.39246153831481934]],"frame_00023":[],"frame_00024":[],"frame_00025":[],"frame_00026":[],"frame_00027":[[324.8536376953125,518.3758544921875,388.3598937988281,563.2783813476562,0.7525432705879211],[330.4732666015625,520.1121215820312,388.0091857910156,563.3215942382812,0.5370811223983765]],"frame_00028":[],"frame_00029":[],"frame_00030":[[124.25286865234375,554.6123657226562,211.49220275878906,598.9201049804688,0.2769390940666199]],"frame_00031":[],"frame_00032":[[365.4834289550781,498.3521728515625,414.1409912109375,544.0593872070312,0.8298901319503784],[385.3956298828125,586.48681640625,439.5318908691406,617.4498291015625,0.39192119240760803]],"frame_00033":[],"frame_00034":[],"frame_00035":[],"frame_00036":[],"frame_00037":[[131.66070556640625,491.326904296875,214.99127197265625,585.3591918945312,0.7862763404846191]],"frame_00038":[],"frame_00039":[],"frame_00040":[[319.5068664550781,478.6452331542969,403.930908203125,531.8340454101562,0.4083870053291321]],"frame_00041":[[372.411865234375,557.021484375,426.9168701171875,592.7506103515625,0.4703289270401001]],"frame_00042":[[370.7451171875,555.4584350585938,422.3297424316406,589.4231567382812,0.340191125869751]],"frame_00043":[[44.855918884277344,340.39404296875,131.64437866210938,416.52362060546875,0.5929502248764038]],"frame_00044":[],"frame_00045":[],"frame_00046":[],"frame_00047":[],"frame_00048":[],"frame_00049":[],"frame_00050":[],"frame_00051":[],"frame_00052":[],"frame_00053":[[291.5629577636719,551.6746826171875,350.6693420410156,590.1871337890625,0.5291455388069153]],"frame_00054":[[293.95477294921875,553.9507446289062,349.61041259765625,589.6063232421875,0.8870556950569153]],"frame_00055":[[297.96661376953125,556.2910766601562,351.1224060058594,590.6806640625,0.8920118808746338]],"frame_00056":[[301.66015625,558.2769775390625,352.5414733886719,591.345458984375,0.8927496671676636]],"frame_00057":[[305.41851806640625,559.670166015625,353.9124755859375,591.5437622070312,0.8822656273841858]],"frame_00058":[],"frame_00059":[],"frame_00060":[[55.7138671875,214.7218475341797,109.74299621582031,249.9060821533203,0.4617215096950531]],"frame_00061":[[33.219146728515625,215.42892456054688,124.48580932617188,285.5544128417969,0.6449843049049377],[253.12249755859375,565.0520629882812,306.64239501953125,595.3790893554688,0.5505050420761108]],"frame_00062":[[265.43450927734375,571.07080078125,316.807861328125,603.1074829101562,0.8126146197319031],[35.02788162231445,232.44354248046875,86.61941528320312,265.89715576171875,0.6251319646835327]],"frame_00063":[[278.48321533203125,581.4873046875,331.4537658691406,615.9087524414062,0.6406452059745789]],"frame_00064":[],"frame_00065":[[23.713947296142578,318.3746643066406,97.50907897949219,385.1888427734375,0.3310316801071167]],"frame_00066":[],"frame_00067":[],"frame_00068":[],"frame_00069":[],"frame_00070":[],"frame_00071":[],"frame_00072":[],"frame_00073":[],"frame_00074":[],"frame_00075":[],"frame_00076":[],"frame_00077":[],"frame_00078":[],"frame_00079":[],"frame_00080":[],"frame_00081":[[397.4639892578125,401.326416015625,444.5560302734375,439.8963928222656,0.8176305294036865]],"frame_00082":[[410.87628173828125,398.2254943847656,451.9903564453125,435.9055480957031,0.8147541284561157]],"frame_00083":[[424.0411071777344,398.78118896484375,464.9547424316406,433.0914611816406,0.7710357904434204]],"frame_00084":[[433.3826904296875,403.7529296875,476.0661926269531,427.09747314453125,0.7545183897018433]],"frame_00085":[],"frame_00086":[],"frame_00087":[],"frame_00088":[],"frame_00089":[],"frame_00090":[],"frame_00091":[],"frame_00092":[],"frame_00093":[],"frame_00094":[],"frame_00095":[[455.63140869140625,450.9184265136719,484.97772216796875,468.57489013671875,0.29146668314933777]],"frame_00096":[],"frame_00097":[],"frame_00098":[],"frame_00099":[],"frame_00100":[],"frame_00101":[],"frame_00102":[],"frame_00103":[],"frame_00104":[],"frame_00105":[],"frame_00106":[],"frame_00107":[],"frame_00108":[],"frame_00109":[],"frame_00110":[],"frame_00111":[],"frame_00112":[],"frame_00113":[],"frame_00114":[],"frame_00115":[],"frame_00118":[],"frame_00119":[],"frame_00120":[],"frame_00121":[],"frame_00122":[],"frame_00123":[[370.4206848144531,397.0768737792969,384.01141357421875,413.0635986328125,0.39803552627563477]],"frame_00124":[],"frame_00125":[[401.9097595214844,420.0980529785156,412.3021240234375,437.1904602050781,0.48507586121559143]],"frame_00126":[],"frame_00127":[],"frame_00128":[[390.6162109375,476.3614501953125,402.9736022949219,491.6697692871094,0.30667251348495483]],"frame_00129":[],"frame_00130":[],"frame_00131":[[313.9623107910156,123.74166870117188,343.36602783203125,156.23492431640625,0.37631329894065857]],"frame_00132":[[358.4469909667969,113.84796905517578,387.703369140625,140.85520935058594,0.4484293460845947]],"frame_00133":[[402.3395080566406,84.2844467163086,430.4226989746094,118.0838623046875,0.6455593109130859]],"frame_00134":[[229.66229248046875,7.030235290527344,252.36123657226562,25.1583309173584,0.7020421028137207]],"frame_00135":[],"frame_00136":[],"frame_00137":[],"frame_00138":[[596.3424072265625,19.858497619628906,622.6258544921875,46.82850646972656,0.4958387613296509]],"frame_00139":[],"frame_00140":[],"frame_00141":[],"frame_00142":[],"frame_00143":[],"frame_00144":[],"frame_00145":[],"frame_00146":[],"frame_00147":[],"frame_00148":[],"frame_00149":[],"frame_00150":[],"frame_00151":[],"frame_00152":[]}}