{"__manifest__":{"rgb_sha256_short":"6fd55349ad9d","weights_path":"C:\\Users\\User\\Desktop\\UNISA projects\\Drone detection\\es proj 3 thesis workspace\\ES_Drone_Detection\\RGB model\\Yolo26n_selcom_mixed_ft2_1280\\weights\\best.pt","imgsz":960},"dets":{"frame_00057":[],"frame_00058":[],"frame_00059":[],"frame_00060":[],"frame_00061":[],"frame_00062":[],"frame_00102":[],"frame_00104":[],"frame_00105":[],"frame_00106":[],"frame_00107":[],"frame_00108":[],"frame_00109":[],"frame_00110":[],"frame_00111":[[522.0947265625,580.2482299804688,1028.98583984375,827.7369384765625,0.35529929399490356],[520.7831420898438,576.5321655273438,1027.05859375,825.599365234375,0.2925017178058624]],"frame_00112":[],"frame_00113":[[516.9993286132812,510.45770263671875,1018.69921875,768.2420043945312,0.7086191773414612]],"frame_00114":[[513.4746704101562,469.2376708984375,1011.0228271484375,737.0040893554688,0.5444635152816772]],"frame_00115":[[514.4405517578125,446.2958679199219,1006.489501953125,720.4533081054688,0.6972734332084656]],"frame_00116":[[517.8778686523438,421.0619201660156,997.3651733398438,709.3873291015625,0.7303953170776367]],"frame_00117":[[512.486572265625,401.16339111328125,996.7434692382812,699.9283447265625,0.7781221866607666]],"frame_00118":[[513.7803955078125,393.9435729980469,1000.375732421875,692.0689697265625,0.7914522290229797]],"frame_00119":[[509.53582763671875,391.3084716796875,991.99658203125,684.912841796875,0.7838424444198608]],"frame_00120":[[509.53668212890625,391.21856689453125,994.3436889648438,685.176513671875,0.7835556268692017]],"frame_00121":[[511.317626953125,398.3453369140625,991.7042236328125,687.074951171875,0.7689206004142761]],"frame_00122":[[513.9906005859375,404.39544677734375,987.056396484375,690.9035034179688,0.5987980961799622],[514.54833984375,431.3843994140625,921.7054443359375,676.439697265625,0.3069062829017639]],"frame_00123":[[512.2373657226562,431.838623046875,913.8602905273438,680.9989013671875,0.6496405005455017],[514.3139038085938,409.6535949707031,984.6976318359375,696.037353515625,0.25390326976776123]],"frame_00124":[[512.8594970703125,414.5703430175781,978.7393798828125,699.6111450195312,0.7257566452026367],[512.5118408203125,440.40264892578125,923.7015380859375,682.9744262695312,0.34397801756858826]],"frame_00125":[[510.3609619140625,428.760009765625,977.1007080078125,702.4360961914062,0.641710102558136],[510.54254150390625,447.9976806640625,926.0951538085938,687.1315307617188,0.465561181306839]],"frame_00126":[[509.2421875,437.81085205078125,973.3277587890625,708.1941528320312,0.672235906124115]],"frame_00127":[[507.20318603515625,439.89801025390625,971.3678588867188,712.0147705078125,0.6736859083175659]],"frame_00128":[[503.414794921875,443.8876647949219,969.5108032226562,714.38427734375,0.6956135034561157],[505.0558776855469,464.11248779296875,932.9822998046875,698.5864868164062,0.2546876072883606]],"frame_00129":[[498.2884216308594,448.72509765625,965.0221557617188,715.9766845703125,0.6837347745895386],[499.8289794921875,467.32659912109375,931.3714599609375,701.8887939453125,0.2982398271560669]],"frame_00130":[[497.30035400390625,449.2231140136719,958.6416015625,717.1922607421875,0.6999901533126831]],"frame_00131":[[495.3995361328125,448.3168640136719,951.4683227539062,718.2120971679688,0.727719783782959]],"frame_00132":[[492.959228515625,444.32891845703125,940.069091796875,719.1124267578125,0.6419677138328552]],"frame_00133":[],"frame_00134":[[485.2336730957031,449.5187072753906,921.7313842773438,720.2738647460938,0.482276976108551]],"frame_00135":[[481.6106872558594,453.986328125,909.7012939453125,721.2305908203125,0.6126871705055237]],"frame_00136":[],"frame_00137":[[473.2950439453125,488.25115966796875,865.6766357421875,727.3914794921875,0.26263493299484253]],"frame_00138":[],"frame_00139":[[469.5586242675781,518.1097412109375,844.1265869140625,739.3089599609375,0.7575953006744385]],"frame_00140":[[466.4075927734375,532.3191528320312,832.6021118164062,746.181640625,0.5391547679901123]],"frame_00141":[[463.8214111328125,549.2908935546875,812.977294921875,751.1712646484375,0.7007310390472412]],"frame_00142":[],"frame_00143":[],"frame_00144":[[461.404052734375,599.6121826171875,766.9209594726562,775.0134887695312,0.5077402591705322]],"frame_00145":[[461.4020080566406,615.1815185546875,751.23583984375,786.06982421875,0.5571391582489014]],"frame_00146":[[461.7525634765625,627.283203125,740.7161865234375,793.0850830078125,0.26682883501052856]],"frame_00147":[[461.4083251953125,650.4413452148438,729.8790893554688,799.5218505859375,0.606831431388855]],"frame_00148":[[462.76641845703125,668.1249389648438,714.81396484375,808.0772094726562,0.7622756958007812]],"frame_00149":[[462.38323974609375,684.468505859375,700.565185546875,815.3724975585938,0.5904950499534607]],"frame_00150":[[461.59478759765625,702.615478515625,691.5905151367188,823.8545532226562,0.8254982829093933]],"frame_00151":[[462.2723083496094,716.543701171875,679.8748168945312,828.4772338867188,0.8424690365791321]],"frame_00152":[[466.93408203125,728.32861328125,671.780517578125,838.486328125,0.8263261914253235]],"frame_00153":[[468.612548828125,741.2611083984375,665.4363403320312,846.8736572265625,0.863681435585022]],"frame_00154":[[471.8870544433594,750.781982421875,658.6170043945312,849.1826782226562,0.8448660373687744]],"frame_00155":[[472.97698974609375,764.9278564453125,650.014892578125,856.3492431640625,0.8500652313232422]],"frame_00156":[[473.18212890625,776.5250244140625,648.0205078125,862.2866821289062,0.8527113199234009]],"frame_00157":[[474.6702880859375,783.8275756835938,642.6654663085938,869.046630859375,0.8435835242271423]],"frame_00158":[[476.1816101074219,792.7991333007812,639.8326416015625,874.1227416992188,0.8276302814483643]],"frame_00159":[[474.371337890625,801.650146484375,636.41455078125,877.4642333984375,0.8076796531677246]],"frame_00160":[[479.1395263671875,810.5164184570312,631.6494750976562,881.0475463867188,0.2608400583267212]],"frame_00161":[[474.54669189453125,818.9945678710938,633.7680053710938,887.5183715820312,0.30522409081459045]],"frame_00162":[[475.6884460449219,827.0697631835938,627.45166015625,892.286865234375,0.5247325301170349]],"frame_00163":[[476.949462890625,830.5299682617188,623.8663330078125,895.7073974609375,0.4592445194721222]],"frame_00164":[[478.215087890625,835.9341430664062,617.1825561523438,897.3750610351562,0.7608027458190918]],"frame_00165":[[480.9879150390625,842.9588012695312,613.3743896484375,900.7550048828125,0.7894551753997803]],"frame_00166":[[482.5480651855469,848.37353515625,609.2837524414062,904.1630859375,0.8150539994239807]],"frame_00167":[[484.6945495605469,853.235107421875,607.5471801757812,906.5304565429688,0.8005630373954773]],"frame_00168":[[482.8620910644531,859.577392578125,606.598388671875,908.4556884765625,0.7814297080039978]],"frame_00169":[[491.28900146484375,861.9783325195312,603.346435546875,911.2919921875,0.6242932081222534]],"frame_00170":[[493.9902648925781,864.6995849609375,601.328857421875,913.345947265625,0.7282050251960754]],"frame_00171":[[495.7445983886719,866.9971313476562,601.0455932617188,914.8529052734375,0.6745736598968506]],"frame_00172":[[495.09014892578125,873.3048095703125,601.499267578125,917.3096923828125,0.7409893274307251]],"frame_00173":[[496.249755859375,876.9733276367188,600.8978271484375,920.204345703125,0.6998439431190491]],"frame_00174":[[498.8315734863281,880.0234985351562,600.3502197265625,921.5675048828125,0.7328721880912781]],"frame_00175":[[496.0571594238281,884.07421875,600.2191772460938,923.5382690429688,0.7592182755470276]],"frame_00176":[[498.5714111328125,886.2412109375,599.9118041992188,925.6837158203125,0.7317147254943848]],"frame_00177":[[498.0721740722656,889.359619140625,599.2225952148438,928.2426147460938,0.7138149738311768]],"frame_00178":[[498.7734680175781,891.2527465820312,599.1670532226562,931.0208740234375,0.7646816372871399]],