{"__manifest__": {"weights_path": "C:\\Users\\User\\Desktop\\UNISA projects\\Drone detection\\es proj 3 thesis workspace\\ES_Drone_Detection\\RGB model\\Yolo26n_selcom_confuser_ft4_1280\\weights\\best.pt", "imgsz": 1280, "conf": 0.25}, "dets": {"frame_00001": [[916.0464477539062, 470.342529296875, 1104.6561279296875, 549.5948486328125, 0.6967969536781311]], "frame_00002": [], "frame_00003": [[841.0491943359375, 313.2862243652344, 1112.967529296875, 424.3133544921875, 0.3025467097759247]], "frame_00004": [], "frame_00005": [], "frame_00006": [], "frame_00007": [], "frame_00008": [], "frame_00009": [], "frame_00010": [], "frame_00011": [], "frame_00012": [[1470.283447265625, 322.05865478515625, 1763.17626953125, 505.74127197265625, 0.2885202467441559]], "frame_00013": [[1171.707763671875, 324.8079833984375, 1485.210693359375, 493.8623046875, 0.6478962302207947]], "frame_00014": [[446.23309326171875, 939.90185546875, 495.31866455078125, 961.0076293945312, 0.6080601811408997], [1302.10595703125, 323.919189453125, 1625.2423095703125, 499.826171875, 0.5687761306762695]], "frame_00015": [[1435.001220703125, 900.874755859375, 1484.6502685546875, 922.858154296875, 0.5744433403015137], [1427.239501953125, 310.0165100097656, 1781.608154296875, 513.3451538085938, 0.560064435005188]], "frame_00016": [[1016.8090209960938, 342.17144775390625, 1404.0567626953125, 543.2032470703125, 0.664379358291626]], "frame_00017": [], "frame_00018": [], "frame_00019": [], "frame_00020": [], "frame_00021": [], "frame_00022": [], "frame_00023": [], "frame_00024": [], "frame_00025": [], "frame_00026": [], "frame_00027": [], "frame_00028": [], "frame_00029": [], "frame_00030": [], "frame_00031": [], "frame_00032": [], "frame_00033": [], "frame_00034": [], "frame_00035": [], "frame_00036": [], "frame_00037": [], "frame_00038": [], "frame_00039": [], "frame_00040": [], "frame_00041": [], "frame_00042": [], "frame_00043": [], "frame_00044": [], "frame_00045": [], "frame_00046": [], "frame_00047": [], "frame_00048": [], "frame_00049": [], "frame_00050": [], "frame_00051": [], "frame_00052": [], "frame_00053": [[1060.599365234375, 1018.456787109375, 1127.14404296875, 1058.3170166015625, 0.3520675599575043]], "frame_00054": [[807.505615234375, 997.1524658203125, 943.3786010742188, 1050.5621337890625, 0.7325350046157837], [807.7552490234375, 998.1915893554688, 939.2792358398438, 1050.365966796875, 0.6203181147575378]], "frame_00055": [[784.0665893554688, 992.3878784179688, 948.8223876953125, 1062.0015869140625, 0.43794605135917664]], "frame_00056": [[740.4794311523438, 941.57568359375, 937.2786865234375, 1032.31787109375, 0.7844513058662415]], "frame_00057": [[682.6539306640625, 871.2182006835938, 920.7545166015625, 1002.308837890625, 0.7303812503814697]], "frame_00058": [], "frame_00059": [[238.310302734375, 449.43829345703125, 621.3539428710938, 743.6546630859375, 0.3137771487236023]], "frame_00060": [], "frame_00061": [], "frame_00062": [], "frame_00063": [], "frame_00064": [[823.3921508789062, 627.963134765625, 851.8818969726562, 651.27587890625, 0.4448939859867096]], "frame_00065": [], "frame_00066": [], "frame_00067": [], "frame_00068": [], "frame_00069": [], "frame_00070": [], "frame_00071": [], "frame_00072": [], "frame_00073": [], "frame_00074": [], "frame_00075": [], "frame_00076": [], "frame_00077": [], "frame_00078": [], "frame_00079": [], "frame_00080": [], "frame_00081": [], "frame_00082": [], "frame_00083": [], "frame_00084": [], "frame_00085": [], "frame_00086": [], "frame_00087": [], "frame_00088": [], "frame_00089": [], "frame_00090": [], "frame_00091": [], "frame_00092": [], "frame_00093": [], "frame_00094": [[233.08462524414062, 359.3417053222656, 285.51458740234375, 392.2248229980469, 0.6064245104789734]], "frame_00095": [], "frame_00096": [], "frame_00097": [], "frame_00098": [], "frame_00099": [], "frame_00100": [], "frame_00101": [], "frame_00102": [], "frame_00103": [], "frame_00104": [], "frame_00105": [], "frame_00106": [], "frame_00107": [], "frame_00108": [], "frame_00109": [], "frame_00110": [], "frame_00111": [], "frame_00112": [], "frame_00113": [], "frame_00114": [], "frame_00115": [], "frame_00116": [], "frame_00117": [], "frame_00118": [], "frame_00119": [], "frame_00120": [], "frame_00121": [], "frame_00122": [], "frame_00123": [], "frame_00124": [], "frame_00125": [], "frame_00126": [[882.6304321289062, 310.94744873046875, 915.77099609375, 332.95550537109375, 0.5562303066253662]], "frame_00127": [], "frame_00128": [], "frame_00129": [], "frame_00130": [], "frame_00131": [], "frame_00132": [], "frame_00133": [], "frame_00134": [], "frame_00135": [], "frame_00136": [], "frame_00137": [], "frame_00138": [], "frame_00139": [], "frame_00140": [], "frame_00141": [], "frame_00142": [], "frame_00143": [[1417.432373046875, 702.3871459960938, 1528.000244140625, 780.177001953125, 0.622519850730896]], "frame_00144": [], "frame_00145": [[821.8844604492188, 36.621036529541016, 1019.1329956054688, 183.03277587890625, 0.6799246668815613]], "frame_00146": [[915.37255859375, 1.7242183685302734, 1097.95068359375, 129.81143188476562, 0.6686644554138184]], "frame_00147": [[1037.7431640625, 106.18389129638672, 1178.848876953125, 225.60914611816406, 0.5765872597694397]], "frame_00148": [[1146.344482421875, 271.44366455078125, 1250.4534912109375, 366.18682861328125, 0.713323175907135]], "frame_00149": [[1185.1077880859375, 432.6075439453125, 1266.329345703125, 506.86358642578125, 0.6878249645233154]], "frame_00150": [[1159.897216796875, 575.7158813476562, 1238.107421875, 641.582763671875, 0.7777576446533203]], "frame_00151": [[1129.2666015625, 692.4658203125, 1207.8232421875, 752.0211791992188, 0.8151926398277283]], "frame_00152": [[1156.426025390625, 779.8866577148438, 1235.054931640625, 836.7318115234375, 0.817291259765625]], "frame_00153": [[1209.069091796875, 852.1583251953125, 1282.8116455078125, 901.19091796875, 0.76702880859375]], "frame_00154": [[1255.25732421875, 915.3115234375, 1324.4228515625, 959.5924072265625, 0.7345820069313049]], "frame_00155": [[1291.1505126953125, 970.36376953125, 1355.8291015625, 1007.9284057617188, 0.7005729079246521]], "frame_00156": [[1321.674560546875, 1020.623779296875, 1379.3548583984375, 1053.905517578125, 0.7220451831817627]], "frame_00157": [], "frame_00158": [], "frame_00159": [], "frame_00160": [], "frame_00161": [], "frame_00162": [], "frame_00163": [], "frame_00164": [], "frame_00165": [], "frame_00166": [], "frame_00167": [[1032.96435546875, 608.11279296875, 1329.7364501953125, 721.597900390625, 0.365597665309906]], "frame_00168": [], "frame_00169": [], "frame_00170": [], "frame_00171": [], "frame_00172": [], "frame_00173": [], "frame_00174": [], "frame_00175": [], "frame_00176": [], "frame_00177": [], "frame_00178": [[961.204345703125, 344.6554260253906, 1435.87744140625, 516.3931884765625, 0.29084402322769165]], "frame_00179": [[966.9992065429688, 343.968994140625, 1439.98095703125, 521.0031127929688, 0.3079521656036377]], "frame_00180": [[635.978759765625, 360.0899658203125, 1105.505126953125, 561.2005004882812, 0.3796485364437103]], "frame_00181": [[450.50390625, 306.095458984375, 924.8139038085938, 502.7229309082031, 0.3475075960159302]], "frame_00182": [], "frame_00183": [], "frame_00184": [[1036.52197265625, 688.45556640625, 1091.21728515625, 720.8201904296875, 0.5444381833076477]], "frame_00185": [[1024.633544921875, 675.1663818359375, 1089.647705078125, 713.3754272460938, 0.7051835060119629]], "frame_00186": [[1005.0181884765625, 658.500732421875, 1095.75048828125, 703.9630126953125, 0.7908381223678589]], "frame_00187": [[971.6590576171875, 622.2623901367188, 1099.6512451171875, 675.4642944335938, 0.704958438873291]], "frame_00188": [[946.1347045898438, 568.5098266601562, 1108.9326171875, 630.1725463867188, 0.7168610692024231]], "frame_00189": [[921.8697509765625, 491.99285888671875, 1106.934814453125, 563.8261108398438, 0.7538208365440369]], "frame_00190": [],