{"__manifest__":{"rgb_sha256_short":"80b41e568b15","weights_path":"C:\\Users\\User\\Desktop\\UNISA projects\\Drone detection\\es proj 3 thesis workspace\\ES_Drone_Detection\\RGB model\\Yolo26n_trained\\weights\\best.pt","imgsz":1280},"dets":{"frame_00001":[],"frame_00230":[],"frame_00231":[],"frame_00232":[],"frame_00233":[],"frame_00234":[],"frame_00235":[],"frame_00236":[],"frame_00237":[],"frame_00238":[],"frame_00239":[],"frame_00240":[[541.9078979492188,708.3352661132812,682.3410034179688,773.8438720703125,0.3718899190425873]],"frame_00241":[],"frame_00242":[],"frame_00243":[],"frame_00244":[],"frame_00245":[],"frame_00246":[],"frame_00247":[],"frame_00248":[],"frame_00249":[],"frame_00250":[],"frame_00251":[],"frame_00252":[],"frame_00253":[],"frame_00254":[],"frame_00255":[],"frame_00256":[],"frame_00257":[],"frame_00258":[],"frame_00259":[],"frame_00260":[],"frame_00261":[],"frame_00262":[],"frame_00263":[],"frame_00264":[],"frame_00265":[],"frame_00266":[],"frame_00267":[],"frame_00268":[],"frame_00269":[],"frame_00270":[],"frame_00271":[],"frame_00272":[],"frame_00273":[],"frame_00274":[],"frame_00275":[],"frame_00276":[],"frame_00277":[],"frame_00278":[],"frame_00279":[],"frame_00280":[],"frame_00281":[],"frame_00282":[],"frame_00283":[],"frame_00284":[],"frame_00285":[],"frame_00286":[[263.85211181640625,626.03466796875,647.4471435546875,730.708740234375,0.25866854190826416]],"frame_00287":[[274.7606506347656,627.5464477539062,623.74072265625,731.0166015625,0.37792712450027466]],"frame_00288":[[255.83656311035156,629.2689208984375,633.2730712890625,733.0703125,0.5604732632637024]],"frame_00289":[[253.905029296875,631.418701171875,626.2277221679688,733.8753051757812,0.3120550513267517]],"frame_00290":[[264.92657470703125,634.2049560546875,615.9663696289062,737.0653076171875,0.7240665555000305]],"frame_00291":[[257.11590576171875,636.36865234375,601.8369750976562,739.1303100585938,0.3748725950717926]],"frame_00292":[[258.5710144042969,636.8733520507812,602.3425903320312,739.013427734375,0.7163718938827515]],"frame_00293":[[258.112060546875,633.6651000976562,594.729736328125,737.54345703125,0.4763660430908203]],"frame_00294":[[253.4942626953125,627.563720703125,605.5671997070312,730.5518798828125,0.6889427304267883]],"frame_00295":[[253.82907104492188,612.87939453125,616.8314208984375,719.5370483398438,0.6856890916824341]],"frame_00296":[[258.12774658203125,588.5086059570312,603.820556640625,707.28662109375,0.5260912179946899]],"frame_00297":[],"frame_00298":[],"frame_00299":[],"frame_00300":[],"frame_00301":[],"frame_00302":[],"frame_00303":[],"frame_00304":[],"frame_00305":[],"frame_00306":[[366.8442687988281,0.0,724.7814331054688,76.2242431640625,0.6253070831298828]],"frame_00307":[],"frame_00308":[[664.6602783203125,0.0,757.90869140625,15.765111923217773,0.35516539216041565]],"frame_00309":[[711.40478515625,0.0,755.9749755859375,15.407197952270508,0.5307470560073853]],"frame_00310":[],"frame_00311":[],"frame_00312":[],"frame_00313":[[405.78900146484375,0.0,741.4315185546875,109.90452575683594,0.5578007102012634]],"frame_00314":[[405.0526123046875,0.0,732.3216552734375,110.01805114746094,0.2684251666069031]],"frame_00315":[[415.8355407714844,0.0,698.7847900390625,153.5779571533203,0.4929865598678589]],"frame_00316":[],"frame_00317":[],"frame_00318":[],"frame_00319":[],"frame_00320":[],"frame_00321":[],"frame_00322":[],"frame_00323":[[405.1094055175781,195.16136169433594,634.4046020507812,392.4696350097656,0.8844549059867859]],"frame_00324":[[418.3715515136719,236.33401489257812,639.0474853515625,408.2947998046875,0.906855583190918]],"frame_00325":[[417.10015869140625,265.156494140625,604.9488525390625,426.0909118652344,0.9078187942504883]],"frame_00326":[[416.27984619140625,289.5587158203125,598.1798706054688,441.1225891113281,0.9043712019920349]],"frame_00327":[[403.88983154296875,319.25372314453125,596.7847900390625,456.1815185546875,0.8767303824424744]],"frame_00328":[[424.111572265625,336.8775634765625,601.387451171875,469.30340576171875,0.8955338597297668]],"frame_00329":[[426.152099609375,357.8487548828125,577.884765625,482.2607116699219,0.9035431742668152]],"frame_00330":[[414.8817138671875,378.8558044433594,568.0736083984375,491.1554260253906,0.8857866525650024]],"frame_00331":[[423.03509521484375,398.18328857421875,549.468505859375,500.50811767578125,0.8936803340911865]],"frame_00332":[[417.0323486328125,420.5316467285156,550.5567626953125,508.22998046875,0.8831405639648438]],"frame_00333":[[417.9196472167969,434.9989013671875,550.956787109375,515.221923828125,0.8848475813865662]],"frame_00334":[[429.5404357910156,445.02691650390625,536.4539794921875,521.1847534179688,0.8957533240318298]],"frame_00335":[[423.69708251953125,457.26251220703125,529.7119140625,527.40625,0.8679195046424866]],"frame_00336":[[422.70684814453125,472.97821044921875,535.9269409179688,532.4390869140625,0.827987015247345]],"frame_00337":[[420.7864990234375,483.8584899902344,521.4306030273438,537.0945434570312,0.8553598523139954]],"frame_00338":[[416.9869079589844,488.549560546875,517.6941528320312,542.133056640625,0.8628259897232056]],"frame_00339":[[419.88604736328125,502.39727783203125,517.5653076171875,542.8458251953125,0.82762610912323]],"frame_00340":[[419.21710205078125,505.18963623046875,511.9325866699219,545.5167846679688,0.8495400547981262]],"frame_00341":[[428.10821533203125,510.0149230957031,513.8435668945312,550.1890869140625,0.8427790403366089]],"frame_00342":[[419.56787109375,515.1162109375,510.27166748046875,554.03369140625,0.761414647102356]],"frame_00343":[[422.7723388671875,518.2516479492188,505.49609375,553.9247436523438,0.8148805499076843]],"frame_00344":[[419.3700256347656,520.5824584960938,502.66680908203125,554.777099609375,0.8382912874221802]],"frame_00345":[[418.7720031738281,523.125244140625,496.28497314453125,555.1651611328125,0.8485524654388428]],"frame_00346":[[417.05657958984375,525.3245849609375,492.85968017578125,556.4501342773438,0.8557582497596741]],"frame_00347":[[415.1516418457031,525.9177856445312,487.205810546875,558.1090087890625,0.8478715419769287]],"frame_00348":[[421.34149169921875,524.359375,486.24407958984375,559.9874267578125,0.8480681777000427]],"frame_00349":[[413.83917236328125,526.8428955078125,485.045654296875,560.3215942382812,0.8531358242034912]],"frame_00350":[[415.44696044921875,528.209228515625,483.635986328125,561.5433349609375,0.8265248537063599]],"frame_00351":[[416.7216796875,529.9076538085938,484.7139892578125,561.4822998046875,0.8378782868385315]],"frame_00352":[[416.2052001953125,531.4746704101562,481.36407470703125,561.9691162109375,0.8471318483352661]],"frame_00353":[[412.46826171875,531.6156005859375,477.9281005859375,561.7469482421875,0.8599004745483398]],"frame_00354":[[410.8841857910156,531.11279296875,474.910400390625,562.1389770507812,0.8355716466903687]],"frame_00355":[[413.4195556640625,531.3761596679688,475.78704833984375,560.9103393554688,0.8485410213470459]],"frame_00356":[[414.1715087890625,529.8965454101562,472.06207275390625,560.2481689453125,0.8341237902641296]],"frame_00357":[[417.92242431640625,527.4564208984375,468.14044189453125,558.9524536132812,0.8145228028297424]],"frame_00358":[[410.8665771484375,526.2803955078125,468.897216796875,555.3375244140625,0.8317193984985352]],"frame_00359":[[410.3486022949219,522.27490234375,464.959716796875,552.1030883789062,0.8029682040214539]],"frame_00360":[[414.25347900390625,517.4752197265625,464.015625,549.564453125,0.7946367263793945]],"frame_00361":[[411.978271484375,512.3094482421875,462.8623046875,545.4119873046875,0.8327872157096863]],"frame_00362":[[413.0190124511719,507.1687316894531,462.1279296875,540.5936889648438,0.8064978718757629]],"frame_00363":[[412.9223327636719,504.2283935546875,461.20074462890625,536.087890625,0.825287401676178]],"frame_00364":[[411.291748046875,501.202392578125,460.52471923828125,531.7139282226562,0.8360924124717712]],