{"__manifest__":{"rgb_sha256_short":"6fd55349ad9d","weights_path":"C:\\Users\\User\\Desktop\\UNISA projects\\Drone detection\\es proj 3 thesis workspace\\ES_Drone_Detection\\RGB model\\Yolo26n_selcom_mixed_ft2_1280\\weights\\best.pt","imgsz":1280},"dets":{"frame_00001":[[466.0697937011719,1165.8466796875,501.7065124511719,1195.640869140625,0.7774795889854431],[484.00616455078125,219.3317413330078,590.8162841796875,325.5865478515625,0.25285086035728455]],"frame_00002":[[269.71234130859375,1205.441162109375,299.8603210449219,1233.0472412109375,0.47552773356437683],[214.00393676757812,982.54052734375,255.72491455078125,1014.4911499023438,0.4022555351257324],[311.702880859375,1000.9363403320312,342.25347900390625,1029.8662109375,0.3905504047870636]],"frame_00003":[[279.35064697265625,853.6409912109375,318.72015380859375,886.2147216796875,0.8316952586174011],[233.06582641601562,1076.154052734375,282.9143981933594,1111.3001708984375,0.6418083906173706],[444.247802734375,900.5985107421875,477.70562744140625,924.2781982421875,0.4810056686401367]],"frame_00004":[[85.12991333007812,1217.3515625,143.5824737548828,1249.4598388671875,0.38877633213996887]],"frame_00005":[],"frame_00006":[[314.1624755859375,272.93048095703125,391.9229736328125,331.9880065917969,0.3290068507194519]],"frame_00007":[[417.819091796875,971.2131958007812,530.7700805664062,1046.2255859375,0.7672971487045288],[156.21878051757812,327.1281433105469,234.7918701171875,400.4559326171875,0.7175441384315491]],"frame_00008":[[326.5780334472656,581.0538940429688,390.8395690917969,649.1986083984375,0.6819800138473511],[139.27601623535156,512.523193359375,201.5047607421875,566.3932495117188,0.3224368095397949]],"frame_00009":[[353.6243896484375,1012.7274169921875,411.43414306640625,1082.899658203125,0.6854446530342102],[518.0719604492188,1030.665283203125,568.7420654296875,1093.458740234375,0.31945809721946716]],"frame_00010":[[298.5246887207031,553.9783325195312,420.35687255859375,635.1174926757812,0.31742918491363525]],"frame_00011":[],"frame_00012":[[116.75838470458984,1171.5064697265625,147.0240478515625,1196.3831787109375,0.8601545095443726],[55.421512603759766,1148.2293701171875,87.06124877929688,1173.080078125,0.8388062119483948],[383.0488586425781,1192.739990234375,422.02392578125,1233.8822021484375,0.8054919242858887],[37.946693420410156,926.3378295898438,68.33992767333984,941.6583251953125,0.7798205018043518],[99.14111328125,1244.5595703125,124.810546875,1263.4273681640625,0.6113951206207275],[542.32275390625,1135.9957275390625,582.23876953125,1183.1275634765625,0.34575292468070984]],"frame_00013":[[566.7904052734375,1214.572998046875,604.215576171875,1251.2655029296875,0.8546877503395081],[19.09787940979004,847.5610961914062,51.048160552978516,865.481689453125,0.823655366897583],[135.95474243164062,1195.6488037109375,162.3634796142578,1214.805419921875,0.7926337718963623],[180.7503662109375,1143.43212890625,215.59547424316406,1169.6160888671875,0.791617214679718],[264.5178527832031,1135.5640869140625,295.41851806640625,1152.6317138671875,0.7605088949203491],[200.24722290039062,1264.9884033203125,223.24026489257812,1279.6187744140625,0.40132778882980347]],"frame_00014":[[403.4671325683594,1073.0926513671875,434.9454345703125,1105.6436767578125,0.8577440977096558],[405.37835693359375,1235.112060546875,439.0006103515625,1267.4326171875,0.8365318775177002],[293.0856628417969,1105.56298828125,322.38238525390625,1145.4378662109375,0.8352599143981934],[82.55148315429688,977.380615234375,123.55990600585938,1018.59716796875,0.8266124725341797],[228.01531982421875,1152.683837890625,256.8370666503906,1186.4642333984375,0.815556526184082],[329.4942932128906,1197.5184326171875,359.0138244628906,1218.7288818359375,0.6596063375473022],[0.0,750.1998901367188,24.147972106933594,768.8588256835938,0.6446404457092285],[54.9366340637207,1202.93115234375,88.6001968383789,1237.2467041015625,0.5332198143005371],[163.81285095214844,1178.625,199.93423461914062,1219.62060546875,0.4379033148288727]],"frame_00015":[[411.8236999511719,1093.427734375,444.8421325683594,1120.9119873046875,0.8577378988265991],[242.00918579101562,1070.39306640625,280.572509765625,1109.2919921875,0.7958217859268188],[232.974365234375,924.9971313476562,270.4223327636719,967.8125,0.5927597284317017],[564.234130859375,983.8888549804688,605.0634155273438,1033.969970703125,0.3697613477706909],[289.898681640625,1247.943359375,328.15789794921875,1269.2049560546875,0.3303429186344147],[177.55332946777344,1000.060546875,225.44253540039062,1036.5675048828125,0.32479745149612427],[107.48750305175781,1118.122314453125,143.55923461914062,1153.00439453125,0.30452632904052734]],"frame_00016":[[382.4305725097656,1031.603515625,474.4498596191406,1088.611572265625,0.8669630885124207],[554.5542602539062,1057.712646484375,599.8703002929688,1095.7391357421875,0.7841814160346985],[281.43505859375,857.63037109375,326.3638916015625,910.0598754882812,0.6908798813819885],[65.216796875,1061.1126708984375,107.59248352050781,1098.279296875,0.42149868607521057]],"frame_00017":[[433.3425598144531,39.957645416259766,468.7181091308594,69.49090576171875,0.8468091487884521],[256.7161865234375,1004.6494140625,303.2892761230469,1042.3836669921875,0.31721946597099304]],"frame_00018":[[488.8971252441406,1153.24365234375,524.1382446289062,1189.651611328125,0.824333667755127],[283.59796142578125,772.0436401367188,339.57952880859375,822.8917236328125,0.5957861542701721],[336.0044860839844,542.6929931640625,379.86163330078125,591.578125,0.470731258392334],[308.0926208496094,277.73992919921875,355.3345947265625,325.760986328125,0.43315866589546204],[337.6485595703125,870.1353759765625,391.4980773925781,906.831298828125,0.30031564831733704],[292.40545654296875,945.78125,453.7193603515625,1014.0095825195312,0.27834978699684143]],"frame_00019":[[334.2260437011719,644.8408813476562,398.6534118652344,686.8233032226562,0.6483815908432007],[313.3885803222656,535.887939453125,374.6676940917969,585.5733642578125,0.6331638693809509],[424.059326171875,432.2169189453125,468.79937744140625,490.00323486328125,0.48385435342788696]],"frame_00020":[[340.6524658203125,617.8236694335938,381.21844482421875,655.4193115234375,0.3745494782924652]]}}