{"__manifest__":{"rgb_sha256_short":"5e11ed739f7b","weights_path":"C:\\Users\\User\\Desktop\\UNISA projects\\Drone detection\\es proj 3 thesis workspace\\ES_Drone_Detection\\RGB model\\Yolo26n_retrained_v2\\weights\\best.pt","imgsz":1280},"dets":{"frame_00001":[],"frame_00002":[],"frame_00003":[],"frame_00004":[],"frame_00005":[],"frame_00006":[],"frame_00007":[],"frame_00008":[],"frame_00009":[],"frame_00010":[],"frame_00011":[],"frame_00012":[],"frame_00013":[],"frame_00014":[[449.5725402832031,942.4622802734375,492.97174072265625,961.4833374023438,0.39699628949165344]],"frame_00015":[[1437.1199951171875,904.133056640625,1481.18115234375,923.0912475585938,0.26425305008888245]],"frame_00016":[],"frame_00017":[],"frame_00018":[],"frame_00019":[],"frame_00020":[],"frame_00021":[],"frame_00022":[],"frame_00023":[],"frame_00024":[],"frame_00025":[],"frame_00026":[],"frame_00027":[],"frame_00028":[],"frame_00029":[],"frame_00030":[],"frame_00031":[],"frame_00032":[],"frame_00033":[],"frame_00034":[],"frame_00035":[],"frame_00036":[],"frame_00037":[],"frame_00038":[],"frame_00039":[],"frame_00040":[],"frame_00041":[],"frame_00042":[],"frame_00043":[],"frame_00044":[],"frame_00045":[],"frame_00046":[],"frame_00047":[[1379.49951171875,709.003173828125,1405.892822265625,724.8675537109375,0.3031409680843353]],"frame_00048":[],"frame_00049":[],"frame_00050":[],"frame_00051":[],"frame_00052":[],"frame_00053":[],"frame_00054":[],"frame_00055":[],"frame_00056":[],"frame_00057":[],"frame_00058":[],"frame_00059":[],"frame_00060":[[371.6637268066406,57.01483154296875,851.3124389648438,503.5928649902344,0.8588652610778809]],"frame_00061":[[882.2178955078125,109.17617797851562,1258.508544921875,479.61358642578125,0.5225513577461243]],"frame_00062":[],"frame_00063":[[843.8574829101562,635.3092041015625,861.968505859375,652.454345703125,0.693576455116272]],"frame_00064":[[828.1978759765625,631.3006591796875,845.9517822265625,647.90869140625,0.64494389295578]],"frame_00065":[],"frame_00066":[],"frame_00067":[],"frame_00068":[],"frame_00069":[],"frame_00070":[],"frame_00071":[],"frame_00072":[],"frame_00073":[],"frame_00074":[],"frame_00075":[],"frame_00076":[],"frame_00077":[],"frame_00078":[],"frame_00079":[[585.7646484375,679.8239135742188,639.528564453125,726.4268798828125,0.34748974442481995]],"frame_00080":[],"frame_00081":[],"frame_00082":[],"frame_00083":[],"frame_00084":[],"frame_00085":[],"frame_00086":[],"frame_00087":[],"frame_00088":[[372.3643798828125,429.03076171875,1219.14208984375,911.7550048828125,0.3838514983654022]],"frame_00089":[],"frame_00090":[[326.3966369628906,452.24493408203125,908.9205322265625,691.4598999023438,0.7389371991157532]],"frame_00091":[[293.84527587890625,357.41021728515625,902.3465576171875,610.3283081054688,0.8477050065994263]],"frame_00092":[[203.68231201171875,180.47769165039062,1033.8775634765625,456.4814453125,0.7031911611557007]],"frame_00093":[[177.28802490234375,8.439674377441406,968.1778564453125,186.163330078125,0.7787866592407227]],"frame_00094":[[232.75885009765625,361.15362548828125,281.88983154296875,389.34832763671875,0.75336754322052],[415.8282470703125,526.0414428710938,790.3857421875,657.6332397460938,0.4437321126461029]],"frame_00095":[],"frame_00096":[],"frame_00097":[],"frame_00098":[],"frame_00099":[],"frame_00100":[[1657.2154541015625,629.3578491210938,1741.95556640625,656.3311767578125,0.386947900056839]],"frame_00101":[],"frame_00102":[],"frame_00103":[],"frame_00104":[],"frame_00105":[],"frame_00106":[],"frame_00107":[],"frame_00108":[],"frame_00109":[],"frame_00110":[[499.5997314453125,359.74530029296875,1002.3453369140625,562.8491821289062,0.8345515131950378]],"frame_00111":[[566.65576171875,625.791259765625,821.7522583007812,730.839599609375,0.46081751585006714]],"frame_00112":[[395.9460754394531,500.9718017578125,977.3682861328125,751.8861083984375,0.5303778648376465]],"frame_00113":[],"frame_00114":[[329.5532531738281,498.8426513671875,885.9554443359375,740.657958984375,0.5698993802070618]],"frame_00115":[[198.20828247070312,465.67730712890625,782.0670166015625,698.03564453125,0.8032368421554565]],"frame_00116":[],"frame_00117":[],"frame_00118":[],"frame_00119":[],"frame_00120":[],"frame_00121":[],"frame_00122":[],"frame_00123":[],"frame_00124":[],"frame_00125":[],"frame_00126":[],"frame_00127":[],"frame_00128":[],"frame_00129":[],"frame_00130":[],"frame_00131":[],"frame_00132":[],"frame_00133":[],"frame_00134":[],"frame_00135":[],"frame_00136":[],"frame_00137":[],"frame_00138":[],"frame_00139":[],"frame_00140":[],"frame_00141":[],"frame_00142":[],"frame_00143":[],"frame_00144":[[1248.244384765625,547.5821533203125,1258.713623046875,556.3778076171875,0.423796147108078]],"frame_00145":[[822.6639404296875,34.616512298583984,1011.4156494140625,185.96388244628906,0.8519141674041748]],"frame_00146":[[915.8355712890625,0.6825942993164062,1096.76318359375,129.88088989257812,0.8948256969451904]],"frame_00147":[[1042.864990234375,106.32914733886719,1179.3125,225.68618774414062,0.8004741668701172]],"frame_00148":[[1147.5703125,271.3873291015625,1248.1478271484375,365.1767578125,0.7821848392486572]],"frame_00149":[[1187.666748046875,433.7018737792969,1265.8134765625,505.9036865234375,0.8496028184890747]],"frame_00150":[[1163.3072509765625,578.2610473632812,1238.9404296875,638.9044189453125,0.5923299789428711]],"frame_00151":[[1132.491455078125,694.3218383789062,1204.6529541015625,747.60888671875,0.6998389363288879]],"frame_00152":[[1160.004150390625,781.994140625,1230.38525390625,832.634033203125,0.4657107889652252]],"frame_00153":[[1212.00341796875,851.3842163085938,1279.087890625,900.781982421875,0.4617307484149933],[472.796875,435.04840087890625,500.00213623046875,462.251708984375,0.43285566568374634],[1211.91943359375,851.468994140625,1278.31689453125,900.7960205078125,0.3491481840610504]],"frame_00154":[[1258.7791748046875,914.171142578125,1323.10595703125,960.7939453125,0.7645021080970764],[486.0839538574219,435.4744873046875,512.165283203125,462.513671875,0.32441961765289307]],"frame_00155":[[1296.184326171875,969.3517456054688,1354.89111328125,1009.7894287109375,0.7024098038673401],[499.4600830078125,434.80853271484375,526.26318359375,461.38763427734375,0.2784081995487213]],"frame_00156":[[1327.071044921875,1018.8104248046875,1378.759033203125,1056.851318359375,0.6643865704536438],[505.6363525390625,436.7024230957031,532.4810791015625,462.03216552734375,0.43699881434440613]],"frame_00157":[[509.2184143066406,437.283447265625,535.2858276367188,460.86749267578125,0.44406968355178833]],"frame_00158":[],"frame_00159":[],"frame_00160":[],"frame_00161":[],"frame_00162":[],"frame_00163":[],"frame_00164":[],"frame_00165":[],"frame_00166":[],"frame_00167":[],"frame_00168":[],"frame_00169":[],"frame_00170":[],"frame_00171":[],"frame_00172":[],"frame_00173":[],"frame_00174":[],"frame_00175":[],"frame_00176":[],"frame_00177":[],"frame_00178":[],"frame_00179":[],"frame_00180":[],"frame_00181":[],"frame_00182":[],"frame_00183":[],"frame_00184":[[1034.7587890625,691.757080078125,1113.735107421875,722.4486083984375,0.7645899057388306]],"frame_00185":[[1022.00048828125,678.6219482421875,1088.3919677734375,712.980712890625,0.8220330476760864]],"frame_00186":[[992.1024169921875,661.7003173828125,1098.9306640625,703.5567626953125,0.8319225907325745]],"frame_00187":[[971.7745361328125,625.308349609375,1102.500244140625,674.17529296875,0.7586264610290527],[966.7041015625,625.3270263671875,1110.399169921875,674.6105346679688,0.5433125495910645]],"frame_00188":[[947.7471313476562,572.0237426757812,1106.6861572265625,630.0700073242188,0.8669668436050415]],"frame_00189":[],"frame_00190":[],"frame_00191":[],"frame_00192":[],"frame_00193":[],"frame_00194":[],"frame_00195":[],"frame_00196":[],"frame_00197":[],"frame_00198":[],"frame_00199":[],"frame_00200":[],