{"__manifest__":{"rgb_sha256_short":"ce084f1fea1e","weights_path":"C:\\Users\\User\\Desktop\\UNISA projects\\Drone detection\\es proj 3 thesis workspace\\ES_Drone_Detection\\runs\\corrective_finetune\\finetune_v3b\\weights\\best.pt","imgsz":640},"dets":{"frame_00001":[],"frame_00002":[],"frame_00003":[],"frame_00004":[],"frame_00005":[],"frame_00006":[],"frame_00007":[],"frame_00008":[],"frame_00009":[],"frame_00010":[],"frame_00011":[],"frame_00012":[],"frame_00013":[],"frame_00014":[],"frame_00015":[],"frame_00016":[],"frame_00017":[],"frame_00018":[],"frame_00019":[],"frame_00020":[],"frame_00021":[],"frame_00022":[],"frame_00023":[],"frame_00024":[],"frame_00025":[],"frame_00026":[],"frame_00027":[],"frame_00028":[],"frame_00029":[],"frame_00030":[],"frame_00031":[],"frame_00032":[],"frame_00033":[],"frame_00034":[],"frame_00035":[],"frame_00036":[],"frame_00037":[],"frame_00038":[],"frame_00039":[],"frame_00040":[],"frame_00041":[],"frame_00042":[],"frame_00043":[],"frame_00044":[],"frame_00045":[],"frame_00046":[],"frame_00047":[],"frame_00048":[],"frame_00049":[],"frame_00050":[],"frame_00051":[],"frame_00052":[],"frame_00053":[[1525.2548828125,571.311767578125,1679.419189453125,750.724365234375,0.8620415329933167]],"frame_00054":[],"frame_00055":[],"frame_00056":[],"frame_00057":[],"frame_00058":[],"frame_00059":[],"frame_00060":[],"frame_00061":[],"frame_00062":[],"frame_00063":[],"frame_00064":[],"frame_00065":[],"frame_00066":[],"frame_00067":[],"frame_00068":[],"frame_00069":[],"frame_00070":[],"frame_00071":[],"frame_00072":[],"frame_00073":[],"frame_00074":[],"frame_00075":[],"frame_00076":[],"frame_00077":[],"frame_00078":[],"frame_00079":[],"frame_00080":[],"frame_00081":[],"frame_00082":[],"frame_00083":[],"frame_00084":[],"frame_00085":[],"frame_00086":[],"frame_00087":[],"frame_00088":[],"frame_00089":[],"frame_00090":[],"frame_00091":[],"frame_00092":[],"frame_00093":[],"frame_00094":[[1241.6964111328125,229.24508666992188,1453.173583984375,389.3068542480469,0.4436183273792267]],"frame_00095":[[270.04937744140625,554.7137451171875,428.32244873046875,635.6962280273438,0.4183826744556427]],"frame_00096":[],"frame_00097":[],"frame_00098":[],"frame_00099":[],"frame_00100":[[1590.716552734375,257.0383605957031,1775.210693359375,448.5582275390625,0.7373159527778625]],"frame_00101":[],"frame_00102":[],"frame_00103":[],"frame_00104":[],"frame_00105":[],"frame_00106":[],"frame_00107":[],"frame_00108":[],"frame_00109":[],"frame_00110":[],"frame_00111":[],"frame_00112":[],"frame_00113":[],"frame_00114":[],"frame_00115":[],"frame_00116":[],"frame_00117":[],"frame_00118":[],"frame_00119":[],"frame_00120":[],"frame_00121":[],"frame_00122":[],"frame_00123":[],"frame_00124":[],"frame_00125":[],"frame_00126":[],"frame_00127":[],"frame_00128":[],"frame_00129":[],"frame_00130":[],"frame_00131":[],"frame_00132":[],"frame_00133":[],"frame_00134":[],"frame_00135":[],"frame_00136":[],"frame_00137":[],"frame_00138":[],"frame_00139":[],"frame_00140":[],"frame_00141":[],"frame_00142":[],"frame_00143":[],"frame_00144":[],"frame_00145":[],"frame_00146":[],"frame_00147":[],"frame_00148":[],"frame_00149":[],"frame_00150":[],"frame_00151":[],"frame_00152":[],"frame_00153":[],"frame_00154":[],"frame_00155":[],"frame_00156":[],"frame_00157":[],"frame_00158":[],"frame_00159":[],"frame_00160":[],"frame_00161":[],"frame_00162":[],"frame_00163":[],"frame_00164":[],"frame_00165":[],"frame_00166":[],"frame_00167":[],"frame_00168":[],"frame_00169":[],"frame_00170":[],"frame_00171":[],"frame_00172":[],"frame_00173":[],"frame_00174":[],"frame_00175":[],"frame_00176":[],"frame_00177":[],"frame_00178":[],"frame_00179":[],"frame_00180":[],"frame_00181":[],"frame_00182":[],"frame_00183":[],"frame_00184":[],"frame_00185":[],"frame_00186":[],"frame_00187":[],"frame_00188":[],"frame_00189":[],"frame_00190":[],"frame_00191":[],"frame_00192":[],"frame_00193":[],"frame_00194":[],"frame_00195":[],"frame_00196":[],"frame_00197":[],"frame_00198":[],"frame_00199":[],"frame_00200":[],"frame_00201":[],"frame_00202":[],"frame_00203":[[800.151123046875,982.4415283203125,845.6478271484375,1003.0405883789062,0.6790351867675781]],"frame_00204":[],"frame_00205":[],"frame_00206":[],"frame_00207":[],"frame_00208":[],"frame_00209":[],"frame_00210":[],"frame_00211":[],"frame_00212":[[1263.592041015625,361.36029052734375,1366.84765625,413.3138122558594,0.6132558584213257]],"frame_00213":[],"frame_00214":[],"frame_00215":[],"frame_00216":[],"frame_00217":[],"frame_00218":[],"frame_00219":[],"frame_00220":[],"frame_00221":[],"frame_00222":[],"frame_00223":[],"frame_00224":[],"frame_00225":[],"frame_00226":[],"frame_00227":[],"frame_00228":[],"frame_00229":[],"frame_00230":[],"frame_00231":[],"frame_00232":[],"frame_00233":[],"frame_00234":[],"frame_00235":[],"frame_00236":[],"frame_00237":[],"frame_00238":[],"frame_00239":[],"frame_00240":[],"frame_00241":[],"frame_00242":[],"frame_00243":[],"frame_00244":[],"frame_00245":[],"frame_00246":[],"frame_00247":[],"frame_00248":[],"frame_00249":[],"frame_00250":[],"frame_00251":[],"frame_00252":[],"frame_00253":[],"frame_00254":[],"frame_00255":[],"frame_00256":[],"frame_00257":[],"frame_00258":[],"frame_00259":[],"frame_00260":[],"frame_00261":[],"frame_00262":[],"frame_00263":[],"frame_00264":[],"frame_00265":[],"frame_00266":[],"frame_00267":[],"frame_00268":[],"frame_00269":[],"frame_00270":[],"frame_00271":[]}}