{"__manifest__":{"rgb_sha256_short":"6fd55349ad9d","weights_path":"C:\\Users\\User\\Desktop\\UNISA projects\\Drone detection\\es proj 3 thesis workspace\\ES_Drone_Detection\\RGB model\\Yolo26n_selcom_mixed_ft2_1280\\weights\\best.pt","imgsz":960},"dets":{"frame_00001":[[281.4703674316406,1128.430908203125,352.93804931640625,1188.4326171875,0.25414225459098816]],"frame_00002":[[494.0921936035156,1027.800048828125,553.9166870117188,1071.352783203125,0.5832703113555908]],"frame_00003":[[510.73638916015625,949.292724609375,559.8998413085938,993.356689453125,0.3306198716163635]],"frame_00004":[],"frame_00005":[[535.4527587890625,891.380126953125,575.7041625976562,932.1823120117188,0.6914383172988892]],"frame_00006":[],"frame_00007":[[675.9917602539062,785.0817260742188,726.08837890625,833.1089477539062,0.2887996733188629]],"frame_00008":[],"frame_00009":[[608.3590087890625,783.2147827148438,648.3317260742188,821.5439453125,0.6172205209732056]],"frame_00010":[],"frame_00011":[],"frame_00012":[],"frame_00013":[[628.920166015625,1371.16650390625,687.8787231445312,1427.3936767578125,0.7370956540107727]],"frame_00014":[[386.5474853515625,1269.630615234375,447.8291931152344,1322.3204345703125,0.7742375135421753]],"frame_00015":[[684.0776977539062,1377.4619140625,739.8191528320312,1433.595703125,0.7413323521614075],[755.4612426757812,1725.370361328125,798.0022583007812,1763.775390625,0.42121174931526184]],"frame_00016":[[589.8973388671875,1700.91015625,627.7869873046875,1722.4139404296875,0.42872440814971924]],"frame_00017":[],"frame_00018":[],"frame_00019":[],"frame_00020":[]}}