{"__manifest__":{"rgb_sha256_short":"6fd55349ad9d","weights_path":"C:\\Users\\User\\Desktop\\UNISA projects\\Drone detection\\es proj 3 thesis workspace\\ES_Drone_Detection\\RGB model\\Yolo26n_selcom_mixed_ft2_1280\\weights\\best.pt","imgsz":960},"dets":{"frame_00001":[[237.54464721679688,262.6324157714844,383.3209533691406,332.92352294921875,0.8653395175933838]],"frame_00002":[[222.39364624023438,275.4267883300781,370.87689208984375,344.4757995605469,0.8507350087165833]],"frame_00003":[[213.48692321777344,281.5227355957031,367.9964294433594,352.90045166015625,0.8681322932243347]],"frame_00004":[[208.13616943359375,287.2978515625,361.9647216796875,358.70361328125,0.8568522334098816]],"frame_00005":[[207.11062622070312,292.7622375488281,355.8749084472656,362.281982421875,0.8432056903839111]],"frame_00006":[[212.7201385498047,293.6336669921875,358.1951599121094,365.7576599121094,0.8371490836143494]],"frame_00007":[[216.1070098876953,296.1631774902344,354.3890075683594,366.26348876953125,0.8373476266860962]],"frame_00008":[[210.7971954345703,299.96478271484375,360.35528564453125,366.3413391113281,0.8468446135520935]],"frame_00009":[[221.24571228027344,294.99822998046875,369.5893249511719,365.51007080078125,0.8486262559890747]],"frame_00010":[[226.13360595703125,292.3777770996094,365.3644104003906,365.32452392578125,0.8586476445198059]],"frame_00011":[[233.49790954589844,291.7851257324219,370.13348388671875,366.0401611328125,0.6873099207878113],[231.94903564453125,291.570068359375,370.06585693359375,366.54449462890625,0.5760551691055298]],"frame_00012":[[220.51104736328125,295.4626770019531,377.0037841796875,367.42950439453125,0.8660324215888977]],"frame_00013":[[226.1079559326172,293.7310485839844,369.1068115234375,367.8561096191406,0.8713603019714355]],"frame_00014":[[227.41917419433594,297.1168212890625,363.81402587890625,368.53607177734375,0.8651689291000366]],"frame_00015":[[228.48818969726562,289.48651123046875,364.9336853027344,366.74273681640625,0.8712484240531921]],"frame_00016":[[228.17315673828125,282.6499328613281,379.6949157714844,364.9646911621094,0.8254490494728088]],"frame_00017":[[226.15383911132812,279.2705078125,382.70965576171875,358.480224609375,0.8484635353088379]],"frame_00018":[[229.1925506591797,271.25701904296875,377.9021301269531,350.2438659667969,0.8347939252853394]],"frame_00019":[[232.51513671875,262.6446533203125,382.0592346191406,342.40374755859375,0.8452675342559814]],"frame_00020":[[245.280517578125,248.3719940185547,375.056396484375,330.1792297363281,0.8378678560256958]],"frame_00021":[[234.7266082763672,237.84039306640625,388.62542724609375,315.1996154785156,0.8747193217277527]],"frame_00022":[[238.49923706054688,212.28768920898438,389.24615478515625,296.13580322265625,0.8694841861724854]],"frame_00023":[[246.909912109375,190.7882843017578,391.0439453125,272.5345458984375,0.8480616807937622]],"frame_00024":[[247.0469207763672,162.0612030029297,393.6676330566406,248.08628845214844,0.8272984623908997]],"frame_00025":[[247.4010009765625,130.2075958251953,393.0255432128906,220.29708862304688,0.85491544008255]],"frame_00026":[[252.30311584472656,95.86801147460938,393.9762268066406,187.2147216796875,0.8623883128166199]],"frame_00027":[[254.7325439453125,72.37351989746094,397.29254150390625,164.1987762451172,0.8558894991874695]],"frame_00028":[[254.39688110351562,72.10591125488281,397.354248046875,164.16165161132812,0.8559586405754089]],"frame_00029":[[254.39271545410156,72.11042022705078,397.3681640625,164.16461181640625,0.8559922575950623]],"frame_00030":[[254.31658935546875,72.12104034423828,397.5269775390625,164.11351013183594,0.85647052526474]],"frame_00031":[[254.30662536621094,72.12190246582031,397.5389709472656,164.1395263671875,0.8564652800559998]],"frame_00032":[[254.173583984375,71.94673919677734,397.57537841796875,164.3069610595703,0.8559152483940125]],"frame_00033":[[254.08082580566406,72.06282806396484,397.5680847167969,164.27967834472656,0.8562178611755371]],"frame_00034":[[254.07997131347656,72.07200622558594,397.61212158203125,164.27439880371094,0.856258749961853]],"frame_00035":[[254.08889770507812,72.07195281982422,397.6025390625,164.3013916015625,0.8562884330749512]],"frame_00036":[[254.08795166015625,72.07752227783203,397.61553955078125,164.29627990722656,0.8563147783279419]],"frame_00037":[[254.06088256835938,72.07443237304688,397.61651611328125,164.2686767578125,0.8563769459724426]],"frame_00072":[[261.87347412109375,2.363309383392334,401.2396545410156,104.740478515625,0.859307050704956]],"frame_00073":[[265.5726318359375,0.0,398.60260009765625,66.06050872802734,0.740933358669281]],"frame_00074":[[270.0640869140625,0.0,404.3336486816406,34.98820114135742,0.4349393844604492]],"frame_00075":[[209.19091796875,444.28387451171875,225.1093292236328,458.05877685546875,0.2642002999782562]],"frame_00076":[],"frame_00077":[[303.1463623046875,655.9242553710938,512.2854614257812,819.0465087890625,0.26990193128585815]],"frame_00078":[],"frame_00079":[],"frame_00080":[],"frame_00081":[],"frame_00082":[],"frame_00083":[],"frame_00084":[],"frame_00085":[],"frame_00086":[],"frame_00087":[[369.9524841308594,0.06828930974006653,432.42559814453125,12.729172706604004,0.4392264187335968]],"frame_00088":[[378.6064758300781,0.0,456.03924560546875,22.891752243041992,0.3576525151729584]],"frame_00089":[[210.99581909179688,420.4141845703125,225.7874755859375,433.0773010253906,0.2734464704990387],[381.9805603027344,0.0,466.8667907714844,27.463043212890625,0.2716023027896881]],"frame_00090":[[209.17230224609375,418.99951171875,224.028564453125,431.65887451171875,0.5237728953361511],[389.6340026855469,0.0,466.97247314453125,31.712125778198242,0.2926013171672821]],"frame_00091":[[390.4727783203125,0.0,472.389892578125,36.15330505371094,0.6566399931907654],[207.7849578857422,417.6889343261719,222.90097045898438,430.62652587890625,0.25555217266082764]],"frame_00092":[[396.9163818359375,0.0,475.3056640625,40.579925537109375,0.44658827781677246]],"frame_00093":[[394.03375244140625,0.0,473.4756164550781,42.01546096801758,0.7139483690261841]],"frame_00094":[[401.37298583984375,0.0,475.126220703125,41.961181640625,0.77018803358078]],"frame_00095":[[403.84368896484375,0.0,477.0328369140625,40.623924255371094,0.8184177279472351]],"frame_00096":[[405.9949951171875,0.0,476.82757568359375,39.68653869628906,0.8196632266044617]],"frame_00097":[[408.29986572265625,0.0,477.1099853515625,38.46142578125,0.8170990943908691]],"frame_00098":[[410.725830078125,0.0,476.0414123535156,36.68476867675781,0.814115047454834]],"frame_00099":[[413.109619140625,0.0,475.0887145996094,35.160240173339844,0.8015618920326233]],"frame_00100":[[415.0148620605469,0.0,475.48046875,33.95003128051758,0.786055326461792]],"frame_00101":[[416.2665710449219,0.0,474.1885681152344,32.92814254760742,0.7830671072006226]],"frame_00102":[[420.931884765625,0.0,471.0280456542969,33.01691818237305,0.7741760015487671]],"frame_00103":[[420.3558349609375,0.5963913202285767,471.24822998046875,33.89722442626953,0.7467808127403259]],"frame_00104":[[422.5657043457031,2.3763256072998047,471.3835754394531,34.34984588623047,0.78941810131073]],"frame_00105":[[422.7245178222656,1.0346052646636963,471.6192626953125,37.460853576660156,0.7752696871757507]],"frame_00106":[[424.9468994140625,4.059345245361328,470.4178771972656,39.37730026245117,0.7725738883018494]],"frame_00107":[[423.1431884765625,9.713461875915527,468.9378662109375,42.44160461425781,0.763669490814209]],"frame_00108":[[422.6432800292969,14.617955207824707,468.7398986816406,46.23265838623047,0.7914797067642212]],"frame_00109":[[420.96856689453125,17.440135955810547,466.8232421875,50.779457092285156,0.7871921062469482]],"frame_00110":[[421.1172790527344,25.4222469329834,461.5843200683594,56.87397766113281,0.8148136734962463]],"frame_00111":[[421.1889343261719,31.94489097595215,459.1686706542969,60.10009002685547,0.8059437870979309]],