{"__manifest__":{"rgb_sha256_short":"ce084f1fea1e","weights_path":"C:\\Users\\User\\Desktop\\UNISA projects\\Drone detection\\es proj 3 thesis workspace\\ES_Drone_Detection\\runs\\corrective_finetune\\finetune_v3b\\weights\\best.pt","imgsz":640},"dets":{"frame_00057":[],"frame_00058":[],"frame_00059":[],"frame_00060":[],"frame_00061":[],"frame_00062":[],"frame_00102":[],"frame_00104":[],"frame_00105":[[410.06732177734375,702.8050537109375,1080.0,1025.426513671875,0.5307952761650085]],"frame_00106":[],"frame_00107":[[387.2245788574219,624.7315063476562,1080.0,999.5560913085938,0.613537073135376]],"frame_00108":[[387.1105041503906,618.318603515625,1080.0,917.6240234375,0.6693581342697144]],"frame_00109":[[390.83551025390625,598.4251708984375,1080.0,904.4168701171875,0.6346644759178162]],"frame_00110":[[400.5601501464844,571.0170288085938,1078.424072265625,878.88134765625,0.4271961450576782]],"frame_00111":[[399.8753356933594,523.045654296875,1077.8778076171875,830.2820434570312,0.6511821746826172]],"frame_00112":[[405.9872131347656,396.60382080078125,1080.0,810.6373901367188,0.8037574887275696]],"frame_00113":[[406.153564453125,311.7054138183594,1080.0,784.2427978515625,0.7447973489761353]],"frame_00114":[[400.0633850097656,289.1414489746094,1078.474853515625,761.870849609375,0.7871227264404297]],"frame_00115":[[415.5496826171875,339.9353332519531,1064.3787841796875,733.4898071289062,0.8177664875984192]],"frame_00116":[[410.088134765625,337.66265869140625,1059.576171875,713.45361328125,0.8475115299224854]],"frame_00117":[[397.7302551269531,350.227783203125,1074.6207275390625,701.6115112304688,0.8275954723358154]],"frame_00118":[[406.291259765625,341.0918273925781,1046.41162109375,694.7639770507812,0.7912217974662781]],"frame_00119":[[402.0325927734375,337.63995361328125,1057.6915283203125,689.8133544921875,0.7921731472015381]],"frame_00120":[[401.84466552734375,320.82855224609375,1048.5506591796875,689.7069091796875,0.8121305704116821]],"frame_00121":[[400.3814392089844,322.25140380859375,1073.5262451171875,693.3118286132812,0.7923523783683777]],"frame_00122":[[406.9135437011719,328.36639404296875,1043.91845703125,695.48046875,0.7937807440757751]],"frame_00123":[[402.8411865234375,313.9654846191406,1052.753662109375,696.8834838867188,0.8490902781486511]],"frame_00124":[[407.3791809082031,329.3356018066406,1035.275634765625,703.2034301757812,0.813176155090332]],"frame_00125":[[410.6480712890625,371.89190673828125,1037.0498046875,701.7490234375,0.8273010849952698]],"frame_00126":[[401.30108642578125,343.1017761230469,1005.9481201171875,708.3440551757812,0.8275328874588013]],"frame_00127":[[399.024658203125,321.2123107910156,1031.90185546875,714.4954223632812,0.8365545868873596]],"frame_00128":[[403.49560546875,333.43560791015625,1021.0369873046875,715.7418212890625,0.8544957041740417]],"frame_00129":[[392.90643310546875,345.51043701171875,1015.3148803710938,719.1015625,0.84010910987854]],"frame_00130":[[393.2011413574219,328.37744140625,1016.3648681640625,729.0123291015625,0.8371961116790771]],"frame_00131":[[390.406982421875,315.81817626953125,1016.476318359375,729.5052490234375,0.8569584488868713]],"frame_00132":[[373.75177001953125,317.1442565917969,1003.8670654296875,730.5585327148438,0.8546087741851807]],"frame_00133":[[378.3384704589844,314.35455322265625,1010.280029296875,733.6995849609375,0.8529999852180481]],"frame_00134":[[380.9565124511719,312.38677978515625,994.9808349609375,737.1110229492188,0.8433266282081604]],"frame_00135":[[363.0592346191406,307.2367248535156,980.9075317382812,743.6463623046875,0.8486170768737793]],"frame_00136":[[362.95440673828125,303.1522521972656,973.318603515625,750.5035400390625,0.8586204051971436]],"frame_00137":[[351.0312194824219,327.6058044433594,949.6646728515625,746.8720703125,0.7641346454620361]],"frame_00138":[[341.1797180175781,359.5097351074219,954.8961181640625,756.409912109375,0.8180916905403137]],"frame_00139":[[332.6544189453125,363.8075256347656,938.97265625,767.60400390625,0.8008624911308289]],"frame_00140":[[333.2124328613281,359.068359375,905.7910766601562,777.1690063476562,0.7830977439880371]],"frame_00141":[[335.9879150390625,412.94927978515625,901.3445434570312,801.4019165039062,0.5679895281791687]],"frame_00142":[[326.736572265625,443.6746826171875,902.001953125,794.9448852539062,0.5778955221176147]],"frame_00143":[],"frame_00144":[],"frame_00145":[],"frame_00146":[],"frame_00147":[],"frame_00148":[],"frame_00149":[],"frame_00150":[],"frame_00151":[],"frame_00152":[],"frame_00153":[],"frame_00154":[],"frame_00155":[],"frame_00156":[],"frame_00157":[],"frame_00158":[],"frame_00159":[],"frame_00160":[],"frame_00161":[],"frame_00162":[],"frame_00163":[],"frame_00164":[],"frame_00165":[],"frame_00166":[],"frame_00167":[],"frame_00168":[],"frame_00169":[],"frame_00170":[],"frame_00171":[],"frame_00172":[],"frame_00173":[],"frame_00174":[],"frame_00175":[],"frame_00176":[],"frame_00177":[],"frame_00178":[],"frame_00179":[],"frame_00180":[],"frame_00181":[],"frame_00182":[],"frame_00183":[],"frame_00184":[],"frame_00185":[],"frame_00186":[],"frame_00187":[],"frame_00188":[],"frame_00189":[],"frame_00190":[],"frame_00191":[],"frame_00192":[],"frame_00193":[],"frame_00194":[],"frame_00195":[],"frame_00196":[],"frame_00197":[],"frame_00198":[],"frame_00199":[],"frame_00200":[],"frame_00201":[],"frame_00202":[],"frame_00203":[],"frame_00204":[],"frame_00205":[],"frame_00206":[],"frame_00207":[],"frame_00208":[],"frame_00209":[],"frame_00210":[],"frame_00211":[],"frame_00212":[]}}