{"__manifest__":{"rgb_sha256_short":"5e11ed739f7b","weights_path":"C:\\Users\\User\\Desktop\\UNISA projects\\Drone detection\\es proj 3 thesis workspace\\ES_Drone_Detection\\RGB model\\Yolo26n_retrained_v2\\weights\\best.pt","imgsz":1280},"dets":{"frame_00001":[[240.0968780517578,265.6622619628906,381.53131103515625,333.7641906738281,0.9104745388031006]],"frame_00002":[[226.64833068847656,277.6380920410156,368.5382995605469,344.2533874511719,0.9131388068199158]],"frame_00003":[[215.20516967773438,284.8001403808594,363.67926025390625,353.9293212890625,0.8728048801422119]],"frame_00004":[[228.63673400878906,289.0687255859375,356.445556640625,359.47662353515625,0.8453925848007202]],"frame_00005":[[205.6381072998047,294.6202087402344,354.4904479980469,362.9119567871094,0.9072287678718567]],"frame_00006":[[215.01101684570312,294.877685546875,351.1329650878906,365.72137451171875,0.8787344098091125]],"frame_00007":[[216.5188446044922,296.1850280761719,359.1799621582031,366.4883728027344,0.8738350868225098]],"frame_00008":[[214.32095336914062,303.4742736816406,361.5859069824219,367.0103454589844,0.8907501101493835]],"frame_00009":[[219.86465454101562,294.6208801269531,361.98980712890625,367.5791320800781,0.7611145973205566]],"frame_00010":[[225.97792053222656,292.5412292480469,363.4270935058594,365.9390869140625,0.8985803723335266]],"frame_00011":[[229.96023559570312,291.5774841308594,368.3409423828125,367.09381103515625,0.8514399528503418]],"frame_00012":[[220.89610290527344,297.8337707519531,367.570556640625,367.7976379394531,0.7882658243179321]],"frame_00013":[[225.73387145996094,294.0540771484375,365.6030578613281,368.1047668457031,0.880546510219574]],"frame_00014":[[225.79107666015625,298.8490905761719,362.4791564941406,368.15472412109375,0.8604360818862915]],"frame_00015":[[229.70388793945312,291.82208251953125,359.8741760253906,366.2699890136719,0.9059797525405884]],"frame_00016":[[227.08323669433594,286.6786804199219,379.28216552734375,363.6136169433594,0.8957371711730957]],"frame_00017":[[222.99476623535156,281.8708801269531,378.85235595703125,358.4013671875,0.8145065903663635]],"frame_00018":[[231.2724151611328,273.3393249511719,371.6380920410156,351.775146484375,0.8810746073722839]],"frame_00019":[[233.10560607910156,265.10693359375,381.1436767578125,343.13214111328125,0.7335612773895264]],"frame_00020":[[244.84681701660156,248.07810974121094,373.06268310546875,331.8703308105469,0.9056912064552307]],"frame_00021":[],"frame_00022":[[236.73907470703125,213.75770568847656,384.16571044921875,298.2424621582031,0.8973654508590698]],"frame_00023":[[249.4359130859375,188.38026428222656,391.2171325683594,275.36004638671875,0.9349490404129028],[249.80633544921875,188.4146728515625,390.6573181152344,275.6425476074219,0.5287842750549316],[282.30157470703125,676.7153930664062,493.55810546875,818.5670776367188,0.3118669092655182]],"frame_00024":[[246.48085021972656,161.33021545410156,394.61749267578125,249.57913208007812,0.8636893033981323]],"frame_00025":[[247.72946166992188,128.65420532226562,390.65606689453125,220.6396484375,0.9008391499519348]],"frame_00026":[[251.74258422851562,94.55845642089844,396.16595458984375,189.51588439941406,0.8682178258895874],[293.76763916015625,671.1087036132812,510.6415710449219,817.6920776367188,0.28337976336479187]],"frame_00027":[[262.2302551269531,70.29153442382812,397.7514953613281,167.0151824951172,0.8712410926818848]],"frame_00028":[[262.5054931640625,70.13491821289062,397.7851257324219,167.05552673339844,0.8847801685333252]],"frame_00029":[[262.495849609375,70.13641357421875,397.7799377441406,167.05784606933594,0.8844114542007446]],"frame_00030":[[262.32525634765625,70.11399841308594,397.8597106933594,167.06460571289062,0.8908563256263733]],"frame_00031":[[262.28839111328125,70.11808776855469,397.86676025390625,167.1221923828125,0.8927932977676392]],"frame_00032":[[262.7484436035156,70.17855834960938,397.52178955078125,166.9991912841797,0.8580933213233948]],"frame_00033":[[262.5946960449219,70.28977966308594,397.4969177246094,166.9833526611328,0.8424181342124939]],"frame_00034":[[262.5522155761719,70.2945327758789,397.4754943847656,166.9965057373047,0.8436611294746399]],"frame_00035":[[262.4992980957031,70.2896728515625,397.52874755859375,167.0404815673828,0.8874208331108093]],"frame_00036":[[262.50469970703125,70.30973052978516,397.51702880859375,167.0390625,0.8782942891120911]],"frame_00037":[[262.46893310546875,70.32610321044922,397.5246887207031,167.02516174316406,0.8784428238868713]],"frame_00072":[[262.8110656738281,2.1608896255493164,398.9444885253906,106.0535888671875,0.8463380932807922],[294.3592529296875,667.2247314453125,504.64892578125,813.8614501953125,0.3964165151119232]],"frame_00073":[[260.07537841796875,0.15552198886871338,400.69317626953125,68.35095977783203,0.8144363164901733],[297.1264953613281,667.0297241210938,502.29595947265625,812.0610961914062,0.25038206577301025]],"frame_00074":[[297.1199951171875,664.7149658203125,505.42901611328125,810.4129028320312,0.6603056788444519]],"frame_00075":[[295.91961669921875,663.8482666015625,506.3362731933594,809.3689575195312,0.7284279465675354],[207.69773864746094,444.9778137207031,224.64166259765625,456.9156494140625,0.6771595478057861]],"frame_00076":[[297.53057861328125,662.8367309570312,507.08245849609375,807.091796875,0.743238627910614],[209.5216522216797,443.8397521972656,226.22959899902344,456.2181091308594,0.35928839445114136]],"frame_00077":[[301.1826171875,662.1483764648438,510.2209777832031,805.9771728515625,0.7819427251815796]],"frame_00078":[[301.779296875,660.6407470703125,513.020751953125,804.8579711914062,0.568465530872345]],"frame_00079":[],"frame_00080":[[214.77886962890625,432.7654113769531,232.5256805419922,445.56597900390625,0.5088816285133362]],"frame_00081":[[214.21511840820312,431.6652526855469,232.01004028320312,443.913330078125,0.43322354555130005]],"frame_00082":[[214.6891632080078,429.9149169921875,232.15342712402344,442.75054931640625,0.5523685216903687]],"frame_00083":[],"frame_00084":[],"frame_00085":[[310.5462341308594,644.369384765625,514.625732421875,788.8598022460938,0.308826744556427]],"frame_00086":[],"frame_00087":[],"frame_00088":[],"frame_00089":[[209.75686645507812,421.25067138671875,225.3292236328125,432.85162353515625,0.6871500015258789]],"frame_00090":[[385.0255432128906,0.26226532459259033,463.3092956542969,33.076988220214844,0.3002762794494629]],"frame_00091":[[392.6859130859375,0.15288913249969482,464.034423828125,36.84365463256836,0.7358146905899048],[206.78529357910156,418.99798583984375,221.41085815429688,429.6639404296875,0.7096452116966248]],"frame_00092":[[204.51303100585938,417.6279296875,219.58665466308594,428.92987060546875,0.7154626250267029]],"frame_00093":[[202.44740295410156,416.07891845703125,217.52667236328125,427.8609924316406,0.6930418014526367],[399.4244079589844,0.1933266520500183,467.4634094238281,42.293701171875,0.6389133930206299]],"frame_00094":[[406.134521484375,0.2555640935897827,469.78790283203125,42.585960388183594,0.771103024482727],[199.61680603027344,415.7005615234375,214.1016082763672,427.01263427734375,0.4845602512359619]],"frame_00095":[[407.75128173828125,0.12942034006118774,471.419189453125,41.980194091796875,0.8068793416023254],[196.78646850585938,414.5003662109375,212.23439025878906,426.0256652832031,0.5080835819244385]],"frame_00096":[[410.2033386230469,0.2058166265487671,469.2981872558594,41.62803268432617,0.6544591784477234],[194.1151580810547,413.9940490722656,209.6599578857422,425.70147705078125,0.31584227085113525]],"frame_00097":[[112.95409393310547,627.98583984375,496.3682861328125,772.564208984375,0.3856711983680725],[410.48248291015625,0.0769418478012085,469.9010925292969,40.4250373840332,0.28184252977371216]],"frame_00098":[[414.3852844238281,0.005574703216552734,470.24493408203125,39.445274353027344,0.5055609941482544]],