{"__manifest__":{"rgb_sha256_short":"5e11ed739f7b","weights_path":"C:\\Users\\User\\Desktop\\UNISA projects\\Drone detection\\es proj 3 thesis workspace\\ES_Drone_Detection\\RGB model\\Yolo26n_retrained_v2\\weights\\best.pt","imgsz":1280},"dets":{"frame_00001":[],"frame_00002":[],"frame_00003":[],"frame_00004":[],"frame_00005":[],"frame_00006":[],"frame_00007":[],"frame_00008":[],"frame_00017":[],"frame_00018":[],"frame_00019":[],"frame_00020":[],"frame_00030":[[230.8890380859375,833.8988037109375,996.8634033203125,1258.623779296875,0.2900010347366333]],"frame_00039":[],"frame_00045":[[0.0,795.130859375,696.5653076171875,1240.8095703125,0.6843286156654358]],"frame_00046":[],"frame_00047":[],"frame_00049":[[398.2898254394531,209.82705688476562,874.9692993164062,586.1484375,0.2998686730861664]],"frame_00050":[],"frame_00053":[],"frame_00054":[[137.246826171875,839.4708251953125,551.0240478515625,1236.9793701171875,0.8407067656517029],[434.28009033203125,656.3930053710938,549.9915161132812,752.4198608398438,0.5369351506233215]],"frame_00055":[[162.7521514892578,813.7970581054688,519.5765380859375,1261.806396484375,0.7906087636947632]],"frame_00056":[[253.7633514404297,802.08544921875,525.1302490234375,1198.37353515625,0.8422437310218811]],"frame_00057":[[266.54595947265625,736.39111328125,537.6637573242188,1147.9046630859375,0.5912522077560425]],"frame_00058":[[306.8601989746094,749.445068359375,561.2034912109375,1124.412109375,0.6008208394050598],[304.2027893066406,747.265625,555.5465698242188,1123.612548828125,0.4105845093727112]],"frame_00059":[[326.91998291015625,686.3318481445312,556.40087890625,1068.14404296875,0.8605082035064697]],"frame_00060":[],"frame_00062":[[363.9091796875,603.3742065429688,713.2988891601562,1046.11669921875,0.2672238051891327]],"frame_00063":[[376.9728698730469,613.17822265625,723.114501953125,1002.6472778320312,0.8758119940757751]],"frame_00064":[[386.6131896972656,662.7042846679688,731.9938354492188,966.9774169921875,0.8809733390808105]],"frame_00065":[[415.6940002441406,653.4794921875,601.7938232421875,949.7166137695312,0.8974929451942444]],"frame_00066":[[396.95892333984375,595.9344482421875,712.49267578125,992.8416137695312,0.705413818359375]],"frame_00067":[[401.650390625,650.7492065429688,653.9436645507812,945.602294921875,0.7829216122627258],[399.66595458984375,650.3711547851562,654.0840454101562,945.8274536132812,0.6618993878364563]],"frame_00068":[[364.8260498046875,657.8761596679688,620.133544921875,866.5450439453125,0.47409260272979736]],"frame_00069":[[363.9280700683594,674.872314453125,641.6476440429688,927.0745239257812,0.9241884350776672]],"frame_00070":[[384.26312255859375,679.685546875,618.518310546875,918.0621337890625,0.80629563331604],[380.8915100097656,696.9534301757812,619.5379638671875,914.201416015625,0.30610162019729614]],"frame_00071":[[393.46728515625,708.0433959960938,728.5308837890625,1016.3154296875,0.9250496029853821]],"frame_00072":[[394.69061279296875,732.787109375,698.590087890625,981.2618408203125,0.8965761661529541]],"frame_00073":[[377.9209899902344,753.038330078125,686.6109619140625,997.403564453125,0.868516206741333]],"frame_00074":[[390.5068359375,762.0201416015625,684.8553466796875,1008.5028076171875,0.9065394997596741]],"frame_00075":[[416.08209228515625,817.3165283203125,675.3673095703125,1035.3426513671875,0.7248654365539551],[416.8109436035156,818.4697265625,674.2830810546875,1036.6297607421875,0.4220436215400696]],"frame_00076":[[416.1317138671875,897.1411743164062,658.6466064453125,1076.9810791015625,0.9139715433120728]],"frame_00077":[[422.28271484375,947.0545654296875,649.4452514648438,1116.830078125,0.8624722957611084]],"frame_00078":[[406.77325439453125,971.1839599609375,646.5654907226562,1201.2528076171875,0.380440354347229]],"frame_00079":[[415.0161437988281,1008.9827270507812,641.2088623046875,1186.765869140625,0.7499656081199646]],"frame_00080":[[426.3045959472656,1025.635498046875,647.7929077148438,1222.3170166015625,0.2850833237171173]],"frame_00081":[[425.0613098144531,1042.092529296875,648.5438232421875,1205.3582763671875,0.8827874064445496]],"frame_00082":[[425.1713562011719,995.380126953125,630.1114501953125,1203.35107421875,0.7206217646598816]],"frame_00083":[[438.5358581542969,978.2979736328125,610.33154296875,1198.62548828125,0.872852623462677]],"frame_00084":[[398.61590576171875,959.4417114257812,616.7652587890625,1165.996826171875,0.732215404510498]],"frame_00085":[[409.07318115234375,952.0288696289062,626.0702514648438,1120.1180419921875,0.6232499480247498]],"frame_00087":[],"frame_00088":[],"frame_00091":[[431.3758850097656,804.51953125,623.1220092773438,1079.516357421875,0.863873302936554]],"frame_00093":[[389.20703125,805.8114624023438,663.5238037109375,1120.1788330078125,0.7428961396217346]],"frame_00094":[[435.09246826171875,819.8893432617188,627.011962890625,992.959716796875,0.7185589671134949]],"frame_00095":[[421.2763671875,805.7723388671875,630.943359375,1027.9002685546875,0.39657506346702576]],"frame_00096":[],"frame_00097":[],"frame_00098":[[387.30462646484375,801.05859375,649.860107421875,1127.165771484375,0.39153575897216797],[387.57080078125,795.9369506835938,643.4298095703125,1154.2330322265625,0.3477359712123871]],"frame_00099":[[421.31365966796875,808.698974609375,619.2338256835938,1091.266357421875,0.706307590007782],[430.011474609375,812.336181640625,610.9326171875,991.2825927734375,0.5261107087135315]],"frame_00102":[[441.0151062011719,804.4952392578125,648.34814453125,1010.2635498046875,0.44365525245666504]],"frame_00103":[],"frame_00104":[],"frame_00105":[],"frame_00106":[],"frame_00107":[],"frame_00108":[[461.7509765625,806.2628173828125,660.0364379882812,979.333740234375,0.5303602814674377]]}}