{"__manifest__":{"rgb_sha256_short":"6fd55349ad9d","weights_path":"C:\\Users\\User\\Desktop\\UNISA projects\\Drone detection\\es proj 3 thesis workspace\\ES_Drone_Detection\\RGB model\\Yolo26n_selcom_mixed_ft2_1280\\weights\\best.pt","imgsz":1280},"dets":{"frame_00001":[[915.4296875,472.8780212402344,1107.8135986328125,547.1755981445312,0.8131398558616638]],"frame_00002":[[880.6419677734375,370.3176574707031,1109.9400634765625,462.18212890625,0.7652168869972229]],"frame_00003":[[842.5211181640625,313.48748779296875,1113.240478515625,421.86309814453125,0.7897703051567078]],"frame_00004":[[790.0567016601562,308.4696960449219,1124.4237060546875,466.76910400390625,0.410597026348114]],"frame_00005":[[729.190185546875,373.2693786621094,1121.497802734375,610.3143310546875,0.7060925960540771]],"frame_00006":[],"frame_00007":[],"frame_00008":[],"frame_00009":[],"frame_00010":[[1623.677001953125,279.20489501953125,1892.6806640625,454.3045349121094,0.7351433634757996]],"frame_00011":[[1661.0419921875,298.89080810546875,1920.0,485.59783935546875,0.8016662001609802]],"frame_00012":[[1467.390869140625,322.64471435546875,1769.94140625,500.9032287597656,0.8358030915260315]],"frame_00013":[[1174.03076171875,325.121337890625,1482.031494140625,492.56671142578125,0.905384361743927]],"frame_00014":[[1301.3052978515625,324.43231201171875,1625.29443359375,497.81201171875,0.8789941072463989],[446.0832824707031,940.1105346679688,493.80145263671875,962.8316650390625,0.6597475409507751]],"frame_00015":[[1425.5997314453125,323.26239013671875,1777.580322265625,520.6932373046875,0.7893628478050232],[1434.7962646484375,901.2799072265625,1483.7255859375,924.180419921875,0.7152078747749329]],"frame_00016":[[1017.47900390625,349.5599060058594,1396.6826171875,558.1154174804688,0.5592706799507141]],"frame_00017":[],"frame_00018":[],"frame_00019":[],"frame_00020":[],"frame_00021":[],"frame_00022":[],"frame_00023":[],"frame_00024":[],"frame_00025":[],"frame_00026":[],"frame_00027":[],"frame_00028":[],"frame_00029":[],"frame_00030":[],"frame_00031":[],"frame_00032":[],"frame_00033":[],"frame_00034":[],"frame_00035":[],"frame_00036":[],"frame_00037":[],"frame_00038":[],"frame_00039":[],"frame_00040":[],"frame_00041":[],"frame_00042":[],"frame_00043":[],"frame_00044":[],"frame_00045":[],"frame_00046":[],"frame_00047":[],"frame_00048":[],"frame_00049":[],"frame_00050":[],"frame_00051":[],"frame_00052":[],"frame_00053":[[1060.15771484375,1018.5433959960938,1128.8939208984375,1059.26708984375,0.6857813596725464]],"frame_00054":[[806.127685546875,998.1073608398438,940.2918090820312,1049.228271484375,0.6405670046806335],[1059.007080078125,1020.6312255859375,1124.626953125,1059.9891357421875,0.5146898627281189]],"frame_00055":[[786.4788208007812,991.516357421875,944.223876953125,1057.942626953125,0.7845831513404846],[1778.5946044921875,823.9259033203125,1817.37353515625,859.810302734375,0.27196913957595825]],"frame_00056":[[743.9590454101562,942.8265380859375,933.87353515625,1033.453125,0.8320821523666382]],"frame_00057":[[684.2213745117188,872.4686279296875,918.2674560546875,1003.6814575195312,0.5821627974510193]],"frame_00058":[],"frame_00059":[[233.583984375,455.7005310058594,616.5364990234375,738.7408447265625,0.7991251945495605]],"frame_00060":[[355.43487548828125,66.77938842773438,857.4862060546875,508.9441223144531,0.41974082589149475]],"frame_00061":[[875.4549560546875,139.70468139648438,1259.712646484375,482.1180725097656,0.4993833303451538],[877.6048583984375,138.68243408203125,1257.75390625,476.4525146484375,0.33891060948371887]],"frame_00062":[],"frame_00063":[[1582.093505859375,741.5894775390625,1807.656005859375,902.6298828125,0.4677600860595703],[608.167724609375,843.0789184570312,639.6839599609375,869.8685302734375,0.39736562967300415],[838.6536254882812,631.925537109375,867.53369140625,656.3831176757812,0.26918667554855347]],"frame_00064":[[570.9094848632812,803.291015625,620.7647705078125,843.7109985351562,0.594413161277771],[821.7569580078125,625.7593994140625,853.1912841796875,651.951171875,0.5593122839927673]],"frame_00065":[],"frame_00066":[],"frame_00067":[],"frame_00068":[],"frame_00069":[],"frame_00070":[],"frame_00071":[],"frame_00072":[],"frame_00073":[],"frame_00074":[],"frame_00075":[],"frame_00076":[],"frame_00077":[],"frame_00078":[],"frame_00079":[],"frame_00080":[],"frame_00081":[],"frame_00082":[],"frame_00083":[],"frame_00084":[],"frame_00085":[],"frame_00086":[],"frame_00087":[[416.4837341308594,518.3946533203125,1000.27978515625,794.1084594726562,0.44704005122184753]],"frame_00088":[[381.9269104003906,515.0894775390625,980.059326171875,740.5068359375,0.5688439607620239]],"frame_00089":[],"frame_00090":[[264.79376220703125,446.8585510253906,1074.9461669921875,705.076171875,0.43498745560646057]],"frame_00091":[],"frame_00092":[[208.33905029296875,161.03610229492188,1026.971435546875,476.5505676269531,0.4333551526069641],[216.13673400878906,161.47665405273438,1016.34033203125,465.165771484375,0.3091912269592285],[189.58694458007812,162.36166381835938,995.55859375,475.2909851074219,0.30713361501693726]],"frame_00093":[[64.00442504882812,0.0,953.9943237304688,198.9180908203125,0.48926517367362976]],"frame_00094":[[233.41529846191406,359.6708984375,284.43377685546875,391.62921142578125,0.6381283402442932],[415.7520446777344,519.7080688476562,790.0701904296875,671.4928588867188,0.35671183466911316]],"frame_00095":[[328.65386962890625,552.8380126953125,772.9189453125,714.4879760742188,0.46090173721313477]],"frame_00096":[],"frame_00097":[],"frame_00098":[],"frame_00099":[],"frame_00100":[],"frame_00101":[],"frame_00102":[],"frame_00103":[],"frame_00104":[],"frame_00105":[],"frame_00106":[],"frame_00107":[],"frame_00108":[],"frame_00109":[],"frame_00110":[],"frame_00111":[],"frame_00112":[[400.2289123535156,476.0977478027344,977.8714599609375,764.157958984375,0.5909594893455505]],"frame_00113":[[132.68536376953125,457.7861328125,753.416259765625,761.9383544921875,0.3462476432323456]],"frame_00114":[[286.3818359375,445.7197265625,918.4864501953125,762.4484252929688,0.2816891670227051]],"frame_00115":[[183.2669677734375,420.78045654296875,796.2625122070312,713.4486694335938,0.4205821752548218]],"frame_00116":[],"frame_00117":[[57.88323211669922,571.9945678710938,146.630615234375,625.6106567382812,0.26164594292640686]],"frame_00118":[],"frame_00119":[],"frame_00120":[],"frame_00121":[],"frame_00122":[],"frame_00123":[],"frame_00124":[],"frame_00125":[],"frame_00126":[[882.529052734375,308.9782409667969,915.5909423828125,331.4736022949219,0.3698703646659851]],"frame_00127":[],"frame_00128":[],"frame_00129":[],"frame_00130":[],"frame_00131":[],"frame_00132":[],"frame_00133":[],"frame_00134":[],"frame_00135":[],"frame_00136":[],"frame_00137":[],"frame_00138":[],"frame_00139":[[669.08251953125,569.24462890625,831.998046875,615.5779418945312,0.4242863059043884]],"frame_00140":[],"frame_00141":[],"frame_00142":[[784.171875,570.0809326171875,897.130859375,680.8441772460938,0.8471980094909668]],"frame_00143":[[1417.8170166015625,702.125,1527.1951904296875,781.0761108398438,0.4305415153503418]],"frame_00144":[[815.1185302734375,236.1368408203125,984.7288818359375,376.6493225097656,0.8367323279380798]],"frame_00145":[[821.366943359375,34.72838592529297,1016.769287109375,187.0052947998047,0.8521832227706909]],"frame_00146":[[914.578125,0.5716552734375,1097.6180419921875,131.50595092773438,0.8197541236877441]],"frame_00147":[[1038.5660400390625,105.16337585449219,1179.3238525390625,224.28594970703125,0.8046163320541382]],"frame_00148":[[1143.953369140625,270.7088928222656,1250.9041748046875,365.16571044921875,0.8208755254745483]],"frame_00149":[[1182.254150390625,430.3319091796875,1270.5968017578125,509.04730224609375,0.8244210481643677]],"frame_00150":[[1159.543212890625,573.581298828125,1238.1412353515625,643.3575439453125,0.7267392873764038]],"frame_00151":[[1127.8115234375,690.6248168945312,1210.7344970703125,752.1845703125,0.8170246481895447]],