{"__manifest__":{"rgb_sha256_short":"6fd55349ad9d","weights_path":"C:\\Users\\User\\Desktop\\UNISA projects\\Drone detection\\es proj 3 thesis workspace\\ES_Drone_Detection\\RGB model\\Yolo26n_selcom_mixed_ft2_1280\\weights\\best.pt","imgsz":1280},"dets":{"frame_00001":[[548.0592041015625,628.190673828125,707.247314453125,782.466552734375,0.8662819266319275]],"frame_00002":[[494.02606201171875,553.0662841796875,637.6260986328125,696.18994140625,0.8709983825683594]],"frame_00003":[[461.58697509765625,602.1847534179688,626.8422241210938,741.153564453125,0.7324731349945068]],"frame_00004":[[417.3868103027344,629.2060546875,553.8013916015625,759.6441650390625,0.8538959622383118]],"frame_00005":[[360.47735595703125,679.8367309570312,495.63739013671875,801.2672119140625,0.8626511693000793]],"frame_00006":[[309.000244140625,663.8892211914062,436.7742919921875,777.7227783203125,0.856115460395813]],"frame_00007":[[258.9187927246094,628.8612670898438,384.2684326171875,738.38623046875,0.85552978515625]],"frame_00008":[[210.4244842529297,576.911376953125,331.3232421875,681.258544921875,0.841347336769104]],"frame_00009":[[125.50353240966797,358.7430419921875,240.9437713623047,463.62750244140625,0.8777631521224976]],"frame_00010":[],"frame_00011":[],"frame_00012":[[793.9444580078125,1842.22021484375,821.6460571289062,1868.888427734375,0.6123524904251099]],"frame_00013":[[771.8751220703125,1663.27783203125,798.2381591796875,1690.1357421875,0.6342014670372009]],"frame_00014":[[238.51458740234375,1789.581298828125,279.59918212890625,1816.4912109375,0.6410267949104309]],"frame_00015":[],"frame_00016":[],"frame_00017":[],"frame_00018":[],"frame_00019":[],"frame_00020":[]}}