{"__manifest__":{"rgb_sha256_short":"6fd55349ad9d","weights_path":"C:\\Users\\User\\Desktop\\UNISA projects\\Drone detection\\es proj 3 thesis workspace\\ES_Drone_Detection\\RGB model\\Yolo26n_selcom_mixed_ft2_1280\\weights\\best.pt","imgsz":960},"dets":{"frame_00001":[[137.60089111328125,835.262451171875,747.8507690429688,1110.3619384765625,0.580868124961853]],"frame_00002":[],"frame_00003":[[177.9163818359375,835.7197875976562,836.7252197265625,1311.5269775390625,0.35958680510520935],[184.38946533203125,834.4879760742188,806.0499267578125,1255.506591796875,0.2886587679386139]],"frame_00004":[[114.21148681640625,832.82177734375,764.427490234375,1266.6798095703125,0.46681085228919983]],"frame_00005":[[109.11642456054688,832.3896484375,754.9412841796875,1263.08935546875,0.4719153046607971]],"frame_00006":[[110.68096923828125,829.7752685546875,731.44677734375,1259.29443359375,0.3761402666568756]],"frame_00007":[],"frame_00008":[],"frame_00028":[[615.5070190429688,871.04150390625,734.2525634765625,936.22998046875,0.35723328590393066]],"frame_00032":[[213.66680908203125,799.8267822265625,752.8617553710938,1126.355224609375,0.28496021032333374]],"frame_00033":[[265.79425048828125,797.0485229492188,718.843017578125,1063.0130615234375,0.5661984086036682]],"frame_00034":[[240.37985229492188,775.95849609375,710.7122802734375,1000.18603515625,0.4240809679031372]],"frame_00035":[[272.6053466796875,773.9822387695312,765.7693481445312,1026.92529296875,0.441815048456192]],"frame_00036":[[285.44281005859375,773.0485229492188,755.181640625,1005.91162109375,0.42517364025115967]],"frame_00037":[[309.42901611328125,787.9426879882812,742.08740234375,986.1380615234375,0.345856249332428]],"frame_00038":[[308.98419189453125,771.4773559570312,821.5411987304688,994.572998046875,0.5457714796066284]],"frame_00039":[[293.9114685058594,768.4691772460938,809.6878662109375,983.3777465820312,0.7261605262756348]],"frame_00040":[[299.30206298828125,767.7789916992188,792.7877197265625,975.58154296875,0.6225913166999817],[310.2986145019531,764.7064819335938,752.8264770507812,962.4325561523438,0.4188612401485443]],"frame_00041":[[298.8507080078125,768.4212646484375,810.1736450195312,971.256103515625,0.6190516948699951],[322.6300048828125,764.936279296875,782.213623046875,961.3643798828125,0.5946722030639648]],"frame_00042":[[323.401123046875,764.9827880859375,779.5979614257812,960.9326171875,0.5897015929222107],[322.52386474609375,767.3284301757812,805.0599365234375,965.4297485351562,0.3186424970626831]],"frame_00043":[[343.5938720703125,761.8942260742188,774.1937255859375,955.8011474609375,0.5346395373344421]],"frame_00044":[[351.94866943359375,759.039794921875,767.9029541015625,942.2393798828125,0.7777134776115417]],"frame_00045":[[358.4041442871094,757.7913208007812,783.5506591796875,942.4306030273438,0.7596793174743652]],"frame_00046":[[363.3257141113281,756.787109375,793.9927368164062,943.1793212890625,0.7989323139190674]],"frame_00047":[[368.83306884765625,757.8375244140625,803.2606201171875,939.7220458984375,0.7600631713867188]],"frame_00048":[[375.10516357421875,761.7734375,781.62060546875,939.2353515625,0.8255392909049988]],"frame_00049":[[368.20794677734375,766.6934204101562,781.289794921875,942.3781127929688,0.8053280115127563]],"frame_00050":[[358.01995849609375,774.5200805664062,774.710693359375,947.5016479492188,0.7919301390647888]],"frame_00051":[[373.8563232421875,785.41259765625,775.8811645507812,953.646484375,0.8533772826194763]],"frame_00052":[[376.21240234375,791.8251342773438,774.8609008789062,961.2550659179688,0.8411198854446411]],"frame_00053":[[360.3331604003906,795.6007080078125,782.2579345703125,965.7330932617188,0.8268405795097351]],"frame_00054":[[349.3291931152344,798.482421875,780.5584716796875,968.083251953125,0.8219101428985596]],"frame_00055":[[368.08636474609375,805.7108764648438,770.3685913085938,971.9010620117188,0.8209280371665955]],"frame_00056":[[367.1865234375,813.9139404296875,771.21142578125,976.0770263671875,0.8259456753730774]],"frame_00057":[[364.4754638671875,817.965576171875,772.8087768554688,983.76953125,0.8195827603340149]],"frame_00058":[[365.06597900390625,818.5140380859375,773.6103515625,986.6858520507812,0.8174293637275696]],"frame_00059":[[365.42327880859375,819.0177612304688,774.4927978515625,986.671875,0.8281397223472595]],"frame_00060":[[369.47515869140625,817.2732543945312,772.607421875,979.490478515625,0.8331295251846313]],"frame_00061":[[371.1722412109375,813.722412109375,776.3245849609375,974.2557373046875,0.8114585876464844]],"frame_00062":[[366.8013916015625,805.6312255859375,772.9113159179688,970.0524291992188,0.8349075317382812]],"frame_00063":[[368.98126220703125,798.944091796875,775.5401611328125,964.5855712890625,0.8527308702468872]],"frame_00064":[[361.5,795.8468627929688,778.9781494140625,959.4866943359375,0.8487419486045837]],"frame_00065":[[367.0255432128906,793.8563232421875,773.7340087890625,958.985595703125,0.8654154539108276]],"frame_00066":[[368.13739013671875,789.4573974609375,781.2472534179688,950.8770751953125,0.8641268610954285]],"frame_00067":[[374.33905029296875,785.898193359375,782.6367797851562,951.5650634765625,0.8536021709442139]],"frame_00068":[[375.30401611328125,783.8607177734375,781.55419921875,943.7826538085938,0.865890622138977]],"frame_00069":[[383.1473388671875,782.5664672851562,781.0914306640625,940.3677978515625,0.8668903112411499]],"frame_00070":[[386.2123107910156,780.9778442382812,794.87255859375,939.941650390625,0.8675969839096069]],"frame_00071":[[385.965087890625,781.6414184570312,794.2447509765625,936.9434814453125,0.8705894947052002]],"frame_00072":[[386.0449523925781,781.979248046875,801.10693359375,937.2725830078125,0.8730775713920593]],"frame_00073":[[388.62939453125,782.603271484375,800.3453369140625,933.8523559570312,0.8730021715164185]],"frame_00074":[[385.77960205078125,781.935546875,807.7568969726562,928.9237060546875,0.7135292291641235]],"frame_00075":[[392.1435852050781,778.51416015625,829.2029418945312,924.0520629882812,0.8491318225860596]],"frame_00076":[[387.37481689453125,772.7607421875,837.7593994140625,911.8333740234375,0.8450724482536316]],"frame_00077":[[383.99737548828125,764.8565673828125,828.35302734375,904.4888916015625,0.8342450261116028]],"frame_00078":[[387.5491943359375,760.5994873046875,814.3349609375,899.7589721679688,0.8482762575149536]],"frame_00079":[[385.4372863769531,752.0755004882812,821.4384765625,894.4757080078125,0.8436652421951294]],"frame_00080":[[373.2675476074219,743.7334594726562,827.907958984375,888.2335205078125,0.8480789065361023]],"frame_00081":[[406.23028564453125,742.2322387695312,813.2025146484375,882.53857421875,0.848301887512207]],"frame_00082":[[414.66168212890625,742.3475341796875,818.142822265625,884.156005859375,0.8518409132957458]],"frame_00083":[[424.1864013671875,747.2785034179688,816.937744140625,881.901611328125,0.8362888693809509]],"frame_00084":[[427.39154052734375,747.6309814453125,815.6741943359375,880.423583984375,0.8194757103919983]],"frame_00085":[[433.39837646484375,751.1646728515625,808.966796875,882.5333251953125,0.830939769744873]],"frame_00086":[[438.22454833984375,748.4154663085938,800.0228881835938,881.8468627929688,0.8003338575363159]],"frame_00087":[[443.17889404296875,751.9049682617188,797.2476196289062,877.2216796875,0.7634333968162537]],"frame_00088":[],"frame_00089":[],"frame_00090":[],"frame_00091":[],"frame_00092":[],"frame_00093":[],"frame_00094":[],"frame_00095":[],"frame_00096":[],"frame_00097":[],"frame_00098":[[496.84381103515625,563.2368774414062,775.0396728515625,699.7791748046875,0.35145103931427]],"frame_00099":[[437.63037109375,530.9775390625,759.80322265625,673.8711547851562,0.25506868958473206]],"frame_00100":[[381.2034912109375,496.5398864746094,751.36181640625,649.5927734375,0.8015289306640625]],"frame_00101":[[393.13787841796875,460.20928955078125,744.18212890625,625.0909423828125,0.8776513934135437]],