{"__manifest__":{"rgb_sha256_short":"5e11ed739f7b","weights_path":"C:\\Users\\User\\Desktop\\UNISA projects\\Drone detection\\es proj 3 thesis workspace\\ES_Drone_Detection\\RGB model\\Yolo26n_retrained_v2\\weights\\best.pt","imgsz":1280},"dets":{"frame_00001":[],"frame_00002":[],"frame_00003":[],"frame_00004":[],"frame_00005":[[672.4165649414062,1530.9315185546875,1080.0,1879.3604736328125,0.415732741355896]],"frame_00006":[],"frame_00007":[],"frame_00008":[],"frame_00009":[],"frame_00010":[],"frame_00011":[],"frame_00012":[],"frame_00013":[],"frame_00014":[],"frame_00015":[],"frame_00016":[],"frame_00017":[],"frame_00018":[[585.4639892578125,1562.111328125,1051.886474609375,1919.77001953125,0.5808337926864624]],"frame_00019":[],"frame_00020":[],"frame_00021":[],"frame_00022":[],"frame_00023":[],"frame_00024":[],"frame_00025":[],"frame_00026":[],"frame_00027":[],"frame_00028":[],"frame_00029":[],"frame_00030":[],"frame_00031":[],"frame_00032":[],"frame_00033":[],"frame_00034":[],"frame_00035":[],"frame_00036":[],"frame_00037":[],"frame_00038":[],"frame_00039":[],"frame_00040":[],"frame_00041":[],"frame_00042":[],"frame_00043":[],"frame_00044":[],"frame_00045":[],"frame_00046":[],"frame_00047":[],"frame_00048":[[143.3273162841797,474.8269958496094,641.5372314453125,934.0427856445312,0.6104724407196045]],"frame_00049":[[114.2618408203125,546.785400390625,651.729736328125,980.1497802734375,0.6824844479560852]],"frame_00050":[],"frame_00051":[[101.92998504638672,723.0437622070312,644.9053344726562,1219.90087890625,0.4730952978134155]],"frame_00052":[[102.9210433959961,811.5730590820312,645.85302734375,1270.9105224609375,0.7993184328079224]],"frame_00053":[[87.99293518066406,917.6253662109375,668.0157470703125,1386.5928955078125,0.8804450035095215]],"frame_00054":[[87.35700988769531,1086.8792724609375,694.839599609375,1505.2177734375,0.8720526695251465]],"frame_00055":[[82.57921600341797,1200.9490966796875,715.4944458007812,1609.17724609375,0.750970721244812]],"frame_00056":[[128.87057495117188,1297.5296630859375,769.1162109375,1693.82666015625,0.8689348101615906]],"frame_00077":[[280.1158447265625,385.4297790527344,1005.0130615234375,762.4341430664062,0.8965097665786743]],"frame_00078":[[282.05474853515625,460.26251220703125,1014.745849609375,837.3627319335938,0.9359303712844849]],"frame_00079":[[257.2860107421875,540.2364501953125,1020.7894287109375,914.2257080078125,0.8759005069732666]],"frame_00080":[[249.9525604248047,578.033203125,1028.07666015625,981.1580810546875,0.8605506420135498]],"frame_00081":[[254.27169799804688,443.2342529296875,1038.8629150390625,1023.4786376953125,0.78031986951828]],"frame_00082":[[280.08349609375,613.6141967773438,1033.812744140625,1042.08154296875,0.8624922037124634]],"frame_00083":[[306.4940185546875,594.4097290039062,1036.7591552734375,1030.71728515625,0.8762693405151367]],"frame_00084":[[303.474609375,570.9772338867188,1048.7940673828125,999.0965576171875,0.8684813380241394]],"frame_00085":[[320.8597412109375,524.8839111328125,1052.51318359375,967.8953247070312,0.8897747993469238]],"frame_00086":[[309.49102783203125,472.17169189453125,1073.8583984375,941.7906494140625,0.7980318665504456]],"frame_00087":[[315.23272705078125,473.78082275390625,1026.716796875,948.499755859375,0.8778696656227112]],"frame_00088":[[331.7144775390625,456.7982482910156,1028.3074951171875,910.4404907226562,0.8942887187004089]],"frame_00089":[[347.8038330078125,481.03582763671875,1063.88037109375,905.24072265625,0.8506342768669128]],"frame_00090":[[354.42919921875,453.0539245605469,1047.2608642578125,884.781982421875,0.8725090026855469]],"frame_00091":[[354.12738037109375,386.72637939453125,1023.0320434570312,845.888427734375,0.8618893623352051]],"frame_00092":[[355.6966552734375,358.394287109375,1033.1568603515625,790.1647338867188,0.869295597076416]],"frame_00093":[[386.0914306640625,253.96505737304688,1048.2156982421875,726.346923828125,0.6892573833465576]],"frame_00094":[[390.21807861328125,228.5065155029297,1015.3956298828125,657.9940795898438,0.7387078404426575]],"frame_00095":[[392.61309814453125,160.21734619140625,1000.4300537109375,589.4320678710938,0.8881440758705139]],"frame_00096":[[388.536376953125,65.34333801269531,987.9383544921875,550.8102416992188,0.8843783140182495]],"frame_00097":[[419.84747314453125,24.078826904296875,974.0616455078125,504.3763732910156,0.8856058120727539]],"frame_00098":[[408.1236877441406,25.96783447265625,1005.171875,463.93377685546875,0.8750457167625427]],"frame_00099":[[415.789306640625,12.34881591796875,1022.0289916992188,507.9788818359375,0.8920654654502869]],"frame_00100":[[436.3560791015625,14.13885498046875,908.6160278320312,499.97003173828125,0.5491828322410583]],"frame_00101":[[428.3944091796875,79.68075561523438,965.779541015625,466.0537109375,0.780586302280426]],"frame_00102":[],"frame_00103":[],"frame_00104":[],"frame_00105":[],"frame_00106":[],"frame_00107":[],"frame_00108":[],"frame_00109":[],"frame_00110":[],"frame_00111":[],"frame_00112":[],"frame_00113":[[548.1085205078125,529.813720703125,801.125732421875,810.34375,0.7245030403137207]],"frame_00114":[],"frame_00115":[],"frame_00116":[],"frame_00117":[],"frame_00118":[],"frame_00119":[],"frame_00120":[],"frame_00121":[[516.5955810546875,731.9218139648438,812.89013671875,983.1948852539062,0.7468041777610779]],"frame_00122":[[506.6536560058594,732.739013671875,777.052001953125,1023.4168701171875,0.8271570801734924]],"frame_00123":[[537.3917236328125,756.3643188476562,805.3569946289062,1048.098388671875,0.6118935942649841]],"frame_00124":[],"frame_00125":[],"frame_00126":[[538.8516845703125,825.3766479492188,805.5928955078125,1101.3455810546875,0.7011050581932068],[546.6002197265625,828.1895751953125,805.0750732421875,1101.5419921875,0.3178025484085083]],"frame_00127":[[529.5736694335938,882.5257568359375,846.99560546875,1108.0216064453125,0.7445657253265381]],"frame_00128":[],"frame_00129":[],"frame_00130":[[575.9185791015625,893.0092163085938,805.520263671875,1164.190185546875,0.9172177910804749]],"frame_00131":[],"frame_00132":[],"frame_00133":[],"frame_00134":[],"frame_00135":[[227.64205932617188,476.80902099609375,784.582763671875,958.959228515625,0.5913404822349548]],"frame_00136":[],"frame_00137":[],"frame_00138":[],"frame_00139":[[372.3658447265625,761.777587890625,703.4864501953125,1111.523193359375,0.8774839639663696]],"frame_00140":[],"frame_00141":[],"frame_00142":[],"frame_00143":[],"frame_00144":[],"frame_00145":[],"frame_00146":[],"frame_00147":[],"frame_00148":[],"frame_00149":[],"frame_00150":[],"frame_00151":[],"frame_00152":[],"frame_00153":[],"frame_00154":[],"frame_00155":[],"frame_00156":[],"frame_00157":[],"frame_00158":[],"frame_00159":[],"frame_00160":[],"frame_00161":[],"frame_00162":[],"frame_00163":[],"frame_00164":[],"frame_00165":[],"frame_00166":[],"frame_00167":[],"frame_00168":[],"frame_00169":[],"frame_00170":[],"frame_00171":[[673.2239990234375,1531.4931640625,1080.0,1875.81787109375,0.3035335838794708]],"frame_00172":[[640.8955078125,1602.129150390625,1080.0,1919.9029541015625,0.31037360429763794]],"frame_00173":[[672.5770263671875,1623.369384765625,1080.0,1920.0,0.6145078539848328]],"frame_00174":[],"frame_00175":[],"frame_00176":[],"frame_00179":[],"frame_00180":[],"frame_00181":[[638.4124755859375,1680.3056640625,1069.04833984375,1920.0,0.6169547438621521]],"frame_00182":[[604.8907470703125,1656.662353515625,1071.21484375,1920.0,0.7313235998153687]],"frame_00183":[],"frame_00184":[[588.8648071289062,1562.44921875,1035.019287109375,1918.56005859375,0.7668547630310059]],"frame_00185":[],"frame_00189":[],"frame_00190":[],"frame_00191":[],"frame_00192":[],"frame_00193":[],"frame_00194":[],"frame_00195":[],"frame_00196":[],"frame_00197":[],"frame_00198":[],"frame_00199":[],"frame_00200":[],"frame_00216":[],"frame_00323":[],"frame_00324":[[207.82237243652344,441.2620849609375,249.00375366210938,472.07025146484375,0.7458105087280273]],"frame_00325":[],"frame_00326":[],"frame_00327":[],"frame_00328":[],