{"__manifest__":{"rgb_sha256_short":"6fd55349ad9d","weights_path":"C:\\Users\\User\\Desktop\\UNISA projects\\Drone detection\\es proj 3 thesis workspace\\ES_Drone_Detection\\RGB model\\Yolo26n_selcom_mixed_ft2_1280\\weights\\best.pt","imgsz":1280},"dets":{"frame_00001":[],"frame_00002":[],"frame_00003":[],"frame_00004":[],"frame_00005":[],"frame_00006":[],"frame_00007":[[848.584228515625,286.8190612792969,1013.2201538085938,395.75982666015625,0.3880200982093811]],"frame_00008":[],"frame_00009":[],"frame_00010":[],"frame_00011":[],"frame_00012":[],"frame_00013":[],"frame_00014":[],"frame_00015":[],"frame_00016":[],"frame_00017":[[741.9321899414062,276.39727783203125,776.816162109375,303.2129821777344,0.5557429790496826]],"frame_00018":[],"frame_00019":[],"frame_00020":[[1442.32373046875,362.6898498535156,1488.82080078125,383.84259033203125,0.4698834717273712]]}}