{"__manifest__": {"weights_path": "C:\\Users\\User\\Desktop\\UNISA projects\\Drone detection\\es proj 3 thesis workspace\\ES_Drone_Detection\\RGB model\\Yolo26n_selcom_confuser_ft4_1280\\weights\\best.pt", "imgsz": 1280, "conf": 0.25}, "dets": {"frame_00001": [], "frame_00002": [], "frame_00003": [], "frame_00004": [], "frame_00005": [], "frame_00006": [], "frame_00007": [], "frame_00008": [], "frame_00009": [[425.35614013671875, 1190.597412109375, 606.7890014648438, 1256.9466552734375, 0.3778146803379059]], "frame_00010": [], "frame_00011": [], "frame_00012": [], "frame_00013": [], "frame_00014": [], "frame_00015": [], "frame_00016": [], "frame_00017": [[720.2645874023438, 825.0401611328125, 753.0081787109375, 839.7022705078125, 0.5400514006614685]], "frame_00018": [], "frame_00019": [], "frame_00020": [], "frame_00021": []}}