{"__manifest__":{"rgb_sha256_short":"6fd55349ad9d","weights_path":"C:\\Users\\User\\Desktop\\UNISA projects\\Drone detection\\es proj 3 thesis workspace\\ES_Drone_Detection\\RGB model\\Yolo26n_selcom_mixed_ft2_1280\\weights\\best.pt","imgsz":960},"dets":{"frame_00001":[[934.4708862304688,559.6078491210938,980.7802124023438,604.7236328125,0.4582999050617218]],"frame_00002":[[891.17822265625,567.421875,942.353515625,615.684814453125,0.6243683695793152]],"frame_00003":[],"frame_00004":[[803.6777954101562,554.4305419921875,865.9634399414062,612.1297607421875,0.6409106850624084]],"frame_00005":[[773.4461059570312,547.0700073242188,840.952880859375,608.8900756835938,0.6810936331748962]],"frame_00006":[[745.9038696289062,537.43359375,823.9339599609375,604.6544189453125,0.6009591817855835]],"frame_00007":[],"frame_00008":[[717.8161010742188,520.0189208984375,823.6290893554688,603.5945434570312,0.45525985956192017]],"frame_00009":[[705.7247314453125,515.5104370117188,826.1941528320312,608.05322265625,0.6079147458076477]],"frame_00010":[[682.0994262695312,508.1412353515625,814.1315307617188,606.4772338867188,0.773646354675293]],"frame_00011":[[661.664306640625,501.4910888671875,805.67578125,604.8416748046875,0.7679187059402466]],"frame_00012":[[630.3800048828125,491.6268310546875,800.5855102539062,600.1091918945312,0.8236398696899414]],"frame_00013":[[593.0792236328125,478.4309387207031,783.1664428710938,588.8130493164062,0.41977617144584656]],"frame_00014":[],"frame_00015":[],"frame_00016":[[370.965087890625,376.3975830078125,651.36669921875,547.1307373046875,0.6448674201965332]],"frame_00017":[[267.495849609375,323.42364501953125,560.1820678710938,525.1609497070312,0.4585407078266144]],"frame_00018":[],"frame_00019":[],"frame_00020":[]}}