{"__manifest__":{"rgb_sha256_short":"ce084f1fea1e","weights_path":"C:\\Users\\User\\Desktop\\UNISA projects\\Drone detection\\es proj 3 thesis workspace\\ES_Drone_Detection\\runs\\corrective_finetune\\finetune_v3b\\weights\\best.pt","imgsz":640},"dets":{"frame_00001":[],"frame_00002":[],"frame_00003":[],"frame_00004":[],"frame_00005":[],"frame_00006":[[169.6266632080078,1577.11962890625,220.27069091796875,1597.551513671875,0.5827752351760864]],"frame_00007":[],"frame_00008":[],"frame_00028":[],"frame_00032":[],"frame_00033":[],"frame_00034":[],"frame_00035":[],"frame_00036":[],"frame_00037":[],"frame_00038":[],"frame_00039":[],"frame_00040":[],"frame_00041":[[717.878662109375,1551.37158203125,753.632568359375,1573.2725830078125,0.4913473427295685]],"frame_00042":[],"frame_00043":[[716.431640625,1555.0478515625,752.4896850585938,1576.0389404296875,0.5359692573547363]],"frame_00044":[[149.1851806640625,1612.31298828125,201.02346801757812,1631.013427734375,0.4765358865261078]],"frame_00045":[],"frame_00046":[],"frame_00047":[],"frame_00048":[],"frame_00049":[],"frame_00050":[],"frame_00051":[],"frame_00052":[],"frame_00053":[],"frame_00054":[],"frame_00055":[],"frame_00056":[],"frame_00057":[],"frame_00058":[],"frame_00059":[],"frame_00060":[],"frame_00061":[],"frame_00062":[],"frame_00063":[],"frame_00064":[],"frame_00065":[],"frame_00066":[],"frame_00067":[],"frame_00068":[],"frame_00069":[],"frame_00070":[],"frame_00071":[],"frame_00072":[],"frame_00073":[],"frame_00074":[],"frame_00075":[],"frame_00076":[],"frame_00077":[],"frame_00078":[],"frame_00079":[],"frame_00080":[],"frame_00081":[],"frame_00082":[],"frame_00083":[],"frame_00084":[],"frame_00085":[],"frame_00086":[],"frame_00087":[],"frame_00088":[],"frame_00089":[],"frame_00090":[],"frame_00091":[],"frame_00092":[],"frame_00093":[],"frame_00094":[],"frame_00095":[],"frame_00096":[],"frame_00097":[],"frame_00098":[],"frame_00099":[],"frame_00100":[],"frame_00101":[[410.255126953125,458.7568359375,743.0701904296875,633.8964233398438,0.482280969619751]],"frame_00102":[],"frame_00103":[[397.4107666015625,394.3818054199219,723.2850952148438,590.2904052734375,0.6598290801048279]],"frame_00104":[[392.91448974609375,373.2397155761719,713.3198852539062,568.1287841796875,0.8225693106651306]],"frame_00105":[[387.50323486328125,346.54754638671875,705.9033203125,543.0894775390625,0.8182036280632019]],"frame_00106":[[383.9839782714844,320.7913513183594,705.4996337890625,525.940673828125,0.8459644317626953]],"frame_00107":[[258.13775634765625,273.90374755859375,715.3956909179688,520.15234375,0.6281663179397583]],"frame_00108":[[359.7498779296875,285.3035888671875,681.047607421875,497.4697265625,0.8346662521362305]],"frame_00109":[[352.27618408203125,275.6802062988281,677.9481201171875,494.0939025878906,0.7742515206336975]],"frame_00110":[[361.49798583984375,283.6268615722656,669.2041015625,489.82684326171875,0.8903496265411377]],"frame_00111":[],"frame_00112":[[349.782958984375,280.73394775390625,658.3900146484375,494.39556884765625,0.8225964307785034]],"frame_00113":[[237.65638732910156,276.3504638671875,699.5657958984375,500.44232177734375,0.6485414505004883]],"frame_00114":[[228.6986083984375,272.4549560546875,746.394775390625,511.32891845703125,0.6736305356025696]],"frame_00115":[[323.7757873535156,308.4241943359375,638.15234375,506.73834228515625,0.742771565914154]],"frame_00116":[[328.833251953125,326.7952575683594,630.1500244140625,513.1783447265625,0.8659458756446838]],"frame_00117":[],"frame_00118":[],"frame_00119":[[228.3504180908203,300.4421691894531,761.4927978515625,573.8564453125,0.5231565833091736]],"frame_00120":[[223.61842346191406,305.7458190917969,751.2247924804688,602.1321411132812,0.40510833263397217]],"frame_00121":[],"frame_00122":[],"frame_00123":[],"frame_00124":[],"frame_00125":[],"frame_00126":[[212.00314331054688,296.9832763671875,747.4259033203125,620.20263671875,0.44825851917266846]],"frame_00127":[[218.5313720703125,294.1444396972656,738.7109375,622.1558837890625,0.5896694660186768]],"frame_00128":[[216.60873413085938,304.71099853515625,735.9715576171875,609.7520141601562,0.6093565225601196]],"frame_00129":[[219.2134552001953,294.299560546875,735.2349853515625,605.1775512695312,0.6427990198135376]],"frame_00130":[[213.45687866210938,294.81256103515625,734.1239013671875,615.2071533203125,0.5585222840309143]],"frame_00131":[],"frame_00132":[],"frame_00133":[],"frame_00134":[[222.39610290527344,303.31005859375,737.7191162109375,571.68994140625,0.4924517273902893]],"frame_00135":[[221.11619567871094,303.2569580078125,740.4075927734375,601.6694946289062,0.616832971572876]],"frame_00136":[],"frame_00137":[[214.45309448242188,301.5882873535156,745.8375244140625,579.25439453125,0.48266974091529846]],"frame_00138":[],"frame_00139":[[210.71322631835938,298.71014404296875,748.522216796875,562.6134643554688,0.5732186436653137]],"frame_00140":[[210.70816040039062,294.4250793457031,737.08447265625,536.8084716796875,0.7271872162818909]],"frame_00141":[[221.8350830078125,292.4803161621094,728.923095703125,526.2633056640625,0.7638691067695618]],"frame_00142":[[230.7293243408203,290.2073974609375,642.640625,504.0431213378906,0.5174422860145569]],"frame_00143":[[223.76119995117188,252.13040161132812,708.998046875,494.96478271484375,0.7392914295196533]],"frame_00144":[[316.70660400390625,272.813720703125,599.9229125976562,470.0651550292969,0.8735556602478027]],"frame_00145":[[316.3421936035156,238.28530883789062,605.290771484375,446.5813293457031,0.8464095592498779]],"frame_00146":[[325.8055419921875,220.0170135498047,611.8475341796875,429.29150390625,0.870157778263092]],"frame_00147":[[293.6964111328125,164.48980712890625,632.8782958984375,408.7838134765625,0.7150615453720093]],"frame_00148":[[327.7848815917969,143.11813354492188,621.3801879882812,382.86541748046875,0.901100754737854]],"frame_00149":[[336.4715881347656,126.04167938232422,629.306884765625,352.84503173828125,0.9090837836265564]],"frame_00150":[[340.18133544921875,105.8063735961914,633.6469116210938,342.3270568847656,0.8845461010932922],[350.0871276855469,693.6609497070312,386.8077392578125,709.8790283203125,0.44242462515830994]],"frame_00151":[[343.12249755859375,84.01018524169922,638.1302490234375,331.2842102050781,0.9212656021118164]],"frame_00152":[[347.6368408203125,66.6859130859375,643.5430908203125,325.5400390625,0.9181944727897644]],"frame_00153":[[352.33990478515625,62.032470703125,651.563232421875,322.580322265625,0.9269225001335144]],"frame_00154":[[358.06475830078125,60.550140380859375,656.954833984375,322.39404296875,0.9365576505661011]],"frame_00155":[[363.79046630859375,64.35633087158203,660.259033203125,325.33526611328125,0.9421413540840149]],"frame_00156":[[365.3414306640625,67.51409912109375,668.6288452148438,331.6486511230469,0.9220411777496338]],"frame_00157":[[369.67010498046875,82.8094253540039,671.7171630859375,337.0577697753906,0.9250357151031494]],"frame_00158":[[371.2744445800781,86.6576156616211,677.4376831054688,345.0625305175781,0.9322847723960876]],"frame_00159":[[374.4418029785156,102.14665222167969,678.4534301757812,360.5111083984375,0.9125288128852844]],"frame_00160":[[380.837646484375,115.58966064453125,678.028564453125,369.0838928222656,0.9462776184082031]],"frame_00161":[[388.2195739746094,134.06520080566406,679.0523681640625,383.85357666015625,0.949449360370636]],"frame_00162":[[393.25030517578125,151.99227905273438,678.2821044921875,397.3590087890625,0.933340311050415]],"frame_00163":[[396.6475830078125,166.7978515625,676.0527954101562,412.423095703125,0.9408519864082336]],"frame_00164":[[399.92047119140625,192.84910583496094,671.8155517578125,431.47540283203125,0.937564492225647]],"frame_00165":[[405.31036376953125,217.35960388183594,666.891845703125,449.8493957519531,0.9063985347747803]],"frame_00166":[[408.2955322265625,249.59239196777344,659.1116943359375,470.3436584472656,0.9179053902626038]],