{"__manifest__":{"rgb_sha256_short":"80b41e568b15","weights_path":"C:\\Users\\User\\Desktop\\UNISA projects\\Drone detection\\es proj 3 thesis workspace\\ES_Drone_Detection\\RGB model\\Yolo26n_trained\\weights\\best.pt","imgsz":1280},"dets":{"frame_00001":[[850.174072265625,527.7964477539062,923.345703125,585.274169921875,0.851412832736969]],"frame_00002":[[874.7825927734375,535.6881103515625,942.2792358398438,592.778076171875,0.8201614618301392]],"frame_00003":[[926.6266479492188,521.3548583984375,993.9892578125,577.4775390625,0.8289132714271545]],"frame_00004":[[928.9909057617188,506.0798034667969,992.25732421875,564.3909912109375,0.8125932216644287]],"frame_00005":[[920.756591796875,513.0562744140625,981.6357421875,565.8455200195312,0.797386646270752]],"frame_00006":[[922.2669677734375,534.0964965820312,979.9388427734375,581.135986328125,0.7800889015197754]],"frame_00007":[[919.8444213867188,537.017333984375,974.0291748046875,581.369873046875,0.8102660775184631]],"frame_00008":[[934.734130859375,524.495849609375,987.4484252929688,565.3318481445312,0.7793207168579102]],"frame_00009":[[930.948974609375,526.8919677734375,982.46044921875,565.9674072265625,0.7742637991905212]],"frame_00010":[[930.7164916992188,530.1552124023438,976.84521484375,566.0792236328125,0.8152258396148682]],"frame_00011":[[930.02734375,536.320556640625,975.3678588867188,570.9241943359375,0.7978482842445374]],"frame_00012":[[937.5719604492188,522.5523681640625,982.5477294921875,554.3496704101562,0.8165782690048218]],"frame_00013":[[925.4959716796875,512.81201171875,968.2055053710938,543.5639038085938,0.8320674896240234]],"frame_00014":[[919.3599243164062,523.2733154296875,958.77978515625,550.2401123046875,0.8167844414710999]],"frame_00015":[[929.5147705078125,531.5145263671875,969.921630859375,556.724853515625,0.8164626955986023]],"frame_00016":[[942.9508056640625,531.107421875,981.918212890625,554.6585693359375,0.804904043674469]],"frame_00017":[[941.037109375,534.7351684570312,978.3594360351562,557.7938232421875,0.7861646413803101]],"frame_00018":[[934.4100341796875,545.2099609375,971.216552734375,566.4168701171875,0.8108673691749573]],"frame_00019":[[945.1994018554688,538.9612426757812,975.7776489257812,558.3519287109375,0.5137432813644409]],"frame_00020":[],"frame_00021":[],"frame_00022":[[960.34716796875,580.02978515625,994.3365478515625,594.3109130859375,0.3587580621242523]],"frame_00023":[[959.7859497070312,568.350341796875,993.0177001953125,580.779052734375,0.5495228171348572]],"frame_00024":[[938.764892578125,524.318115234375,972.8377685546875,536.7362670898438,0.6874656081199646]],"frame_00025":[[930.873291015625,516.0750732421875,961.1929931640625,528.08251953125,0.7370638847351074]],"frame_00026":[[937.2786254882812,513.2921142578125,966.7802124023438,524.018798828125,0.6648420095443726]],"frame_00027":[[917.19677734375,524.31689453125,948.4227905273438,537.6328125,0.48986563086509705]],"frame_00028":[],"frame_00029":[],"frame_00030":[[926.6878662109375,532.083740234375,954.345947265625,543.400390625,0.6402264833450317]],"frame_00031":[[926.00927734375,530.3377685546875,953.2548828125,542.10302734375,0.4929327964782715]],"frame_00032":[[922.4635620117188,533.5003662109375,949.1748046875,544.8342895507812,0.7031048536300659]],"frame_00033":[[935.8709106445312,532.7373657226562,958.9873046875,544.7734375,0.6692867279052734]],"frame_00034":[[946.4942626953125,584.56005859375,966.13232421875,595.8001098632812,0.688640832901001]],"frame_00035":[[969.9381103515625,610.1651611328125,990.017578125,621.8297729492188,0.658052384853363]],"frame_00036":[[959.403564453125,598.0191650390625,980.5626220703125,608.9376220703125,0.7298153042793274]],"frame_00037":[[940.934326171875,604.840576171875,960.592529296875,616.1094970703125,0.675449013710022]],"frame_00038":[[957.190185546875,582.7395629882812,973.4329833984375,592.889892578125,0.6132107377052307]],"frame_00039":[],"frame_00040":[[1179.1552734375,559.184814453125,1329.6202392578125,660.997314453125,0.2617645263671875]],"frame_00041":[],"frame_00042":[],"frame_00043":[],"frame_00044":[],"frame_00045":[[926.2340698242188,530.5685424804688,940.4351806640625,540.671875,0.26824674010276794]],"frame_00046":[],"frame_00047":[],"frame_00048":[],"frame_00049":[],"frame_00050":[],"frame_00051":[[1253.8204345703125,457.2792663574219,1407.7666015625,562.4002685546875,0.44408172369003296]],"frame_00052":[[1271.310546875,452.98345947265625,1423.560546875,550.2369995117188,0.447731614112854]],"frame_00053":[[1299.6630859375,428.7792663574219,1454.605224609375,534.229736328125,0.5771058201789856]],"frame_00054":[[1275.5155029296875,435.01416015625,1429.698974609375,537.4953002929688,0.5583422780036926]],"frame_00055":[[1280.0732421875,412.9254455566406,1434.824951171875,513.645751953125,0.7073091268539429]]}}