{"__manifest__":{"rgb_sha256_short":"6fd55349ad9d","weights_path":"C:\\Users\\User\\Desktop\\UNISA projects\\Drone detection\\es proj 3 thesis workspace\\ES_Drone_Detection\\RGB model\\Yolo26n_selcom_mixed_ft2_1280\\weights\\best.pt","imgsz":960},"dets":{"frame_00001":[[505.5418395996094,833.6552734375,559.8754272460938,888.7754516601562,0.7686688899993896]],"frame_00002":[],"frame_00003":[],"frame_00004":[],"frame_00005":[],"frame_00006":[],"frame_00007":[[438.80902099609375,877.9473876953125,501.96417236328125,906.0101318359375,0.31929150223731995]],"frame_00010":[[416.8824157714844,899.190673828125,486.7633056640625,929.0195922851562,0.8236809968948364]],"frame_00011":[[407.0398864746094,904.7098999023438,481.50665283203125,954.52294921875,0.8061116933822632]],"frame_00012":[[399.44378662109375,907.22998046875,473.32769775390625,941.5440063476562,0.7462963461875916]],"frame_00013":[[401.40570068359375,907.206298828125,474.6378173828125,940.0,0.7947776913642883]],"frame_00014":[[402.2276611328125,902.9146728515625,476.41546630859375,936.8611450195312,0.7850064635276794]],"frame_00015":[[408.3521728515625,902.1661376953125,483.65924072265625,936.0912475585938,0.7973015308380127]],"frame_00016":[[412.7376708984375,901.1134643554688,488.85693359375,934.9783325195312,0.8137442469596863]],"frame_00017":[[418.4100036621094,897.0906372070312,496.9473876953125,932.4613647460938,0.8351655006408691]],"frame_00018":[[421.6663818359375,893.9703979492188,504.5725402832031,929.5655517578125,0.8558260202407837]],"frame_00019":[[431.09954833984375,890.8240356445312,509.35894775390625,925.8268432617188,0.8464343547821045]],"frame_00020":[[444.2354736328125,884.4141845703125,524.9754638671875,920.8849487304688,0.8188538551330566],[646.8551025390625,946.7166137695312,672.3966064453125,970.564697265625,0.3367611765861511]],"frame_00021":[[466.52911376953125,873.1467895507812,551.423095703125,914.9843139648438,0.8442674279212952],[668.0416259765625,915.1403198242188,710.4124755859375,955.13671875,0.6698756217956543]],"frame_00022":[[481.5971984863281,867.2325439453125,568.544677734375,907.8565673828125,0.8329082727432251],[690.2283325195312,914.373291015625,727.689453125,945.7127075195312,0.8114053010940552]],"frame_00023":[[491.1765441894531,860.1044311523438,579.5188598632812,904.3054809570312,0.8257398009300232]],"frame_00024":[[501.53021240234375,854.2330322265625,580.8674926757812,901.2825927734375,0.8587281703948975],[688.5267944335938,894.0630493164062,720.1536865234375,919.7828369140625,0.7362274527549744]],"frame_00025":[[492.407470703125,851.0090942382812,583.6602783203125,898.0790405273438,0.8011845946311951],[669.28515625,880.5972290039062,710.3584594726562,905.4297485351562,0.25784099102020264]],"frame_00026":[[492.2790222167969,847.4345703125,583.6395263671875,896.19921875,0.7970165610313416]],"frame_00027":[[490.8314514160156,843.8525390625,584.240966796875,894.5830078125,0.812782883644104]],"frame_00028":[[492.3091735839844,839.9229736328125,620.1198120117188,898.47607421875,0.6686277389526367]],"frame_00030":[[497.0845031738281,839.0184326171875,583.859619140625,892.6113891601562,0.8301805853843689]],"frame_00031":[[480.943115234375,837.13134765625,574.3565673828125,893.9279174804688,0.8357051014900208],[615.9033203125,795.196533203125,676.69873046875,852.5518798828125,0.25087109208106995]],"frame_00032":[[472.8661804199219,836.4677124023438,561.6181030273438,897.4505004882812,0.8305581212043762]],"frame_00033":[[456.7494201660156,838.1107177734375,551.185791015625,895.487548828125,0.8036705851554871]],"frame_00034":[[453.7918395996094,833.402587890625,545.8930053710938,896.6398315429688,0.8025498986244202],[670.1201171875,804.3609619140625,726.7759399414062,841.1958618164062,0.3775652050971985]],"frame_00035":[[444.6597900390625,835.9239501953125,540.520751953125,895.98193359375,0.8230763077735901],[680.7713012695312,807.2393798828125,736.7971801757812,832.744384765625,0.3811253309249878]],"frame_00036":[[433.5157165527344,830.308349609375,531.6912841796875,899.1947021484375,0.8147457242012024]],"frame_00037":[[427.3343811035156,837.5918579101562,524.4874267578125,899.3936157226562,0.7976447343826294]],"frame_00038":[[423.8864440917969,837.4681396484375,515.0487060546875,904.0418701171875,0.8248153328895569],[643.2758178710938,787.519287109375,706.4853515625,853.8200073242188,0.5646347403526306]],"frame_00039":[[408.1783752441406,837.128662109375,500.2616882324219,906.2891845703125,0.8531940579414368]],"frame_00040":[[405.3459777832031,845.0206909179688,490.2010498046875,909.8549194335938,0.8508591055870056]],"frame_00041":[[396.835205078125,850.3150634765625,484.54498291015625,918.3375854492188,0.7911373376846313]],"frame_00042":[[392.9925231933594,862.4957885742188,487.0072021484375,931.8934936523438,0.8065895438194275],[528.5900268554688,828.221435546875,590.3682250976562,886.0676879882812,0.5806248188018799]],"frame_00043":[[410.0103759765625,876.8287353515625,496.265380859375,946.1027221679688,0.7999052405357361]],"frame_00044":[[419.1700134277344,889.0045776367188,503.3185729980469,954.904052734375,0.6065901517868042],[428.9283447265625,857.836181640625,567.6846923828125,955.4854125976562,0.275081992149353]],"frame_00045":[[413.4595642089844,901.4862670898438,496.5658264160156,969.6130981445312,0.8148519396781921]],"frame_00046":[[391.9062194824219,918.9869995117188,484.8297424316406,980.681640625,0.796814501285553],[538.2777709960938,822.794189453125,596.0147094726562,908.556640625,0.3136134445667267]],"frame_00047":[[371.8720397949219,932.5778198242188,460.627197265625,990.0109252929688,0.7924126386642456],[573.596435546875,835.5985717773438,629.502197265625,870.0263671875,0.7784812450408936]],"frame_00048":[[339.8524475097656,946.4427490234375,435.7364196777344,1009.314208984375,0.4939334988594055],[603.7882690429688,845.5784301757812,661.0843505859375,870.73779296875,0.3537527620792389]],"frame_00049":[[627.1337890625,860.8659057617188,689.00439453125,903.4428100585938,0.8258481621742249],[315.9782409667969,961.5411987304688,409.6546936035156,1022.9496459960938,0.8189868330955505]],"frame_00050":[[288.8871765136719,977.1022338867188,381.2845153808594,1036.85546875,0.8550347089767456],[663.2867431640625,878.5240478515625,720.5318603515625,926.14453125,0.8115957975387573]],"frame_00051":[[682.3423461914062,914.0274047851562,745.4031372070312,940.4413452148438,0.817539632320404],[257.06732177734375,995.9226684570312,356.1807556152344,1052.387939453125,0.36593860387802124]],"frame_00052":[[233.8488006591797,1010.0611572265625,334.0899353027344,1065.8778076171875,0.8041948676109314],[713.5562744140625,921.246826171875,765.53662109375,946.1200561523438,0.6205008029937744]],"frame_00053":[[214.9630584716797,1021.1751098632812,306.7237854003906,1075.9774169921875,0.8146950602531433],[718.8431396484375,895.7611083984375,781.3633422851562,940.9539794921875,0.47219428420066833]],"frame_00054":[[193.53665161132812,1030.0252685546875,289.1722412109375,1084.4136962890625,0.7628238797187805],[726.6804809570312,906.379638671875,777.301513671875,939.2354125976562,0.4664977490901947]],"frame_00055":[[178.29043579101562,1037.470947265625,273.8924560546875,1091.728271484375,0.824981153011322],[713.4573974609375,913.755615234375,769.7587890625,937.6434936523438,0.5697645545005798]],"frame_00056":[[162.97410583496094,1045.3897705078125,262.556396484375,1098.771240234375,0.8333182334899902],[692.802978515625,921.3220825195312,747.19677734375,949.21337890625,0.6023977398872375]],"frame_00057":[[157.69564819335938,1050.998291015625,250.58494567871094,1103.2391357421875,0.7870468497276306],[667.2939453125,919.8993530273438,717.2725830078125,974.011474609375,0.7294168472290039]],"frame_00058":[[160.53524780273438,1058.6300048828125,250.23233032226562,1108.858154296875,0.8049932718276978],[631.4061279296875,934.577880859375,683.6888427734375,977.92138671875,0.7767019867897034]],