{"__manifest__":{"rgb_sha256_short":"6fd55349ad9d","weights_path":"C:\\Users\\User\\Desktop\\UNISA projects\\Drone detection\\es proj 3 thesis workspace\\ES_Drone_Detection\\RGB model\\Yolo26n_selcom_mixed_ft2_1280\\weights\\best.pt","imgsz":960},"dets":{"frame_00001":[[845.0518188476562,521.8583984375,928.2420654296875,588.7821655273438,0.7253954410552979]],"frame_00002":[[865.75927734375,529.8875732421875,949.9496459960938,595.9053955078125,0.771044909954071]],"frame_00003":[[923.5949096679688,518.569580078125,998.3930053710938,579.5714111328125,0.7213478684425354]],"frame_00004":[[927.9547729492188,505.0909118652344,997.0347900390625,563.7957763671875,0.7189321517944336]],"frame_00005":[[914.9412841796875,508.92950439453125,986.5498657226562,566.9395751953125,0.756110668182373]],"frame_00006":[[916.4298706054688,530.7874145507812,984.9091186523438,583.0791625976562,0.7594923973083496]],"frame_00007":[[914.779541015625,534.0184936523438,979.0275268554688,582.7821044921875,0.7187343835830688]],"frame_00008":[[930.80078125,521.2601928710938,990.0736083984375,566.7350463867188,0.7551090121269226]],"frame_00009":[[926.6265869140625,523.2391967773438,985.7205810546875,567.3773803710938,0.7698472142219543]],"frame_00010":[[923.8566284179688,524.927490234375,982.3072509765625,567.5830688476562,0.7816234230995178]],"frame_00011":[[923.8699951171875,533.2981567382812,979.55712890625,572.469482421875,0.7359658479690552]],"frame_00012":[[931.5262451171875,518.5040893554688,986.6231689453125,555.9754638671875,0.6740540266036987]],"frame_00013":[[920.8487548828125,510.28045654296875,972.438720703125,546.2174072265625,0.6602088809013367]],"frame_00014":[[914.6235961914062,519.8804931640625,963.6497192382812,552.812255859375,0.7260448932647705]],"frame_00015":[[924.2415161132812,528.3124389648438,974.3880615234375,558.6211547851562,0.39356300234794617]],"frame_00016":[[939.175537109375,527.283935546875,985.4273071289062,556.4976196289062,0.32303622364997864]],"frame_00017":[[937.01953125,531.4431762695312,980.6823120117188,559.5386962890625,0.5914130210876465]],"frame_00018":[[930.8087158203125,542.3174438476562,973.8611450195312,569.1356201171875,0.6476606726646423]],"frame_00019":[],"frame_00020":[],"frame_00021":[[939.1973266601562,546.2095947265625,976.383056640625,568.685302734375,0.2850196659564972]],"frame_00022":[],"frame_00023":[],"frame_00024":[[938.2680053710938,523.5203247070312,970.735595703125,537.094970703125,0.37752586603164673]],"frame_00025":[[932.0216674804688,515.1217651367188,960.5499877929688,528.1271362304688,0.3089993894100189]],"frame_00026":[],"frame_00027":[],"frame_00028":[],"frame_00029":[],"frame_00030":[],"frame_00031":[],"frame_00032":[],"frame_00033":[],"frame_00034":[],"frame_00035":[],"frame_00036":[],"frame_00037":[],"frame_00038":[],"frame_00039":[],"frame_00040":[],"frame_00041":[],"frame_00042":[],"frame_00043":[],"frame_00044":[],"frame_00045":[],"frame_00046":[],"frame_00047":[],"frame_00048":[],"frame_00049":[],"frame_00050":[[1231.577392578125,479.107177734375,1392.8253173828125,570.324951171875,0.6415976285934448]],"frame_00051":[[1251.9163818359375,457.2975158691406,1411.635986328125,553.7290649414062,0.37374347448349]],"frame_00052":[[1265.15478515625,450.4036560058594,1426.968994140625,542.8379516601562,0.5191746950149536]],"frame_00053":[],"frame_00054":[],"frame_00055":[]}}