{"__manifest__":{"rgb_sha256_short":"80b41e568b15","weights_path":"C:\\Users\\User\\Desktop\\UNISA projects\\Drone detection\\es proj 3 thesis workspace\\ES_Drone_Detection\\RGB model\\Yolo26n_trained\\weights\\best.pt","imgsz":1280},"dets":{"frame_00001":[[938.37353515625,560.558349609375,976.8983154296875,609.7674560546875,0.5203096866607666]],"frame_00002":[[889.3408203125,566.7978515625,941.99560546875,618.24609375,0.7055378556251526]],"frame_00003":[[844.9605712890625,564.66259765625,899.8595581054688,621.1732177734375,0.7802308797836304],[746.856689453125,452.9642028808594,768.4224243164062,462.2666015625,0.29369640350341797]],"frame_00004":[[806.7781982421875,556.6353759765625,864.1657104492188,619.7476196289062,0.6899107098579407],[731.3609619140625,460.33782958984375,751.3450927734375,469.22540283203125,0.5922166705131531]],"frame_00005":[[771.470458984375,548.3577880859375,840.9078369140625,612.2351684570312,0.5354584455490112]],"frame_00006":[[750.6253662109375,541.2469482421875,824.3633422851562,612.9503173828125,0.5511730313301086]],"frame_00007":[[732.974609375,514.3992919921875,819.60009765625,610.4840698242188,0.8356732726097107]],"frame_00008":[[716.9536743164062,522.917236328125,827.390380859375,609.85009765625,0.8721943497657776]],"frame_00009":[[704.8011474609375,518.8731079101562,819.2971801757812,607.2939453125,0.856934666633606],[855.4066162109375,572.5985717773438,876.88525390625,588.416015625,0.5268958806991577]],"frame_00010":[[685.0966186523438,510.88092041015625,816.9988403320312,606.3123779296875,0.8731213212013245]],"frame_00011":[[660.0330200195312,503.6719970703125,813.167236328125,604.563232421875,0.8724485635757446],[995.1004028320312,651.1441040039062,1017.0009155273438,663.76611328125,0.66641765832901]],"frame_00012":[[629.9807739257812,494.4903259277344,807.083251953125,597.9631958007812,0.879589319229126],[1091.161376953125,692.9077758789062,1112.1650390625,705.735595703125,0.684857964515686]],"frame_00013":[[587.84814453125,484.88897705078125,785.5283203125,587.2221069335938,0.7621079683303833],[1202.449951171875,734.064697265625,1221.891357421875,746.202392578125,0.6558119058609009]],"frame_00014":[[593.5780639648438,463.6158447265625,755.450439453125,579.9315185546875,0.5813729166984558],[1344.301513671875,784.14306640625,1365.0897216796875,797.173095703125,0.4679999053478241]],"frame_00015":[[459.4697570800781,423.66424560546875,706.8927612304688,564.5860595703125,0.8697851300239563],[1531.2364501953125,828.1021728515625,1553.4561767578125,841.976806640625,0.3901965022087097]],"frame_00016":[[372.8941650390625,375.3251037597656,643.4423828125,543.900390625,0.6062463521957397]],"frame_00017":[],"frame_00018":[],"frame_00019":[],"frame_00020":[]}}