{"__manifest__":{"rgb_sha256_short":"6fd55349ad9d","weights_path":"C:\\Users\\User\\Desktop\\UNISA projects\\Drone detection\\es proj 3 thesis workspace\\ES_Drone_Detection\\RGB model\\Yolo26n_selcom_mixed_ft2_1280\\weights\\best.pt","imgsz":1280},"dets":{"frame_00001":[[504.50579833984375,834.9058227539062,559.6666870117188,892.2837524414062,0.6589716076850891]],"frame_00002":[[495.54315185546875,871.6690673828125,553.05712890625,893.9345703125,0.6828159689903259]],"frame_00003":[[487.5379943847656,874.6243896484375,543.8988647460938,896.5230102539062,0.6807085871696472],[494.318603515625,828.2045288085938,531.4180908203125,860.530517578125,0.575560450553894]],"frame_00004":[[475.63629150390625,874.6865844726562,533.947021484375,897.712158203125,0.7236652970314026]],"frame_00005":[[457.0851745605469,822.210205078125,498.5008850097656,861.77587890625,0.3820836842060089],[462.18829345703125,874.4896240234375,523.3179321289062,900.1840209960938,0.3441706597805023],[461.614013671875,874.762451171875,521.8861083984375,900.7628173828125,0.2982521057128906]],"frame_00006":[[447.891845703125,877.7315673828125,511.91546630859375,902.474609375,0.7469414472579956],[447.30181884765625,832.6021728515625,483.76251220703125,859.5511474609375,0.4695713222026825]],"frame_00007":[[439.36676025390625,879.1314697265625,503.89459228515625,906.1474609375,0.6168341636657715]],"frame_00010":[[416.79095458984375,897.9658813476562,488.10089111328125,930.07177734375,0.8159329295158386]],"frame_00011":[[409.09893798828125,902.1362915039062,481.42120361328125,953.8922119140625,0.7840977907180786]],"frame_00012":[[401.2755126953125,906.0027465820312,474.0748291015625,939.2964477539062,0.8228920698165894]],"frame_00013":[[402.0579833984375,907.2108764648438,475.3960876464844,939.3203125,0.8214210271835327],[495.8883056640625,951.349609375,521.93212890625,976.0826416015625,0.32070502638816833]],"frame_00014":[[403.0672302246094,902.6568603515625,475.59063720703125,935.8562622070312,0.8287582993507385],[520.39208984375,967.1771240234375,545.161376953125,990.319091796875,0.30527204275131226]],"frame_00015":[[409.5780944824219,900.8270263671875,483.3163146972656,933.9937133789062,0.8315194845199585],[536.1036376953125,953.11669921875,571.4856567382812,983.6390991210938,0.5452688336372375]],"frame_00016":[[412.93768310546875,901.1612548828125,487.68548583984375,932.71728515625,0.8091839551925659]],"frame_00017":[[418.95086669921875,896.416748046875,496.57427978515625,931.5743408203125,0.8185315728187561]],"frame_00018":[[423.2630615234375,893.1895751953125,506.15106201171875,930.2703857421875,0.8301419615745544]],"frame_00019":[[429.4803466796875,888.491455078125,510.17156982421875,926.1488037109375,0.8368428349494934]],"frame_00020":[[444.81024169921875,883.135498046875,525.0791015625,920.5494384765625,0.835365355014801],[646.1119384765625,945.9825439453125,673.9658203125,970.8041381835938,0.596354603767395]],"frame_00021":[[465.9339294433594,872.4475708007812,550.0320434570312,914.6612548828125,0.8311217427253723],[667.114501953125,916.8693237304688,711.5880126953125,955.4366455078125,0.8109424114227295]],"frame_00022":[[482.0399169921875,867.580810546875,569.925537109375,909.1507568359375,0.8125973343849182],[689.3184204101562,914.5717163085938,728.2138671875,945.500244140625,0.8040950894355774]],"frame_00023":[[490.11041259765625,858.4598388671875,579.0689086914062,904.3833618164062,0.8031191229820251],[696.46337890625,909.8746337890625,732.0333862304688,931.0142211914062,0.6012500524520874]],"frame_00024":[[499.97900390625,853.987060546875,581.0413818359375,899.42431640625,0.8080315589904785],[688.546875,895.1697998046875,720.506103515625,918.125,0.750064492225647]],"frame_00025":[[494.14080810546875,849.05810546875,582.93310546875,898.3709716796875,0.8340519666671753],[670.3614501953125,880.097900390625,710.6077270507812,904.34765625,0.7933003902435303]],"frame_00026":[[493.4322509765625,846.4854736328125,584.172607421875,896.7515869140625,0.8247910141944885]],"frame_00027":[[491.32257080078125,843.6395874023438,583.41162109375,895.1387939453125,0.8426440954208374]],"frame_00028":[[490.29144287109375,840.59423828125,624.56298828125,899.2527465820312,0.7768293619155884]],"frame_00030":[[495.29644775390625,839.9972534179688,583.8590087890625,892.2119750976562,0.7992150187492371],[603.1432495117188,820.2261962890625,652.7997436523438,865.7281494140625,0.7112348675727844]],"frame_00031":[[615.8530883789062,794.6240844726562,676.557373046875,854.7203369140625,0.7159709930419922],[479.93389892578125,836.5427856445312,574.3876953125,896.8936767578125,0.6041411757469177]],"frame_00032":[[474.26971435546875,836.2606201171875,560.6664428710938,898.7498779296875,0.5525206923484802]],"frame_00033":[[455.29443359375,836.6303100585938,553.4185791015625,897.9691162109375,0.7900828719139099],[656.7362670898438,825.3986206054688,715.1908569335938,854.76611328125,0.7143301963806152]],"frame_00034":[[669.2023315429688,805.075439453125,725.6090087890625,841.3782348632812,0.3442636728286743],[449.8988342285156,831.8275146484375,548.2230834960938,898.1259155273438,0.3190523684024811]],"frame_00035":[[444.5025329589844,834.19873046875,541.9766235351562,898.1773681640625,0.5420339107513428],[680.4371337890625,806.37890625,738.1544189453125,832.5172119140625,0.4793644845485687]],"frame_00036":[[429.25390625,829.588134765625,534.2974853515625,899.548095703125,0.7717111110687256]],"frame_00037":[[661.7828979492188,800.90380859375,725.900146484375,823.3624267578125,0.6967149376869202],[424.1895446777344,834.3575439453125,526.6514282226562,900.0711669921875,0.6342105269432068],[426.21966552734375,834.938720703125,525.5411376953125,900.309814453125,0.29608118534088135]],"frame_00038":[[423.8719482421875,837.0611572265625,513.68701171875,903.0327758789062,0.6043837666511536],[419.37225341796875,835.8463134765625,514.006103515625,902.2703857421875,0.2979274392127991],[645.8274536132812,786.8340454101562,709.0372314453125,851.6698608398438,0.2719424068927765]],"frame_00039":[[404.38031005859375,835.44287109375,501.545166015625,906.0850830078125,0.6583133339881897],[610.935791015625,805.7677001953125,673.9857177734375,838.3870239257812,0.5055245161056519]],"frame_00040":[[577.6025390625,826.1978759765625,642.3269653320312,849.0196533203125,0.35887181758880615]],"frame_00041":[],"frame_00042":[[388.6348571777344,860.9133911132812,488.7997741699219,931.962890625,0.6057743430137634]],"frame_00043":[[405.5360412597656,875.7881469726562,498.767822265625,945.2857666015625,0.7055715918540955]],"frame_00044":[[414.227783203125,858.653076171875,570.625732421875,955.9566650390625,0.6485342979431152]],"frame_00045":[[520.659423828125,853.0581665039062,579.675048828125,913.7763061523438,0.30941078066825867],[413.443115234375,902.7430419921875,497.3228759765625,968.12744140625,0.2576673924922943]],"frame_00046":[[390.35162353515625,918.173583984375,483.14892578125,978.9219360351562,0.6854798197746277],[540.4385986328125,824.9853515625,596.46337890625,908.8289794921875,0.29951560497283936]],"frame_00047":[[572.010986328125,836.5057373046875,630.2706298828125,871.1458740234375,0.7946215271949768],[371.34405517578125,931.8563232421875,460.34368896484375,992.9190673828125,0.7232388257980347]],"frame_00048":[[604.312255859375,844.36376953125,662.807861328125,871.3194580078125,0.6967741847038269],[340.35308837890625,946.38134765625,434.02862548828125,1009.591064453125,0.4124482274055481]],"frame_00049":[[627.6643676757812,861.6135864257812,691.0018920898438,903.997802734375,0.8235008716583252],[315.86431884765625,960.2210693359375,409.8492736816406,1026.005615234375,0.4389801025390625],[317.08074951171875,960.94482421875,410.41607666015625,1023.3502807617188,0.30535444617271423]],"frame_00050":[[664.188720703125,881.388916015625,717.3865966796875,925.553955078125,0.8254802823066711],[287.53515625,976.8724365234375,382.17596435546875,1036.7215576171875,0.7360438704490662]],