{"__manifest__":{"rgb_sha256_short":"6fd55349ad9d","weights_path":"C:\\Users\\User\\Desktop\\UNISA projects\\Drone detection\\es proj 3 thesis workspace\\ES_Drone_Detection\\RGB model\\Yolo26n_selcom_mixed_ft2_1280\\weights\\best.pt","imgsz":960},"dets":{"frame_00001":[],"frame_00002":[],"frame_00003":[[515.143310546875,736.7453002929688,652.2360229492188,807.3246459960938,0.4425606429576874]],"frame_00004":[],"frame_00005":[],"frame_00006":[],"frame_00007":[],"frame_00008":[],"frame_00009":[[426.99896240234375,1185.8544921875,574.5614013671875,1254.6640625,0.5136147737503052]],"frame_00010":[],"frame_00011":[[616.9763793945312,1073.9462890625,694.94677734375,1130.0947265625,0.3499576449394226]],"frame_00012":[],"frame_00013":[],"frame_00014":[],"frame_00015":[],"frame_00016":[],"frame_00017":[],"frame_00018":[],"frame_00019":[],"frame_00020":[],"frame_00021":[]}}