{"__manifest__":{"rgb_sha256_short":"80b41e568b15","weights_path":"C:\\Users\\User\\Desktop\\UNISA projects\\Drone detection\\es proj 3 thesis workspace\\ES_Drone_Detection\\RGB model\\Yolo26n_trained\\weights\\best.pt","imgsz":1280},"dets":{"frame_00001":[],"frame_00002":[[500.74853515625,1034.9002685546875,550.021484375,1061.83056640625,0.7098148465156555],[450.5655517578125,965.5083618164062,498.87432861328125,994.82666015625,0.6992878913879395]],"frame_00003":[[524.674560546875,915.8836669921875,574.2924194335938,946.9083251953125,0.27409911155700684]],"frame_00004":[[569.8687744140625,880.009765625,610.7562255859375,918.8895263671875,0.7717348337173462],[507.67547607421875,906.2060546875,548.7689208984375,947.07421875,0.7125051021575928]],"frame_00005":[[535.2817993164062,893.264404296875,576.6466064453125,932.0794677734375,0.7704816460609436],[607.40869140625,837.949951171875,650.6363525390625,880.406982421875,0.43393847346305847]],"frame_00006":[[566.319091796875,849.6553344726562,603.5106811523438,883.2222290039062,0.575554609298706],[647.544677734375,806.5279541015625,695.4682006835938,849.8838500976562,0.33181247115135193],[908.5779418945312,1801.204833984375,927.7413330078125,1821.98388671875,0.284860223531723]],"frame_00007":[[674.8843994140625,785.1765747070312,725.2976684570312,833.0806274414062,0.6895514726638794]],"frame_00008":[[698.6886596679688,773.1410522460938,743.223876953125,806.8577270507812,0.4471895098686218],[578.98681640625,807.1192626953125,624.3616943359375,832.9185791015625,0.4395662248134613]],"frame_00009":[[726.777099609375,759.1157836914062,774.363037109375,806.4656982421875,0.8147568106651306],[608.61181640625,783.6898193359375,647.2791748046875,821.4995727539062,0.7927335500717163]],"frame_00010":[[730.87158203125,812.6217041015625,772.258056640625,841.5050048828125,0.7308256030082703],[621.3697509765625,824.4581909179688,656.2100830078125,846.0726928710938,0.4359242916107178]],"frame_00011":[[675.7520141601562,893.61962890625,708.1995849609375,913.1036376953125,0.5088564157485962]],"frame_00012":[],"frame_00013":[[632.4452514648438,1374.3138427734375,686.223876953125,1425.0499267578125,0.8159849047660828],[230.064453125,1088.732421875,279.286865234375,1144.5555419921875,0.264326274394989]],"frame_00014":[[388.6343078613281,1274.29638671875,445.4999084472656,1317.563232421875,0.8182775378227234],[786.1975708007812,1674.867431640625,836.4700927734375,1747.290771484375,0.524165153503418]],"frame_00015":[[688.9494018554688,1378.4232177734375,735.363525390625,1428.752685546875,0.8207542896270752],[761.1390380859375,1727.594970703125,797.78955078125,1760.8876953125,0.7474752068519592]],"frame_00016":[[585.4368286132812,1702.046875,626.59619140625,1722.2041015625,0.7530997395515442],[808.4254760742188,1394.565185546875,844.321533203125,1423.4908447265625,0.7167795896530151]],"frame_00017":[],"frame_00018":[[942.8234252929688,1488.758544921875,969.4081420898438,1505.33447265625,0.5182563066482544],[604.6993408203125,1643.9542236328125,618.3978881835938,1656.0009765625,0.4904433488845825]],"frame_00019":[[606.3060302734375,1643.3221435546875,636.5661010742188,1657.1546630859375,0.4651584029197693],[951.5278930664062,1552.571533203125,993.1661376953125,1571.00537109375,0.39787912368774414]],"frame_00020":[[934.726806640625,1625.1507568359375,947.3812255859375,1634.6904296875,0.30565372109413147]]}}