{"__manifest__":{"rgb_sha256_short":"80b41e568b15","weights_path":"C:\\Users\\User\\Desktop\\UNISA projects\\Drone detection\\es proj 3 thesis workspace\\ES_Drone_Detection\\RGB model\\Yolo26n_trained\\weights\\best.pt","imgsz":1280},"dets":{"frame_00001":[],"frame_00002":[],"frame_00003":[],"frame_00004":[],"frame_00005":[],"frame_00006":[],"frame_00007":[],"frame_00008":[],"frame_00009":[],"frame_00010":[],"frame_00011":[[633.021728515625,1082.7528076171875,694.904296875,1130.9403076171875,0.39246654510498047]],"frame_00012":[[601.1190795898438,1152.578857421875,683.7764282226562,1210.883544921875,0.3895359933376312]],"frame_00013":[],"frame_00014":[[428.0424499511719,586.4099731445312,460.023681640625,600.1612548828125,0.38203269243240356]],"frame_00015":[[477.51068115234375,622.9964599609375,510.53265380859375,644.6351928710938,0.43260663747787476]],"frame_00016":[[813.6256713867188,1002.8819580078125,852.6791381835938,1049.021728515625,0.5966224074363708]],"frame_00017":[[720.9454345703125,825.5304565429688,752.6474609375,838.7972412109375,0.2595592439174652]],"frame_00018":[],"frame_00019":[],"frame_00020":[],"frame_00021":[]}}