{"__manifest__":{"rgb_sha256_short":"6fd55349ad9d","weights_path":"C:\\Users\\User\\Desktop\\UNISA projects\\Drone detection\\es proj 3 thesis workspace\\ES_Drone_Detection\\RGB model\\Yolo26n_selcom_mixed_ft2_1280\\weights\\best.pt","imgsz":1280},"dets":{"frame_00001":[],"frame_00002":[],"frame_00003":[],"frame_00004":[],"frame_00005":[],"frame_00006":[],"frame_00007":[],"frame_00008":[],"frame_00017":[],"frame_00018":[],"frame_00019":[],"frame_00020":[],"frame_00030":[],"frame_00039":[],"frame_00045":[],"frame_00046":[],"frame_00047":[],"frame_00049":[[390.9459228515625,268.6771545410156,585.3074951171875,500.15386962890625,0.4131893515586853]],"frame_00050":[],"frame_00053":[[53.38201904296875,828.6209106445312,763.6136474609375,1422.0029296875,0.2596640884876251]],"frame_00054":[],"frame_00055":[],"frame_00056":[],"frame_00057":[],"frame_00058":[],"frame_00059":[[312.7764892578125,588.6461181640625,731.9280395507812,1232.2701416015625,0.27497225999832153]],"frame_00060":[],"frame_00062":[[217.8332061767578,589.4559936523438,733.449951171875,1055.632080078125,0.36208435893058777]],"frame_00063":[[265.939697265625,608.68408203125,710.2157592773438,1003.3884887695312,0.4719368815422058]],"frame_00064":[[375.9159851074219,670.05078125,702.32080078125,970.77880859375,0.768539309501648]],"frame_00065":[[382.57891845703125,661.3536987304688,688.502685546875,945.1569213867188,0.8215909004211426]],"frame_00066":[[406.0443115234375,669.2206420898438,711.341796875,966.6326293945312,0.8074505925178528]],"frame_00067":[[408.82012939453125,660.9081420898438,653.8079833984375,964.9735107421875,0.5575380921363831]],"frame_00068":[[362.3504638671875,670.614990234375,624.7218017578125,867.9205322265625,0.8387463092803955]],"frame_00069":[],"frame_00070":[],"frame_00071":[[393.1978454589844,715.5244140625,739.2733154296875,1028.5711669921875,0.5573833584785461]],"frame_00072":[],"frame_00073":[],"frame_00074":[[400.9527587890625,797.569580078125,677.929931640625,1019.626220703125,0.4511077404022217]],"frame_00075":[[415.2091369628906,822.660400390625,676.5067749023438,1049.5113525390625,0.3856036365032196]],"frame_00076":[],"frame_00077":[[411.8771667480469,942.2517700195312,655.96923828125,1121.845947265625,0.7376558780670166]],"frame_00078":[],"frame_00079":[],"frame_00080":[],"frame_00081":[[430.037109375,1033.505859375,641.7675170898438,1201.931640625,0.5541710257530212]],"frame_00082":[],"frame_00083":[],"frame_00084":[],"frame_00085":[],"frame_00087":[],"frame_00088":[],"frame_00091":[],"frame_00093":[],"frame_00094":[],"frame_00095":[],"frame_00096":[],"frame_00097":[],"frame_00098":[],"frame_00099":[],"frame_00102":[],"frame_00103":[],"frame_00104":[],"frame_00105":[],"frame_00106":[],"frame_00107":[],"frame_00108":[]}}