{"__manifest__":{"rgb_sha256_short":"5e11ed739f7b","weights_path":"C:\\Users\\User\\Desktop\\UNISA projects\\Drone detection\\es proj 3 thesis workspace\\ES_Drone_Detection\\RGB model\\Yolo26n_retrained_v2\\weights\\best.pt","imgsz":1280},"dets":{"frame_00001":[],"frame_00002":[],"frame_00003":[],"frame_00004":[],"frame_00005":[[461.52142333984375,874.78173828125,523.1051025390625,899.258544921875,0.3279196321964264]],"frame_00006":[[446.388671875,877.2680053710938,513.02978515625,900.88720703125,0.41952764987945557]],"frame_00007":[],"frame_00010":[],"frame_00011":[[408.55462646484375,905.2957763671875,479.62139892578125,952.297119140625,0.27124547958374023]],"frame_00012":[],"frame_00013":[],"frame_00014":[],"frame_00015":[],"frame_00016":[],"frame_00017":[],"frame_00018":[[420.2257080078125,894.9937133789062,507.4130859375,927.155029296875,0.3309999704360962]],"frame_00019":[[428.5697937011719,891.840087890625,510.6832580566406,923.9796752929688,0.3791733980178833]],"frame_00020":[],"frame_00021":[],"frame_00022":[],"frame_00023":[],"frame_00024":[[497.1748352050781,854.808349609375,582.0160522460938,898.8733520507812,0.5600240230560303]],"frame_00025":[],"frame_00026":[],"frame_00027":[],"frame_00028":[],"frame_00030":[],"frame_00031":[[476.5758361816406,837.7183227539062,572.70068359375,896.824951171875,0.34329989552497864]],"frame_00032":[],"frame_00033":[],"frame_00034":[],"frame_00035":[],"frame_00036":[],"frame_00037":[],"frame_00038":[],"frame_00039":[],"frame_00040":[],"frame_00041":[[395.4810791015625,849.6058349609375,487.1023864746094,921.8563842773438,0.7055294513702393]],"frame_00042":[],"frame_00043":[],"frame_00044":[],"frame_00045":[],"frame_00046":[[391.239013671875,918.927490234375,478.71246337890625,985.6865234375,0.8246563673019409]],"frame_00047":[[368.9685363769531,931.4401245117188,461.5848083496094,997.586181640625,0.7025991082191467]],"frame_00048":[[340.1327819824219,945.6702880859375,431.07012939453125,1013.5,0.9036538600921631]],"frame_00049":[[315.62945556640625,961.2042846679688,407.8709716796875,1027.117919921875,0.8578580617904663],[628.1634521484375,862.8861083984375,691.87255859375,903.64697265625,0.8452659845352173]],"frame_00050":[[284.87066650390625,977.416748046875,383.55615234375,1039.671630859375,0.8818902373313904],[665.3091430664062,880.885986328125,718.6993408203125,924.4481201171875,0.40996673703193665]],"frame_00051":[[257.484619140625,996.4898681640625,357.61224365234375,1056.5010986328125,0.8010615706443787],[257.43701171875,997.4154052734375,354.9529113769531,1055.9906005859375,0.5306878089904785]],"frame_00052":[[232.46466064453125,1007.8779296875,333.135009765625,1066.651123046875,0.7642863392829895]],"frame_00053":[[213.76229858398438,1023.17529296875,304.30841064453125,1078.765625,0.6210920214653015]],"frame_00054":[[192.52171325683594,1032.33056640625,287.1181640625,1087.3466796875,0.3132789134979248]],"frame_00055":[],"frame_00056":[],"frame_00057":[[155.61227416992188,1052.4775390625,253.32554626464844,1106.254638671875,0.5345435738563538],[154.7422637939453,1052.2205810546875,254.5924530029297,1106.072998046875,0.30782437324523926]],"frame_00058":[[157.73876953125,1057.9564208984375,255.7996826171875,1110.739990234375,0.854491651058197]],"frame_00059":[[167.72213745117188,1065.3125,261.44024658203125,1116.75244140625,0.8225687742233276]],"frame_00060":[[183.2010955810547,1068.1163330078125,279.1629943847656,1117.38916015625,0.8303462862968445]],"frame_00061":[[205.128662109375,1074.764404296875,297.2664794921875,1116.798583984375,0.5056231021881104]],"frame_00062":[[224.0115966796875,1071.9844970703125,314.3445739746094,1115.8720703125,0.8232697248458862]],"frame_00063":[],"frame_00064":[],"frame_00065":[],"frame_00066":[],"frame_00068":[],"frame_00069":[],"frame_00070":[],"frame_00071":[[411.3965148925781,972.0115966796875,485.10870361328125,1000.5661010742188,0.7025517821311951]],"frame_00072":[[427.4795837402344,963.1067504882812,496.173583984375,992.41162109375,0.8467401266098022]],"frame_00073":[[438.6087646484375,961.535400390625,505.39776611328125,986.7057495117188,0.841347336769104]],"frame_00074":[[442.5350341796875,961.5785522460938,507.0625305175781,986.050048828125,0.8717458248138428]],"frame_00075":[[730.5496826171875,694.3839111328125,754.6920166015625,712.7396240234375,0.5950989723205566]],"frame_00076":[[750.2225341796875,695.5465698242188,776.1560668945312,719.9126586914062,0.7770755290985107]],"frame_00077":[[759.92529296875,701.12451171875,783.3378295898438,716.5118408203125,0.6644771695137024]],"frame_00078":[[777.1470947265625,719.4337158203125,799.110595703125,735.1669921875,0.7014188766479492]],"frame_00079":[[776.2278442382812,736.3872680664062,801.142333984375,758.5844116210938,0.793161153793335]],"frame_00080":[[763.2420654296875,753.1383056640625,793.9022827148438,787.069091796875,0.7772055268287659]],"frame_00081":[[741.4022827148438,792.6649169921875,775.2442626953125,812.330078125,0.7753410339355469]],"frame_00082":[],"frame_00083":[[463.0457763671875,1012.0742797851562,516.0606689453125,1034.892822265625,0.5526188611984253]],"frame_00084":[[466.52374267578125,1013.852783203125,514.2347412109375,1037.029296875,0.7197871208190918]],"frame_00085":[[460.3230285644531,1015.3250732421875,511.5596008300781,1039.740234375,0.7251516580581665]],"frame_00086":[[463.2447509765625,1014.9922485351562,508.56524658203125,1033.43603515625,0.6777825355529785]],"frame_00087":[[912.7352294921875,138.0652313232422,1022.0889892578125,190.80801391601562,0.3026328384876251],[920.5843505859375,137.0514678955078,1021.31787109375,188.4583282470703,0.2709876596927643]],"frame_00088":[[912.042724609375,138.3733673095703,1022.2493896484375,192.3892364501953,0.30355969071388245]],"frame_00089":[[911.307861328125,137.88787841796875,1023.218994140625,195.0150604248047,0.3071663975715637]],"frame_00090":[[910.758056640625,138.77224731445312,1026.3233642578125,207.64402770996094,0.2544531524181366]],"frame_00091":[],"frame_00092":[],"frame_00093":[],"frame_00094":[],"frame_00095":[[481.3783264160156,992.0864868164062,521.8140869140625,1009.383544921875,0.5229601263999939],[150.20828247070312,1646.68017578125,984.30908203125,1920.0,0.41886216402053833]],"frame_00096":[[15.762725830078125,1635.5458984375,807.5963134765625,1920.0,0.6665417551994324],[247.8153076171875,1636.673828125,1075.4381103515625,1920.0,0.3870479166507721]],"frame_00097":[[0.0,1628.8114013671875,821.8298950195312,1920.0,0.6509609222412109]],"frame_00100":[[121.62107849121094,1607.2119140625,1047.96484375,1920.0,0.7132895588874817]],"frame_00101":[[175.68695068359375,1594.2021484375,1080.0,1920.0,0.661763072013855]],"frame_00102":[],"frame_00106":[],"frame_00107":[[0.0,1450.432861328125,640.4921875,1920.0,0.3395055830478668]],"frame_00108":[],"frame_00109":[],"frame_00110":[[382.37530517578125,1312.894287109375,547.9359130859375,1457.07373046875,0.34511682391166687]],"frame_00111":[[398.63079833984375,1317.3687744140625,557.2105712890625,1445.955810546875,0.5652480125427246]],"frame_00112":[[420.8153076171875,1319.17138671875,571.9702758789062,1428.43017578125,0.7202416062355042]],"frame_00113":[[425.390869140625,1319.8585205078125,582.89306640625,1440.11962890625,0.6305333375930786]],"frame_00114":[[430.7005920410156,1315.325439453125,594.3278198242188,1435.7738037109375,0.294613778591156]],"frame_00115":[],"frame_00116":[],"frame_00117":[[33.29512023925781,1429.69677734375,769.322265625,1899.156005859375,0.2538489103317261]],"frame_00118":[],"frame_00119":[],"frame_00120":[],"frame_00121":[],"frame_00122":[],"frame_00123":[]}}