{"__manifest__":{"rgb_sha256_short":"ce084f1fea1e","weights_path":"C:\\Users\\User\\Desktop\\UNISA projects\\Drone detection\\es proj 3 thesis workspace\\ES_Drone_Detection\\runs\\corrective_finetune\\finetune_v3b\\weights\\best.pt","imgsz":640},"dets":{"frame_00001":[[595.8735961914062,647.9804077148438,695.895751953125,759.0087280273438,0.4295364022254944]],"frame_00002":[[533.8511352539062,574.074462890625,632.90771484375,681.0269165039062,0.5919892191886902]],"frame_00003":[],"frame_00004":[],"frame_00005":[],"frame_00006":[[339.6598205566406,679.199462890625,426.74249267578125,773.6708984375,0.6063828468322754]],"frame_00007":[],"frame_00008":[[236.23831176757812,591.7650146484375,314.84503173828125,678.0052490234375,0.7587985992431641]],"frame_00009":[],"frame_00010":[],"frame_00011":[],"frame_00012":[],"frame_00013":[],"frame_00014":[],"frame_00015":[],"frame_00016":[],"frame_00017":[],"frame_00018":[],"frame_00019":[],"frame_00020":[]}}