{"__manifest__":{"rgb_sha256_short":"ce084f1fea1e","weights_path":"C:\\Users\\User\\Desktop\\UNISA projects\\Drone detection\\es proj 3 thesis workspace\\ES_Drone_Detection\\runs\\corrective_finetune\\finetune_v3b\\weights\\best.pt","imgsz":640},"dets":{"frame_00001":[[265.02520751953125,1133.457763671875,299.4581604003906,1149.938720703125,0.592158317565918]],"frame_00002":[[508.9571228027344,1042.7916259765625,540.7744750976562,1058.0283203125,0.7342389822006226],[462.8201904296875,971.015625,493.1271057128906,991.5201416015625,0.7215309143066406]],"frame_00003":[[520.1513671875,945.0552978515625,558.5830078125,984.1799926757812,0.7417779564857483]],"frame_00004":[],"frame_00005":[],"frame_00006":[[568.4173583984375,850.4505615234375,602.503173828125,877.616943359375,0.5222909450531006]],"frame_00007":[],"frame_00008":[[705.1810302734375,775.3482055664062,743.6508178710938,805.090576171875,0.5631694793701172]],"frame_00009":[],"frame_00010":[],"frame_00011":[[678.9013671875,896.2294921875,706.5275268554688,912.5315551757812,0.6299498677253723]],"frame_00012":[],"frame_00013":[[229.4371337890625,1088.42333984375,273.8727111816406,1136.115234375,0.7987653613090515]],"frame_00014":[[393.3690185546875,1277.306640625,439.5191650390625,1314.381591796875,0.882315456867218]],"frame_00015":[],"frame_00016":[[593.623779296875,1704.704833984375,622.3948364257812,1719.520751953125,0.7768586277961731]],"frame_00017":[],"frame_00018":[],"frame_00019":[],"frame_00020":[[3.427877426147461,1861.10986328125,39.38803482055664,1877.294677734375,0.4364997148513794]]}}