{"__manifest__": {"weights_path": "C:\\Users\\User\\Desktop\\UNISA projects\\Drone detection\\es proj 3 thesis workspace\\ES_Drone_Detection\\RGB model\\Yolo26n_selcom_confuser_ft4_1280\\weights\\best.pt", "imgsz": 1280, "conf": 0.25}, "dets": {"frame_00001": [], "frame_00002": [[889.5697631835938, 565.4244995117188, 943.2138671875, 614.3290405273438, 0.4372725188732147]], "frame_00003": [[845.9630126953125, 562.4456176757812, 900.4396362304688, 621.1199340820312, 0.266532301902771]], "frame_00004": [[731.1033935546875, 459.7803955078125, 751.5337524414062, 469.8016662597656, 0.5788624882698059], [806.9215087890625, 556.4701538085938, 865.49072265625, 618.4476318359375, 0.351129949092865]], "frame_00005": [[771.6502685546875, 547.3819580078125, 841.208984375, 605.9598388671875, 0.7247540950775146]], "frame_00006": [], "frame_00007": [[735.1658935546875, 512.94873046875, 817.55419921875, 610.7994384765625, 0.6636122465133667]], "frame_00008": [[714.88134765625, 518.7213745117188, 826.0157470703125, 608.908935546875, 0.8226172924041748]], "frame_00009": [[703.29150390625, 515.7879638671875, 817.1240234375, 608.7687377929688, 0.7382041811943054]], "frame_00010": [[685.0194091796875, 507.00567626953125, 812.5090942382812, 606.3843994140625, 0.7856545448303223]], "frame_00011": [[660.1881103515625, 499.6175537109375, 809.355224609375, 604.1087646484375, 0.6268474459648132], [993.969970703125, 649.9307250976562, 1017.430419921875, 663.8327026367188, 0.5179474949836731]], "frame_00012": [[628.7616577148438, 489.34613037109375, 805.8233642578125, 600.089599609375, 0.6566393375396729], [1089.723876953125, 691.7695922851562, 1112.72119140625, 705.8116455078125, 0.4029630720615387]], "frame_00013": [[1201.536865234375, 733.6650390625, 1222.37451171875, 746.5087890625, 0.49012619256973267], [585.4879150390625, 477.12042236328125, 785.105712890625, 587.289794921875, 0.2752242684364319]], "frame_00014": [], "frame_00015": [[451.9618835449219, 417.8313903808594, 713.1737060546875, 565.1213989257812, 0.6883474588394165], [1531.005126953125, 827.9679565429688, 1552.9984130859375, 841.470947265625, 0.3993796706199646]], "frame_00016": [[370.62353515625, 374.47515869140625, 640.783447265625, 544.8643798828125, 0.33499225974082947]], "frame_00017": [], "frame_00018": [], "frame_00019": [], "frame_00020": []}}