{
  "tag": "fusion_lean19",
  "n_features": 19,
  "features": [
    "rgb_max_conf",
    "ir_max_conf",
    "rgb_best_log_bbox_area",
    "ir_best_log_bbox_area",
    "rgb_best_aspect_ratio",
    "ir_best_aspect_ratio",
    "rgb_best_pos_y",
    "ir_best_pos_y",
    "rgb_best_local_contrast",
    "ir_best_local_contrast",
    "rgb_img_mean",
    "ir_img_mean",
    "rgb_img_std",
    "rgb_best_pos_x",
    "ir_best_pos_x",
    "rgb_best_dist_to_center",
    "ir_best_dist_to_center",
    "rgb_best_target_bg_delta",
    "ir_best_target_bg_delta"
  ],
  "n_train": 47346,
  "n_test": 17846,
  "accuracy": 0.9700212932870111,
  "f1_macro": 0.9124722964808466,
  "f1_weighted": 0.9683649694846757,
  "per_dataset": {
    "antiuav": {
      "n": 14088,
      "acc": 0.9773566155593413,
      "f1_macro": 0.874170285294143
    },
    "svanstrom": {
      "n": 3354,
      "acc": 0.9841979725700656,
      "f1_macro": 0.7375634854442235
    },
    "video_airplanes_distant_airplane_over_head_flying_away": {
      "n": 55,
      "acc": 0.7272727272727273,
      "f1_macro": 0.42105263157894735
    },
    "video_drone_drone_and_bird_sky_and_trees_short": {
      "n": 114,
      "acc": 0.5964912280701754,
      "f1_macro": 0.43652647975077874
    },
    "video_drone_drone_seagull_attack": {
      "n": 235,
      "acc": 0.5659574468085107,
      "f1_macro": 0.4028703703703704
    }
  },
  "feature_importance": {
    "rgb_max_conf": 0.051409587264060974,
    "ir_max_conf": 0.2978198826313019,
    "rgb_best_log_bbox_area": 0.02454182133078575,
    "ir_best_log_bbox_area": 0.017454000189900398,
    "rgb_best_aspect_ratio": 0.025874212384223938,
    "ir_best_aspect_ratio": 0.3364916443824768,
    "rgb_best_pos_y": 0.026058519259095192,
    "ir_best_pos_y": 0.008787955157458782,
    "rgb_best_local_contrast": 0.00871133804321289,
    "ir_best_local_contrast": 0.009139887057244778,
    "rgb_img_mean": 0.012428867630660534,
    "ir_img_mean": 0.022982751950621605,
    "rgb_img_std": 0.020099936053156853,
    "rgb_best_pos_x": 0.03194015100598335,
    "ir_best_pos_x": 0.06530966609716415,
    "rgb_best_dist_to_center": 0.008735300973057747,
    "ir_best_dist_to_center": 0.006434189155697823,
    "rgb_best_target_bg_delta": 0.014500460587441921,
    "ir_best_target_bg_delta": 0.011279840022325516
  }
}