{
  "tag": "fusion_retrained_v2_32feat",
  "n_features": 32,
  "features": [
    "rgb_max_conf",
    "rgb_mean_conf",
    "ir_max_conf",
    "ir_mean_conf",
    "rgb_img_mean",
    "rgb_img_std",
    "rgb_img_dynamic_range",
    "rgb_img_entropy",
    "rgb_sky_ground_ratio",
    "rgb_edge_density",
    "rgb_blurriness",
    "ir_img_mean",
    "ir_img_std",
    "ir_img_dynamic_range",
    "ir_img_entropy",
    "ir_sky_ground_ratio",
    "ir_edge_density",
    "ir_blurriness",
    "rgb_best_log_bbox_area",
    "rgb_best_aspect_ratio",
    "rgb_best_pos_x",
    "rgb_best_pos_y",
    "rgb_best_dist_to_center",
    "rgb_best_local_contrast",
    "rgb_best_target_bg_delta",
    "ir_best_log_bbox_area",
    "ir_best_aspect_ratio",
    "ir_best_pos_x",
    "ir_best_pos_y",
    "ir_best_dist_to_center",
    "ir_best_local_contrast",
    "ir_best_target_bg_delta"
  ],
  "n_train": 96769,
  "n_test": 48191,
  "accuracy": 0.9793737419850179,
  "f1_macro": 0.9351528271351005,
  "f1_weighted": 0.9792117737822376,
  "per_dataset": {
    "antiuav": {
      "n": 28463,
      "acc": 0.9832414011172399,
      "f1_macro": 0.9239575108404119
    },
    "confuser_HELICOPTER": {
      "n": 13263,
      "acc": 0.9705194903113926,
      "f1_macro": 0.24625980485938398
    },
    "svanstrom": {
      "n": 6465,
      "acc": 0.9805104408352668,
      "f1_macro": 0.9827836611487467
    }
  },
  "feature_importance": {
    "rgb_max_conf": 0.2589535117149353,
    "rgb_mean_conf": 0.19430428743362427,
    "ir_max_conf": 0.13737903535366058,
    "ir_mean_conf": 0.015348752029240131,
    "rgb_img_mean": 0.004301466979086399,
    "rgb_img_std": 0.003290254157036543,
    "rgb_img_dynamic_range": 0.0027389817405492067,
    "rgb_img_entropy": 0.0029904067050665617,
    "rgb_sky_ground_ratio": 0.005751424934715033,
    "rgb_edge_density": 0.0038395049050450325,
    "rgb_blurriness": 0.0032504270784556866,
    "ir_img_mean": 0.01582995057106018,
    "ir_img_std": 0.022427909076213837,
    "ir_img_dynamic_range": 0.04160098358988762,
    "ir_img_entropy": 0.0031307190656661987,
    "ir_sky_ground_ratio": 0.0028112183790653944,
    "ir_edge_density": 0.003487472888082266,
    "ir_blurriness": 0.014915768057107925,
    "rgb_best_log_bbox_area": 0.010768512263894081,
    "rgb_best_aspect_ratio": 0.017395829781889915,
    "rgb_best_pos_x": 0.014580687507987022,
    "rgb_best_pos_y": 0.006826232187449932,
    "rgb_best_dist_to_center": 0.0056509836576879025,
    "rgb_best_local_contrast": 0.0026457125786691904,
    "rgb_best_target_bg_delta": 0.002961872611194849,
    "ir_best_log_bbox_area": 0.022232752293348312,
    "ir_best_aspect_ratio": 0.14568835496902466,
    "ir_best_pos_x": 0.016275860369205475,
    "ir_best_pos_y": 0.008356733247637749,
    "ir_best_dist_to_center": 0.0031682115513831377,
    "ir_best_local_contrast": 0.004313816782087088,
    "ir_best_target_bg_delta": 0.002782355761155486
  },
  "detection_only": false
}