{
  "tag": "lean19_v2_C",
  "n_features": 22,
  "features": [
    "rgb_max_conf",
    "ir_max_conf",
    "rgb_best_log_bbox_area",
    "ir_best_log_bbox_area",
    "rgb_best_aspect_ratio",
    "ir_best_aspect_ratio",
    "rgb_best_pos_y",
    "ir_best_pos_y",
    "rgb_best_local_contrast",
    "ir_best_local_contrast",
    "rgb_img_mean",
    "ir_img_mean",
    "rgb_img_std",
    "rgb_best_pos_x",
    "ir_best_pos_x",
    "rgb_best_dist_to_center",
    "ir_best_dist_to_center",
    "rgb_best_target_bg_delta",
    "ir_best_target_bg_delta",
    "xmodal_centroid_dist",
    "xmodal_scale_ratio",
    "xmodal_conf_ratio"
  ],
  "use_class_weights": false,
  "n_train": 47346,
  "n_test": 17846,
  "accuracy": 0.9710299226717471,
  "f1_macro": 0.9153925305680999,
  "per_dataset": {
    "antiuav": {
      "n": 14088,
      "acc": 0.9779244747302669,
      "f1_macro": 0.8788022416292764
    },
    "svanstrom": {
      "n": 3354,
      "acc": 0.9838998211091234,
      "f1_macro": 0.738952073572807
    },
    "video_airplanes_distant_airplane_over_head_flying_away": {
      "n": 55,
      "acc": 0.7818181818181819,
      "f1_macro": 0.4387755102040816
    },
    "video_drone_drone_and_bird_sky_and_trees_short": {
      "n": 114,
      "acc": 0.6140350877192983,
      "f1_macro": 0.44533475783475784
    },
    "video_drone_drone_seagull_attack": {
      "n": 235,
      "acc": 0.5914893617021276,
      "f1_macro": 0.4117156256524742
    }
  },
  "feature_importance": {
    "rgb_max_conf": 0.025582309812307358,
    "ir_max_conf": 0.17195847630500793,
    "rgb_best_log_bbox_area": 0.02055945061147213,
    "ir_best_log_bbox_area": 0.01412997953593731,
    "rgb_best_aspect_ratio": 0.00662622507661581,
    "ir_best_aspect_ratio": 0.15582168102264404,
    "rgb_best_pos_y": 0.024330247193574905,
    "ir_best_pos_y": 0.01056591048836708,
    "rgb_best_local_contrast": 0.007929135113954544,
    "ir_best_local_contrast": 0.007400167640298605,
    "rgb_img_mean": 0.00993429310619831,
    "ir_img_mean": 0.01875094324350357,
    "rgb_img_std": 0.014839276671409607,
    "rgb_best_pos_x": 0.005078131798654795,
    "ir_best_pos_x": 0.0530686229467392,
    "rgb_best_dist_to_center": 0.008612862788140774,
    "ir_best_dist_to_center": 0.005284157115966082,
    "rgb_best_target_bg_delta": 0.012386049143970013,
    "ir_best_target_bg_delta": 0.005818328820168972,
    "xmodal_centroid_dist": 0.22229419648647308,
    "xmodal_scale_ratio": 0.1841261386871338,
    "xmodal_conf_ratio": 0.014903339557349682
  }
}