{
  "internal_train_drone_scale": 7.792895317077637,
  "rgb_test": {
    "n_real_drones": 772,
    "kept": 600,
    "vetoed": 172,
    "veto_rate": 0.22279792746113988,
    "ood_ratio_kept_med": 1.264277986152507,
    "ood_ratio_vetoed_med": 3.3253991981587587
  },
  "svanstrom": {
    "n_real_drones": 392,
    "vetoed": 30,
    "ood_ratio_vetoed_med": 1.4278566833299822
  },
  "vetoed_median_log_area": 5.707955837249756,
  "frac_train_drones_below_vetoed_median": 0.24175028447294922,
  "frac_train_confusers_below_vetoed_median": 0.4378171655512245,
  "persize_veto_rate_640": {
    "<16px": 0.7446808510638299,
    "16-32px": 0.5098039215686274,
    "32-64px": 0.1415929203539823,
    ">=64px": 0.009852216748768461
  },
  "figure": "C:\\Users\\User\\Desktop\\UNISA projects\\Drone detection\\es proj 3 thesis workspace\\ES_Drone_Thesis\\docs\\analysis\\images\\2026-06-17_rgbtest_veto_mechanism.png"
}