{
  "sa32_lite": {
    "tag": "sa32_lite",
    "n_features": 22,
    "features": [
      "rgb_max_conf",
      "rgb_mean_conf",
      "ir_max_conf",
      "ir_mean_conf",
      "rgb_img_mean",
      "rgb_img_std",
      "ir_img_mean",
      "ir_img_std",
      "rgb_best_log_bbox_area",
      "rgb_best_aspect_ratio",
      "rgb_best_pos_x",
      "rgb_best_pos_y",
      "rgb_best_dist_to_center",
      "rgb_best_local_contrast",
      "rgb_best_target_bg_delta",
      "ir_best_log_bbox_area",
      "ir_best_aspect_ratio",
      "ir_best_pos_x",
      "ir_best_pos_y",
      "ir_best_dist_to_center",
      "ir_best_local_contrast",
      "ir_best_target_bg_delta"
    ],
    "accuracy": 0.9880588725354068,
    "f1_macro": 0.4450382956378194,
    "f1_weighted": 0.9848680970121436,
    "per_class_auc": {
      "reject_both": 0.9916575320752966,
      "trust_rgb": 0.9935574211584072,
      "trust_ir": 0.9940558857841231,
      "trust_both": 0.9942409313166316
    },
    "per_dataset": {
      "confuser_AIRPLANE": {
        "n": 4313,
        "acc": 0.9986088569441224,
        "f1_macro": 0.49965197215777263,
        "f1_weighted": 0.9993039443155453
      },
      "confuser_BIRD": {
        "n": 13300,
        "acc": 1.0,
        "f1_macro": 1.0,
        "f1_weighted": 1.0
      },
      "video_birds_birds_flying_overhead_various_sizes_short": {
        "n": 20,
        "acc": 0.85,
        "f1_macro": 0.30630630630630634,
        "f1_weighted": 0.918918918918919
      },
      "video_birds_flock_of_birds_flying_short": {
        "n": 21,
        "acc": 0.9523809523809523,
        "f1_macro": 0.4878048780487805,
        "f1_weighted": 0.975609756097561
      },
      "video_drone_drone_seagull_attack": {
        "n": 235,
        "acc": 0.18723404255319148,
        "f1_macro": 0.08295625942684766,
        "f1_weighted": 0.07376620042452332
      },
      "video_drone_drone_takeoff_short": {
        "n": 116,
        "acc": 0.8793103448275862,
        "f1_macro": 0.8330244281463793,
        "f1_weighted": 0.8876484323078099
      }
    },
    "feature_importance": {
      "ir_img_std": 0.37106624245643616,
      "ir_best_local_contrast": 0.22305598855018616,
      "ir_best_target_bg_delta": 0.04599004611372948,
      "rgb_mean_conf": 0.04066146910190582,
      "rgb_best_local_contrast": 0.02865237556397915,
      "rgb_best_pos_y": 0.026915375143289566,
      "rgb_best_dist_to_center": 0.025590958073735237,
      "rgb_max_conf": 0.0237165167927742,
      "rgb_best_pos_x": 0.021955963224172592,
      "ir_max_conf": 0.020064638927578926,
      "ir_mean_conf": 0.02003716491162777,
      "ir_best_pos_y": 0.017802517861127853,
      "rgb_img_std": 0.0172270517796278,
      "ir_img_mean": 0.01671961136162281,
      "rgb_best_log_bbox_area": 0.016315167769789696,
      "ir_best_aspect_ratio": 0.015652358531951904,
      "rgb_best_target_bg_delta": 0.01477893441915512,
      "rgb_img_mean": 0.014704338274896145,
      "ir_best_dist_to_center": 0.012405814602971077,
      "ir_best_log_bbox_area": 0.010487820953130722,
      "ir_best_pos_x": 0.008330595679581165,
      "rgb_best_aspect_ratio": 0.007869102992117405
    },
    "train_time_s": 17.0
  },
  "sa32_lite+": {
    "tag": "sa32_lite+",
    "n_features": 24,
    "features": [
      "rgb_max_conf",
      "rgb_mean_conf",
      "ir_max_conf",
      "ir_mean_conf",
      "rgb_img_mean",
      "rgb_img_std",
      "ir_img_mean",
      "ir_img_std",
      "rgb_best_log_bbox_area",
      "rgb_best_aspect_ratio",
      "rgb_best_pos_x",
      "rgb_best_pos_y",
      "rgb_best_dist_to_center",
      "rgb_best_local_contrast",
      "rgb_best_target_bg_delta",
      "ir_best_log_bbox_area",
      "ir_best_aspect_ratio",
      "ir_best_pos_x",
      "ir_best_pos_y",
      "ir_best_dist_to_center",
      "ir_best_local_contrast",
      "ir_best_target_bg_delta",
      "area_diff",
      "xmodal_centroid_dist"
    ],
    "accuracy": 0.9868925298528186,
    "f1_macro": 0.40228523638000974,
    "f1_weighted": 0.9829361399056465,
    "per_class_auc": {
      "reject_both": 0.9937196488698475,
      "trust_rgb": 0.9929644841124476,
      "trust_ir": 0.9937225709682795,
      "trust_both": 0.9971147400623473
    },
    "per_dataset": {
      "confuser_AIRPLANE": {
        "n": 4313,
        "acc": 1.0,
        "f1_macro": 1.0,
        "f1_weighted": 1.0
      },
      "confuser_BIRD": {
        "n": 13300,
        "acc": 1.0,
        "f1_macro": 1.0,
        "f1_weighted": 1.0
      },
      "video_birds_birds_flying_overhead_various_sizes_short": {
        "n": 20,
        "acc": 0.8,
        "f1_macro": 0.2962962962962963,
        "f1_weighted": 0.888888888888889
      },
      "video_birds_flock_of_birds_flying_short": {
        "n": 21,
        "acc": 0.9523809523809523,
        "f1_macro": 0.4878048780487805,
        "f1_weighted": 0.975609756097561
      },
      "video_drone_drone_seagull_attack": {
        "n": 235,
        "acc": 0.14042553191489363,
        "f1_macro": 0.06203007518796992,
        "f1_weighted": 0.05173572228443449
      },
      "video_drone_drone_takeoff_short": {
        "n": 116,
        "acc": 0.75,
        "f1_macro": 0.5145521578833225,
        "f1_weighted": 0.7527879358954224
      }
    },
    "feature_importance": {
      "ir_img_std": 0.33812326192855835,
      "xmodal_centroid_dist": 0.22990450263023376,
      "ir_best_local_contrast": 0.07169076800346375,
      "rgb_mean_conf": 0.04302620142698288,
      "area_diff": 0.040471844375133514,
      "rgb_best_local_contrast": 0.02426334284245968,
      "rgb_best_pos_y": 0.022307265549898148,
      "rgb_max_conf": 0.017068559303879738,
      "rgb_img_std": 0.016484778374433517,
      "ir_best_pos_y": 0.015604347921907902,
      "ir_best_log_bbox_area": 0.01523289643228054,
      "rgb_best_log_bbox_area": 0.015200408175587654,
      "rgb_img_mean": 0.01473755482584238,
      "rgb_best_pos_x": 0.014462233521044254,
      "ir_best_target_bg_delta": 0.01421395130455494,
      "rgb_best_dist_to_center": 0.014212511479854584,
      "ir_img_mean": 0.01377877313643694,
      "ir_max_conf": 0.013618025928735733,
      "ir_best_aspect_ratio": 0.013022725470364094,
      "rgb_best_target_bg_delta": 0.012997525744140148,
      "ir_best_dist_to_center": 0.012459266930818558,
      "ir_mean_conf": 0.012153012678027153,
      "ir_best_pos_x": 0.0076352739706635475,
      "rgb_best_aspect_ratio": 0.007331028580665588
    },
    "train_time_s": 14.4
  }
}