{
  "all19": {
    "tag": "all19",
    "n_features": 19,
    "acc": 0.907,
    "f1_macro": 0.7872,
    "per_surface": {
      "antiuav": 0.8706,
      "svanstrom": 0.7368,
      "video_confuser(OOD)": 1.0,
      "video_drone(OOD)": 0.2622
    },
    "top5": [
      [
        "ir_best_pos_x",
        0.24602818489074707
      ],
      [
        "ir_best_aspect_ratio",
        0.1983349472284317
      ],
      [
        "ir_best_dist_to_center",
        0.11343096196651459
      ],
      [
        "ir_max_conf",
        0.05007462576031685
      ],
      [
        "rgb_best_log_bbox_area",
        0.04711640626192093
      ]
    ]
  },
  "no_fp": {
    "tag": "no_fp",
    "n_features": 10,
    "acc": 0.9099,
    "f1_macro": 0.787,
    "per_surface": {
      "antiuav": 0.8437,
      "svanstrom": 0.736,
      "video_confuser(OOD)": 1.0,
      "video_drone(OOD)": 0.4356
    },
    "top5": [
      [
        "ir_best_aspect_ratio",
        0.41991060972213745
      ],
      [
        "ir_max_conf",
        0.1360645741224289
      ],
      [
        "ir_best_log_bbox_area",
        0.09895575791597366
      ],
      [
        "rgb_best_log_bbox_area",
        0.07209410518407822
      ],
      [
        "rgb_max_conf",
        0.06831730902194977
      ]
    ]
  },
  "robust6": {
    "tag": "robust6",
    "n_features": 6,
    "acc": 0.9262,
    "f1_macro": 0.8099,
    "per_surface": {
      "antiuav": 0.8265,
      "svanstrom": 0.7249,
      "video_confuser(OOD)": 1.0,
      "video_drone(OOD)": 0.5782
    },
    "top5": [
      [
        "ir_best_aspect_ratio",
        0.40761062502861023
      ],
      [
        "ir_max_conf",
        0.1982146054506302
      ],
      [
        "ir_best_log_bbox_area",
        0.1396753489971161
      ],
      [
        "rgb_best_log_bbox_area",
        0.0955556333065033
      ],
      [
        "rgb_best_aspect_ratio",
        0.08286017924547195
      ]
    ]
  },
  "meta4": {
    "tag": "meta4",
    "n_features": 4,
    "acc": 0.9123,
    "f1_macro": 0.7866,
    "per_surface": {
      "antiuav": 0.7693,
      "svanstrom": 0.7158,
      "video_confuser(OOD)": 0.2222,
      "video_drone(OOD)": 0.5687
    },
    "top5": [
      [
        "ir_max_conf",
        0.5258327722549438
      ],
      [
        "rgb_max_conf",
        0.20194076001644135
      ],
      [
        "rgb_best_log_bbox_area",
        0.15076099336147308
      ],
      [
        "rgb_best_aspect_ratio",
        0.12146547436714172
      ]
    ]
  }
}