{
  "sa32_feats": {
    "tag": "sa32_feats",
    "n_features": 32,
    "features": [
      "rgb_max_conf",
      "rgb_mean_conf",
      "ir_max_conf",
      "ir_mean_conf",
      "rgb_img_mean",
      "rgb_img_std",
      "rgb_img_dynamic_range",
      "rgb_img_entropy",
      "rgb_sky_ground_ratio",
      "rgb_edge_density",
      "rgb_blurriness",
      "ir_img_mean",
      "ir_img_std",
      "ir_img_dynamic_range",
      "ir_img_entropy",
      "ir_sky_ground_ratio",
      "ir_edge_density",
      "ir_blurriness",
      "rgb_best_log_bbox_area",
      "rgb_best_aspect_ratio",
      "rgb_best_pos_x",
      "rgb_best_pos_y",
      "rgb_best_dist_to_center",
      "rgb_best_local_contrast",
      "rgb_best_target_bg_delta",
      "ir_best_log_bbox_area",
      "ir_best_aspect_ratio",
      "ir_best_pos_x",
      "ir_best_pos_y",
      "ir_best_dist_to_center",
      "ir_best_local_contrast",
      "ir_best_target_bg_delta"
    ],
    "accuracy": 0.9813819484795662,
    "f1_macro": 0.9242665388012031,
    "f1_weighted": 0.9804043981122442,
    "per_class_auc": {
      "reject_both": 0.998297457157563,
      "trust_rgb": 0.9442100133197812,
      "trust_ir": 0.9896059848755314,
      "trust_both": 0.985518632761866
    },
    "per_dataset": {
      "antiuav_test": {
        "n": 24479,
        "acc": 0.988725029617223,
        "f1_macro": 0.9220628361107936,
        "f1_weighted": 0.9882551579334765
      },
      "antiuav_val": {
        "n": 9838,
        "acc": 0.9789591380361862,
        "f1_macro": 0.8660391576339064,
        "f1_weighted": 0.9762237852846957
      },
      "rgb_dataset_test": {
        "n": 237,
        "acc": 0.8438818565400844,
        "f1_macro": 0.8589599700710812,
        "f1_weighted": 0.8477650390449266
      },
      "svanstrom": {
        "n": 6584,
        "acc": 0.9681044957472661,
        "f1_macro": 0.7715414348465137,
        "f1_weighted": 0.9644576485706724
      },
      "video_drone_drone_takeoff_short_trees_background_dji_air_3s_take_off_sho": {
        "n": 166,
        "acc": 0.7650602409638554,
        "f1_macro": 0.5781499202551834,
        "f1_weighted": 0.7597407172549848
      }
    },
    "feature_importance": {
      "ir_mean_conf": 0.49923786520957947,
      "ir_max_conf": 0.17531749606132507,
      "rgb_max_conf": 0.07027649134397507,
      "rgb_mean_conf": 0.0687522143125534,
      "ir_best_aspect_ratio": 0.018245534971356392,
      "rgb_best_pos_y": 0.017200028523802757,
      "ir_best_pos_x": 0.01707342639565468,
      "rgb_blurriness": 0.013652502559125423,
      "ir_edge_density": 0.012784614227712154,
      "ir_blurriness": 0.012401040643453598,
      "ir_best_log_bbox_area": 0.010862933471798897,
      "rgb_edge_density": 0.008943499997258186,
      "rgb_best_log_bbox_area": 0.008159507066011429,
      "rgb_img_dynamic_range": 0.0057392725721001625,
      "ir_best_local_contrast": 0.00535868713632226,
      "ir_img_dynamic_range": 0.0053286319598555565,
      "rgb_best_dist_to_center": 0.0043519833125174046,
      "rgb_best_pos_x": 0.004030507989227772,
      "ir_img_entropy": 0.003870628075674176,
      "ir_sky_ground_ratio": 0.003835572861135006,
      "rgb_img_entropy": 0.003760217921808362,
      "rgb_best_local_contrast": 0.003275869647040963,
      "rgb_sky_ground_ratio": 0.0031355321407318115,
      "ir_img_std": 0.0030376932118088007,
      "ir_best_pos_y": 0.002947947010397911,
      "rgb_img_std": 0.002860718872398138,
      "rgb_img_mean": 0.0028223861008882523,
      "ir_img_mean": 0.0027096697594970465,
      "ir_best_target_bg_delta": 0.002662056125700474,
      "rgb_best_aspect_ratio": 0.002647493267431855,
      "ir_best_dist_to_center": 0.0025768238119781017,
      "rgb_best_target_bg_delta": 0.002141158329322934
    },
    "train_time_s": 155.7
  },
  "sa32_lite": {
    "tag": "sa32_lite",
    "n_features": 22,
    "features": [
      "rgb_max_conf",
      "rgb_mean_conf",
      "ir_max_conf",
      "ir_mean_conf",
      "rgb_img_mean",
      "rgb_img_std",
      "ir_img_mean",
      "ir_img_std",
      "rgb_best_log_bbox_area",
      "rgb_best_aspect_ratio",
      "rgb_best_pos_x",
      "rgb_best_pos_y",
      "rgb_best_dist_to_center",
      "rgb_best_local_contrast",
      "rgb_best_target_bg_delta",
      "ir_best_log_bbox_area",
      "ir_best_aspect_ratio",
      "ir_best_pos_x",
      "ir_best_pos_y",
      "ir_best_dist_to_center",
      "ir_best_local_contrast",
      "ir_best_target_bg_delta"
    ],
    "accuracy": 0.9786703466976564,
    "f1_macro": 0.9096043419492775,
    "f1_weighted": 0.9774566275636455,
    "per_class_auc": {
      "reject_both": 0.9979350767536568,
      "trust_rgb": 0.9419452503733617,
      "trust_ir": 0.9892732321700359,
      "trust_both": 0.9854085208518808
    },
    "per_dataset": {
      "antiuav_test": {
        "n": 24479,
        "acc": 0.9879080027778913,
        "f1_macro": 0.9043509409833799,
        "f1_weighted": 0.9874108612198392
      },
      "antiuav_val": {
        "n": 9838,
        "acc": 0.9788574913600325,
        "f1_macro": 0.8640930179458312,
        "f1_weighted": 0.9760474535581537
      },
      "rgb_dataset_test": {
        "n": 237,
        "acc": 0.8185654008438819,
        "f1_macro": 0.6343419312169312,
        "f1_weighted": 0.8244396445873238
      },
      "svanstrom": {
        "n": 6584,
        "acc": 0.9595990279465371,
        "f1_macro": 0.7281568137414889,
        "f1_weighted": 0.9582377412371542
      },
      "video_drone_drone_takeoff_short_trees_background_dji_air_3s_take_off_sho": {
        "n": 166,
        "acc": 0.5903614457831325,
        "f1_macro": 0.4500443133255633,
        "f1_weighted": 0.5448342027784798
      }
    },
    "feature_importance": {
      "ir_mean_conf": 0.5603384375572205,
      "ir_max_conf": 0.17195944488048553,
      "rgb_mean_conf": 0.07492727041244507,
      "rgb_max_conf": 0.06607741117477417,
      "rgb_best_pos_y": 0.01718522608280182,
      "rgb_best_log_bbox_area": 0.01505155861377716,
      "ir_best_aspect_ratio": 0.01376955583691597,
      "ir_best_log_bbox_area": 0.011584763415157795,
      "rgb_best_dist_to_center": 0.00699066836386919,
      "ir_best_pos_x": 0.006740819662809372,
      "rgb_best_local_contrast": 0.006417033262550831,
      "ir_img_std": 0.0054593696258962154,
      "ir_img_mean": 0.005445839371532202,
      "ir_best_local_contrast": 0.0053789010271430016,
      "rgb_best_pos_x": 0.005229252856224775,
      "rgb_img_std": 0.005077081732451916,
      "rgb_img_mean": 0.004921737592667341,
      "rgb_best_aspect_ratio": 0.0037684349808841944,
      "ir_best_pos_y": 0.003546694992110133,
      "rgb_best_target_bg_delta": 0.003517055418342352,
      "ir_best_target_bg_delta": 0.003393484279513359,
      "ir_best_dist_to_center": 0.003220037557184696
    },
    "train_time_s": 135.2
  },
  "sa32_lite+": {
    "tag": "sa32_lite+",
    "n_features": 24,
    "features": [
      "rgb_max_conf",
      "rgb_mean_conf",
      "ir_max_conf",
      "ir_mean_conf",
      "rgb_img_mean",
      "rgb_img_std",
      "ir_img_mean",
      "ir_img_std",
      "rgb_best_log_bbox_area",
      "rgb_best_aspect_ratio",
      "rgb_best_pos_x",
      "rgb_best_pos_y",
      "rgb_best_dist_to_center",
      "rgb_best_local_contrast",
      "rgb_best_target_bg_delta",
      "ir_best_log_bbox_area",
      "ir_best_aspect_ratio",
      "ir_best_pos_x",
      "ir_best_pos_y",
      "ir_best_dist_to_center",
      "ir_best_local_contrast",
      "ir_best_target_bg_delta",
      "area_diff",
      "xmodal_centroid_dist"
    ],
    "accuracy": 0.9788156110788301,
    "f1_macro": 0.9096429488303005,
    "f1_weighted": 0.9775641465906381,
    "per_class_auc": {
      "reject_both": 0.9977886138032239,