{
  "tag": "fusion_lean10",
  "n_features": 10,
  "features": [
    "rgb_max_conf",
    "ir_max_conf",
    "rgb_best_log_bbox_area",
    "ir_best_log_bbox_area",
    "rgb_best_aspect_ratio",
    "ir_best_aspect_ratio",
    "rgb_best_pos_y",
    "ir_best_pos_y",
    "rgb_best_local_contrast",
    "ir_best_local_contrast"
  ],
  "n_train": 41607,
  "n_test": 17715,
  "accuracy": 0.9700254022015241,
  "f1_macro": 0.9056715774311571,
  "f1_weighted": 0.9677899626956933,
  "per_dataset": {
    "antiuav": {
      "n": 14088,
      "acc": 0.9771436683702441,
      "f1_macro": 0.8735148232398777
    },
    "svanstrom": {
      "n": 3343,
      "acc": 0.9802572539635058,
      "f1_macro": 0.7342906978879206
    },
    "video_drone_drone_and_bird_sky_and_trees_short": {
      "n": 114,
      "acc": 0.5614035087719298,
      "f1_macro": 0.45812074829931976
    },
    "video_drone_two_birds_drone": {
      "n": 150,
      "acc": 0.38666666666666666,
      "f1_macro": 0.3596743295019157
    },
    "video_helicopters_helicopter_overhead_short": {
      "n": 20,
      "acc": 0.95,
      "f1_macro": 0.48717948717948717
    }
  },
  "feature_importance": {
    "rgb_max_conf": 0.08310959488153458,
    "ir_max_conf": 0.14947979152202606,
    "rgb_best_log_bbox_area": 0.06213207542896271,
    "ir_best_log_bbox_area": 0.22108232975006104,
    "rgb_best_aspect_ratio": 0.07390467822551727,
    "ir_best_aspect_ratio": 0.24690930545330048,
    "rgb_best_pos_y": 0.043266475200653076,
    "ir_best_pos_y": 0.06738315522670746,
    "rgb_best_local_contrast": 0.031430672854185104,
    "ir_best_local_contrast": 0.021301889792084694
  }
}