{
  "sa32_feats": {
    "tag": "sa32_feats",
    "n_features": 32,
    "features": [
      "rgb_max_conf",
      "rgb_mean_conf",
      "ir_max_conf",
      "ir_mean_conf",
      "rgb_img_mean",
      "rgb_img_std",
      "rgb_img_dynamic_range",
      "rgb_img_entropy",
      "rgb_sky_ground_ratio",
      "rgb_edge_density",
      "rgb_blurriness",
      "ir_img_mean",
      "ir_img_std",
      "ir_img_dynamic_range",
      "ir_img_entropy",
      "ir_sky_ground_ratio",
      "ir_edge_density",
      "ir_blurriness",
      "rgb_best_log_bbox_area",
      "rgb_best_aspect_ratio",
      "rgb_best_pos_x",
      "rgb_best_pos_y",
      "rgb_best_dist_to_center",
      "rgb_best_local_contrast",
      "rgb_best_target_bg_delta",
      "ir_best_log_bbox_area",
      "ir_best_aspect_ratio",
      "ir_best_pos_x",
      "ir_best_pos_y",
      "ir_best_dist_to_center",
      "ir_best_local_contrast",
      "ir_best_target_bg_delta"
    ],
    "accuracy": 0.9791518807665011,
    "f1_macro": 0.9492520209578552,
    "f1_weighted": 0.9785786349979807,
    "per_class_auc": {
      "reject_both": 0.9983994286363321,
      "trust_rgb": 0.978249875088344,
      "trust_ir": 0.9920309478358194,
      "trust_both": 0.9908823278175539
    },
    "per_dataset": {
      "antiuav_test": {
        "n": 28463,
        "acc": 0.982644134490391,
        "f1_macro": 0.946694604657156,
        "f1_weighted": 0.9822021771423821
      },
      "antiuav_val": {
        "n": 10319,
        "acc": 0.9732532222114546,
        "f1_macro": 0.9037986900179024,
        "f1_weighted": 0.971486775367774
      },
      "svanstrom": {
        "n": 6306,
        "acc": 0.9730415477323184,
        "f1_macro": 0.7890638420657146,
        "f1_weighted": 0.968279261514565
      }
    },
    "feature_importance": {
      "rgb_best_log_bbox_area": 0.24171501398086548,
      "ir_best_log_bbox_area": 0.17625068128108978,
      "rgb_max_conf": 0.13065040111541748,
      "ir_best_aspect_ratio": 0.09939853101968765,
      "rgb_mean_conf": 0.06193268299102783,
      "ir_best_pos_y": 0.06107168644666672,
      "ir_mean_conf": 0.029521923512220383,
      "ir_max_conf": 0.028911035507917404,
      "ir_best_pos_x": 0.02343442104756832,
      "rgb_blurriness": 0.014221102930605412,
      "rgb_best_target_bg_delta": 0.012703279964625835,
      "rgb_best_pos_y": 0.012638520449399948,
      "ir_best_dist_to_center": 0.009059574455022812,
      "rgb_edge_density": 0.00808221660554409,
      "ir_blurriness": 0.006430130451917648,
      "rgb_best_local_contrast": 0.0063681937754154205,
      "rgb_img_std": 0.006136741954833269,
      "rgb_best_aspect_ratio": 0.005925921723246574,
      "ir_img_std": 0.005429890472441912,
      "rgb_img_mean": 0.005341895390301943,
      "ir_edge_density": 0.0050657326355576515,
      "rgb_sky_ground_ratio": 0.005038777366280556,
      "ir_best_local_contrast": 0.004996673669666052,
      "rgb_best_dist_to_center": 0.004945673979818821,
      "ir_sky_ground_ratio": 0.004918035585433245,
      "ir_img_mean": 0.004701016470789909,
      "ir_best_target_bg_delta": 0.004684715066105127,
      "rgb_img_entropy": 0.0046447874046862125,
      "rgb_img_dynamic_range": 0.00435620965436101,
      "rgb_best_pos_x": 0.004270574543625116,
      "ir_img_dynamic_range": 0.003848353633657098,
      "ir_img_entropy": 0.0033056498505175114
    },
    "train_time_s": 86.1
  },
  "sa32_lite": {
    "tag": "sa32_lite",
    "n_features": 22,
    "features": [
      "rgb_max_conf",
      "rgb_mean_conf",
      "ir_max_conf",
      "ir_mean_conf",
      "rgb_img_mean",
      "rgb_img_std",
      "ir_img_mean",
      "ir_img_std",
      "rgb_best_log_bbox_area",
      "rgb_best_aspect_ratio",
      "rgb_best_pos_x",
      "rgb_best_pos_y",
      "rgb_best_dist_to_center",
      "rgb_best_local_contrast",
      "rgb_best_target_bg_delta",
      "ir_best_log_bbox_area",
      "ir_best_aspect_ratio",
      "ir_best_pos_x",
      "ir_best_pos_y",
      "ir_best_dist_to_center",
      "ir_best_local_contrast",
      "ir_best_target_bg_delta"
    ],
    "accuracy": 0.9774662881476224,
    "f1_macro": 0.9437801274751245,
    "f1_weighted": 0.9768749610670482,
    "per_class_auc": {
      "reject_both": 0.9981481607225751,
      "trust_rgb": 0.9784378558920462,
      "trust_ir": 0.9915711590864534,
      "trust_both": 0.9914143210368657
    },
    "per_dataset": {
      "antiuav_test": {
        "n": 28463,
        "acc": 0.9826792678213822,
        "f1_macro": 0.9477998607813559,
        "f1_weighted": 0.9822349512214019
      },
      "antiuav_val": {
        "n": 10319,
        "acc": 0.9733501308266305,
        "f1_macro": 0.9008942075846968,
        "f1_weighted": 0.9714326582421516
      },
      "svanstrom": {
        "n": 6306,
        "acc": 0.9606723755153822,
        "f1_macro": 0.7620087009663896,
        "f1_weighted": 0.9602865161321853
      }
    },
    "feature_importance": {
      "rgb_best_log_bbox_area": 0.20146062970161438,
      "ir_best_log_bbox_area": 0.1937021166086197,
      "rgb_max_conf": 0.14378981292247772,
      "ir_best_aspect_ratio": 0.0842709168791771,
      "rgb_mean_conf": 0.0841405838727951,
      "ir_best_pos_y": 0.07255017757415771,
      "ir_best_pos_x": 0.04017587751150131,
      "rgb_best_aspect_ratio": 0.03524955362081528,
      "ir_mean_conf": 0.02015838399529457,
      "ir_max_conf": 0.019768310710787773,
      "rgb_best_target_bg_delta": 0.01454932987689972,
      "rgb_best_pos_y": 0.012034294195473194,
      "rgb_img_std": 0.011057082563638687,
      "rgb_best_local_contrast": 0.01063598319888115,
      "ir_img_std": 0.008917514234781265,
      "rgb_img_mean": 0.008411874994635582,
      "ir_img_mean": 0.007627225015312433,
      "ir_best_dist_to_center": 0.006975995376706123,
      "ir_best_local_contrast": 0.0067900135181844234,
      "rgb_best_pos_x": 0.006239559501409531,
      "rgb_best_dist_to_center": 0.006170261651277542,
      "ir_best_target_bg_delta": 0.005324388388544321
    },
    "train_time_s": 63.5
  },
  "sa32_lite+": {
    "tag": "sa32_lite+",
    "n_features": 24,
    "features": [
      "rgb_max_conf",
      "rgb_mean_conf",
      "ir_max_conf",
      "ir_mean_conf",
      "rgb_img_mean",
      "rgb_img_std",
      "ir_img_mean",
      "ir_img_std",
      "rgb_best_log_bbox_area",
      "rgb_best_aspect_ratio",
      "rgb_best_pos_x",
      "rgb_best_pos_y",
      "rgb_best_dist_to_center",
      "rgb_best_local_contrast",
      "rgb_best_target_bg_delta",
      "ir_best_log_bbox_area",
      "ir_best_aspect_ratio",
      "ir_best_pos_x",
      "ir_best_pos_y",
      "ir_best_dist_to_center",
      "ir_best_local_contrast",
      "ir_best_target_bg_delta",
      "area_diff",
      "xmodal_centroid_dist"
    ],
    "accuracy": 0.9777767920511,
    "f1_macro": 0.9448211975128948,
    "f1_weighted": 0.9772706710035517,
    "per_class_auc": {
      "reject_both": 0.99800816374906,
      "trust_rgb": 0.979212495656499,
      "trust_ir": 0.9916894819621941,
      "trust_both": 0.9915501363456815
    },
    "per_dataset": {
      "antiuav_test": {
        "n": 28463,
        "acc": 0.983276534448231,
        "f1_macro": 0.948287401184912,
        "f1_weighted": 0.9829048195979312
      },
      "antiuav_val": {
        "n": 10319,
        "acc": 0.9740284911328617,
        "f1_macro": 0.9054513096562268,
        "f1_weighted": 0.9722892965869736
      },
      "svanstrom": {
        "n": 6306,
        "acc": 0.9590865842055185,
        "f1_macro": 0.7619322891463375,
        "f1_weighted": 0.9592811943278524
      }
    },
    "feature_importance": {
      "rgb_best_log_bbox_area": 0.21430060267448425,
      "area_diff": 0.20966674387454987,
      "ir_best_log_bbox_area": 0.1637570708990097,