{
  "tag": "fusion_no_fn_v3more",
  "n_features": 40,
  "features": [
    "rgb_n_dets",
    "rgb_max_conf",
    "rgb_mean_conf",
    "rgb_detected",
    "ir_n_dets",
    "ir_max_conf",
    "ir_mean_conf",
    "ir_detected",
    "rgb_img_mean",
    "rgb_img_std",
    "rgb_img_dynamic_range",
    "rgb_img_entropy",
    "rgb_sky_ground_ratio",
    "rgb_edge_density",
    "rgb_blurriness",
    "ir_img_mean",
    "ir_img_std",
    "ir_img_dynamic_range",
    "ir_img_entropy",
    "ir_sky_ground_ratio",
    "ir_edge_density",
    "ir_blurriness",
    "rgb_best_log_bbox_area",
    "rgb_best_aspect_ratio",
    "rgb_best_pos_x",
    "rgb_best_pos_y",
    "rgb_best_dist_to_center",
    "rgb_best_local_contrast",
    "rgb_best_target_bg_delta",
    "ir_best_log_bbox_area",
    "ir_best_aspect_ratio",
    "ir_best_pos_x",
    "ir_best_pos_y",
    "ir_best_dist_to_center",
    "ir_best_local_contrast",
    "ir_best_target_bg_delta",
    "both_detect",
    "neither_detect",
    "rgb_only_detect",
    "ir_only_detect"
  ],
  "n_train": 106963,
  "n_test": 45088,
  "accuracy": 0.9790409865152591,
  "f1_macro": 0.9489846114604813,
  "f1_weighted": 0.9784697033804435,
  "per_class_auc": {
    "reject_both": 0.9984378417141334,
    "trust_rgb": 0.978540143617569,
    "trust_ir": 0.9924606732391544,
    "trust_both": 0.9911641907973174
  },
  "per_dataset": {
    "antiuav_test": {
      "n": 28463,
      "acc": 0.9825036011664265,
      "f1_macro": 0.9462843827043232,
      "f1_weighted": 0.9820546417693744
    },
    "antiuav_val": {
      "n": 10319,
      "acc": 0.9729624963659269,
      "f1_macro": 0.9031029673629495,
      "f1_weighted": 0.9711958239368098
    },
    "svanstrom": {
      "n": 6306,
      "acc": 0.9733587059942912,
      "f1_macro": 0.7991442920048719,
      "f1_weighted": 0.9691026049391714
    }
  },
  "feature_importance": {
    "ir_detected": 0.3526333272457123,
    "ir_only_detect": 0.1691974401473999,
    "ir_n_dets": 0.16463278234004974,
    "both_detect": 0.12115616351366043,
    "rgb_detected": 0.08034433424472809,
    "rgb_n_dets": 0.04346892982721329,
    "rgb_only_detect": 0.042372506111860275,
    "rgb_best_log_bbox_area": 0.006937510333955288,
    "rgb_max_conf": 0.0020498582161962986,
    "ir_best_log_bbox_area": 0.0017326610395684838,
    "ir_best_aspect_ratio": 0.0012558882590383291,
    "rgb_mean_conf": 0.0012293762993067503,
    "rgb_blurriness": 0.0012277676723897457,
    "neither_detect": 0.0011630274821072817,
    "rgb_best_target_bg_delta": 0.0008453548653051257,
    "rgb_edge_density": 0.0007114667096175253,
    "ir_mean_conf": 0.0005833579925820231,
    "rgb_img_mean": 0.0005722775240428746,
    "ir_img_std": 0.0004931897856295109,
    "rgb_img_std": 0.00047564139822497964,
    "rgb_best_aspect_ratio": 0.0004634128708858043,
    "ir_max_conf": 0.00046222886885516346,
    "rgb_best_local_contrast": 0.00043517909944057465,
    "ir_best_pos_y": 0.00042584535549394786,
    "rgb_sky_ground_ratio": 0.00040076120058074594,
    "ir_best_pos_x": 0.0003912901156581938,
    "ir_sky_ground_ratio": 0.0003728544688783586,
    "ir_blurriness": 0.0003638390335254371,
    "rgb_best_pos_y": 0.00035716674756258726,
    "ir_edge_density": 0.0003423178568482399,
    "rgb_img_entropy": 0.0003270972229074687,
    "ir_img_mean": 0.00031813664827495813,
    "rgb_best_dist_to_center": 0.00031629562727175653,
    "ir_img_dynamic_range": 0.00030964994220994413,
    "rgb_img_dynamic_range": 0.0003032027743756771,
    "ir_best_local_contrast": 0.00029260345036163926,
    "ir_best_dist_to_center": 0.0002712826244533062,
    "rgb_best_pos_x": 0.00026817002799361944,
    "ir_img_entropy": 0.0002516714157536626,
    "ir_best_target_bg_delta": 0.00024411118647549301
  },
  "baselines": {
    "always_ir": {
      "accuracy": 0.19266561877264865,
      "f1_macro": 0.37628560531177024,
      "f1_weighted": 0.13898366003540158
    },
    "higher_conf": {
      "accuracy": 0.9402831944544923,
      "f1_macro": 0.8190789427837188,
      "f1_weighted": 0.942778056408822
    },
    "both_or_ir": {
      "accuracy": 0.9402831944544923,
      "f1_macro": 0.8190789427837188,
      "f1_weighted": 0.942778056408822
    }
  }
}