{
  "separability": {
    "lda_train_accuracy": 0.9516564938811454,
    "silhouette": 0.06726742535829544,
    "median_anova_F": 657.1282457512771,
    "max_anova_F": 42345.74899900347,
    "top_feature_indices": [
      415,
      129,
      340,
      130,
      374,
      0,
      501,
      346,
      131,
      304,
      153,
      132,
      373,
      154,
      323,
      387,
      492,
      49,
      333,
      193
    ],
    "top_feature_labels": [
      "p5 ch=154",
      "p3 ch=31 cell=0",
      "p5 ch=79",
      "p3 ch=31 cell=1",
      "p5 ch=113",
      "meta:conf",
      "p5 ch=240",
      "p5 ch=85",
      "p3 ch=31 cell=2",
      "p5 ch=43",
      "p3 ch=37 cell=0",
      "p3 ch=31 cell=3",
      "p5 ch=112",
      "p3 ch=37 cell=1",
      "p5 ch=62",
      "p5 ch=126",
      "p5 ch=231",
      "p3 ch=11 cell=0",
      "p5 ch=72",
      "p3 ch=47 cell=0"
    ],
    "per_block_F": {
      "meta": {
        "mean_F": 3104.145706384968,
        "max_F": 10696.373906387691,
        "dim": 5
      },
      "p3": {
        "mean_F": 1089.5905225571912,
        "max_F": 14654.760458244278,
        "dim": 256
      },
      "p5": {
        "mean_F": 2005.8922477938463,
        "max_F": 42345.74899900347,
        "dim": 256
      }
    },
    "meta_max_auroc": 0.810515284538269,
    "yolo_max_auroc": 0.8437576293945312,
    "n_drone": 19334,
    "n_confuser": 13597
  },
  "diagnosis": {
    "raw_halluc_rate": 0.544,
    "raw_drone_prf": null,
    "lda_separability": 0.9516564938811454,
    "silhouette": 0.06726742535829544,
    "n_drone": 19334,
    "n_confuser": 13597,
    "meta_max_auroc": 0.810515284538269,
    "yolo_max_auroc": 0.8437576293945312,
    "thresholds": {
      "fp_rate": 0.05,
      "separability": 0.9,
      "recall_cost": 0.1
    },
    "classifier_keeps_confuser_frac": 0.025888063543428697,
    "classifier_recall_retention": 0.9894486397020792,
    "recall_cost": 0.010551360297920809,
    "fp_reduction": 0.9741119364565713,
    "verdict": "recommended",
    "verdict_text": "Classifier strongly recommended \u2014 large FP cut at low recall cost.",
    "rationale": "19334 drones / 13597 confusers; raw hallucination not measured (feature-only input); LDA separability 0.952 (thr 0.90); recall cost 1.1% (thr 10%); projected FP cut 97%",
    "halluc_external": "bare FT4 on rgb_confusers @imgsz=1280, n=2633",
    "projected_fp_rate": 0.014083106567625212
  },
  "cv_results": {
    "mlp": [
      0.9856759877347321,
      0.0007081617496400601,
      "fused"
    ]
  }
}