{
  "sa32_feats": {
    "tag": "sa32_feats",
    "n_features": 32,
    "features": [
      "rgb_max_conf",
      "rgb_mean_conf",
      "ir_max_conf",
      "ir_mean_conf",
      "rgb_img_mean",
      "rgb_img_std",
      "rgb_img_dynamic_range",
      "rgb_img_entropy",
      "rgb_sky_ground_ratio",
      "rgb_edge_density",
      "rgb_blurriness",
      "ir_img_mean",
      "ir_img_std",
      "ir_img_dynamic_range",
      "ir_img_entropy",
      "ir_sky_ground_ratio",
      "ir_edge_density",
      "ir_blurriness",
      "rgb_best_log_bbox_area",
      "rgb_best_aspect_ratio",
      "rgb_best_pos_x",
      "rgb_best_pos_y",
      "rgb_best_dist_to_center",
      "rgb_best_local_contrast",
      "rgb_best_target_bg_delta",
      "ir_best_log_bbox_area",
      "ir_best_aspect_ratio",
      "ir_best_pos_x",
      "ir_best_pos_y",
      "ir_best_dist_to_center",
      "ir_best_local_contrast",
      "ir_best_target_bg_delta"
    ],
    "accuracy": 0.9853587962962963,
    "f1_macro": 0.9421914235102016,
    "f1_weighted": 0.9846578825538914,
    "per_class_auc": {
      "reject_both": 0.9995915829225559,
      "trust_rgb": 0.9672378270956269,
      "trust_ir": 0.9918271758602237,
      "trust_both": 0.9912669313949695
    },
    "per_dataset": {
      "antiuav": {
        "n": 14047,
        "acc": 0.9841247241403859,
        "f1_macro": 0.9190508285934539,
        "f1_weighted": 0.9833026815059824
      },
      "svanstrom": {
        "n": 3233,
        "acc": 0.9907206928549335,
        "f1_macro": 0.7623163463433531,
        "f1_weighted": 0.9888748161187078
      }
    },
    "feature_importance": {
      "ir_best_log_bbox_area": 0.1660831719636917,
      "ir_max_conf": 0.11316264420747757,
      "ir_best_aspect_ratio": 0.10730652511119843,
      "rgb_mean_conf": 0.08586511015892029,
      "ir_mean_conf": 0.076337531208992,
      "rgb_best_log_bbox_area": 0.05436087027192116,
      "ir_best_pos_y": 0.052298977971076965,
      "ir_best_pos_x": 0.043040014803409576,
      "rgb_best_aspect_ratio": 0.03910847008228302,
      "ir_img_std": 0.03508622571825981,
      "rgb_max_conf": 0.033267974853515625,
      "rgb_best_pos_y": 0.02965667098760605,
      "rgb_best_target_bg_delta": 0.014652508310973644,
      "rgb_img_mean": 0.012401114217936993,
      "rgb_edge_density": 0.011584224179387093,
      "rgb_blurriness": 0.011008504778146744,
      "rgb_best_dist_to_center": 0.010260102339088917,
      "ir_best_dist_to_center": 0.010142721235752106,
      "ir_sky_ground_ratio": 0.009418184868991375,
      "rgb_best_pos_x": 0.009324847720563412,
      "rgb_best_local_contrast": 0.009194724261760712,
      "ir_blurriness": 0.008685704320669174,
      "rgb_img_std": 0.007535290904343128,
      "rgb_sky_ground_ratio": 0.006868899334222078,
      "ir_img_mean": 0.006690690293908119,
      "rgb_img_entropy": 0.006414211355149746,
      "rgb_img_dynamic_range": 0.0062514604069292545,
      "ir_edge_density": 0.0062253656797111034,
      "ir_img_dynamic_range": 0.005022699944674969,
      "ir_best_local_contrast": 0.004343070555478334,
      "ir_img_entropy": 0.004268048331141472,
      "ir_best_target_bg_delta": 0.004133456852287054
    },
    "train_time_s": 49.5
  },
  "sa32_lite": {
    "tag": "sa32_lite",
    "n_features": 22,
    "features": [
      "rgb_max_conf",
      "rgb_mean_conf",
      "ir_max_conf",
      "ir_mean_conf",
      "rgb_img_mean",
      "rgb_img_std",
      "ir_img_mean",
      "ir_img_std",
      "rgb_best_log_bbox_area",
      "rgb_best_aspect_ratio",
      "rgb_best_pos_x",
      "rgb_best_pos_y",
      "rgb_best_dist_to_center",
      "rgb_best_local_contrast",
      "rgb_best_target_bg_delta",
      "ir_best_log_bbox_area",
      "ir_best_aspect_ratio",
      "ir_best_pos_x",
      "ir_best_pos_y",
      "ir_best_dist_to_center",
      "ir_best_local_contrast",
      "ir_best_target_bg_delta"
    ],
    "accuracy": 0.9849537037037037,
    "f1_macro": 0.9406210282206832,
    "f1_weighted": 0.9842875415451325,
    "per_class_auc": {
      "reject_both": 0.9995317592163911,
      "trust_rgb": 0.967726274907126,
      "trust_ir": 0.9918923178931205,
      "trust_both": 0.9915250442159246
    },
    "per_dataset": {
      "antiuav": {
        "n": 14047,
        "acc": 0.9834840179397736,
        "f1_macro": 0.9151052974834729,
        "f1_weighted": 0.9827131165721911
      },
      "svanstrom": {
        "n": 3233,
        "acc": 0.9913393133312712,
        "f1_macro": 0.7644378697937599,
        "f1_weighted": 0.9889489459315166
      }
    },
    "feature_importance": {
      "ir_best_log_bbox_area": 0.17017686367034912,
      "ir_best_aspect_ratio": 0.16207732260227203,
      "rgb_mean_conf": 0.07538169622421265,
      "ir_mean_conf": 0.06786412745714188,
      "ir_best_pos_y": 0.0669141337275505,
      "ir_max_conf": 0.06251107901334763,
      "ir_best_pos_x": 0.06112313270568848,
      "rgb_best_log_bbox_area": 0.059859804809093475,
      "rgb_best_aspect_ratio": 0.0470317006111145,
      "rgb_max_conf": 0.04160599410533905,
      "rgb_best_pos_y": 0.03709990158677101,
      "ir_img_std": 0.031196068972349167,
      "rgb_best_target_bg_delta": 0.01838134042918682,
      "rgb_best_dist_to_center": 0.014296132139861584,
      "rgb_img_mean": 0.013771729543805122,
      "rgb_best_pos_x": 0.012835787609219551,
      "rgb_img_std": 0.012725033797323704,
      "rgb_best_local_contrast": 0.012204100377857685,
      "ir_best_dist_to_center": 0.010396495461463928,
      "ir_img_mean": 0.010158165358006954,
      "ir_best_target_bg_delta": 0.006382486317306757,
      "ir_best_local_contrast": 0.006006856448948383
    },
    "train_time_s": 49.6
  },
  "sa32_lite+": {
    "tag": "sa32_lite+",
    "n_features": 24,
    "features": [
      "rgb_max_conf",
      "rgb_mean_conf",
      "ir_max_conf",
      "ir_mean_conf",
      "rgb_img_mean",
      "rgb_img_std",
      "ir_img_mean",
      "ir_img_std",
      "rgb_best_log_bbox_area",
      "rgb_best_aspect_ratio",
      "rgb_best_pos_x",
      "rgb_best_pos_y",
      "rgb_best_dist_to_center",
      "rgb_best_local_contrast",
      "rgb_best_target_bg_delta",
      "ir_best_log_bbox_area",
      "ir_best_aspect_ratio",
      "ir_best_pos_x",
      "ir_best_pos_y",
      "ir_best_dist_to_center",
      "ir_best_local_contrast",
      "ir_best_target_bg_delta",
      "area_diff",
      "xmodal_centroid_dist"
    ],
    "accuracy": 0.985011574074074,
    "f1_macro": 0.9426119819592843,
    "f1_weighted": 0.984508165980621,
    "per_class_auc": {
      "reject_both": 0.9995083380992583,
      "trust_rgb": 0.9687290513696479,
      "trust_ir": 0.992078263499523,
      "trust_both": 0.9916062758146895
    },
    "per_dataset": {
      "antiuav": {
        "n": 14047,
        "acc": 0.983697586673311,
        "f1_macro": 0.9169270094787777,
        "f1_weighted": 0.9831081769385236
      },
      "svanstrom": {
        "n": 3233,
        "acc": 0.9907206928549335,
        "f1_macro": 0.7431885281418844,
        "f1_weighted": 0.9882604379317564
      }
    },
    "feature_importance": {
      "xmodal_centroid_dist": 0.23502852022647858,
      "ir_best_log_bbox_area": 0.18582896888256073,
      "area_diff": 0.10387928038835526,
      "rgb_mean_conf": 0.08333984017372131,
      "ir_best_pos_y": 0.0626886636018753,
      "ir_best_pos_x": 0.037892263382673264,
      "ir_mean_conf": 0.03716107830405235,
      "rgb_best_pos_y": 0.034674495458602905,
      "rgb_max_conf": 0.03279491886496544,
      "rgb_best_log_bbox_area": 0.02966039441525936,
      "ir_img_std": 0.026934491470456123,
      "ir_max_conf": 0.01937280409038067,
      "rgb_img_mean": 0.01579013466835022,
      "rgb_img_std": 0.015552929602563381,
      "rgb_best_target_bg_delta": 0.011980314739048481,