{
  "sa32_feats": {
    "tag": "sa32_feats",
    "n_features": 32,
    "features": [
      "rgb_max_conf",
      "rgb_mean_conf",
      "ir_max_conf",
      "ir_mean_conf",
      "rgb_img_mean",
      "rgb_img_std",
      "rgb_img_dynamic_range",
      "rgb_img_entropy",
      "rgb_sky_ground_ratio",
      "rgb_edge_density",
      "rgb_blurriness",
      "ir_img_mean",
      "ir_img_std",
      "ir_img_dynamic_range",
      "ir_img_entropy",
      "ir_sky_ground_ratio",
      "ir_edge_density",
      "ir_blurriness",
      "rgb_best_log_bbox_area",
      "rgb_best_aspect_ratio",
      "rgb_best_pos_x",
      "rgb_best_pos_y",
      "rgb_best_dist_to_center",
      "rgb_best_local_contrast",
      "rgb_best_target_bg_delta",
      "ir_best_log_bbox_area",
      "ir_best_aspect_ratio",
      "ir_best_pos_x",
      "ir_best_pos_y",
      "ir_best_dist_to_center",
      "ir_best_local_contrast",
      "ir_best_target_bg_delta"
    ],
    "accuracy": 0.969666431522725,
    "f1_macro": 0.9297009484310612,
    "f1_weighted": 0.9688954048882747,
    "per_class_auc": {
      "reject_both": 0.997990624000857,
      "trust_rgb": 0.9694856453524572,
      "trust_ir": 0.9926620424755046,
      "trust_both": 0.9940047199285139
    },
    "per_dataset": {
      "antiuav_test": {
        "n": 31699,
        "acc": 0.9833433231332218,
        "f1_macro": 0.9413029152010974,
        "f1_weighted": 0.9829029434934446
      },
      "antiuav_val": {
        "n": 6466,
        "acc": 0.9774203526136716,
        "f1_macro": 0.9376847737028224,
        "f1_weighted": 0.9769561484668997
      },
      "confuser_AIRPLANE": {
        "n": 4313,
        "acc": 0.9860885694412242,
        "f1_macro": 0.24824889096427738,
        "f1_weighted": 0.9929955638571094
      },
      "svanstrom": {
        "n": 6160,
        "acc": 0.9780844155844156,
        "f1_macro": 0.7959974988649395,
        "f1_weighted": 0.9756673702564779
      },
      "video_airplanes_distant_airplane_over_head_flying_away": {
        "n": 55,
        "acc": 1.0,
        "f1_macro": 1.0,
        "f1_weighted": 1.0
      },
      "video_birds_flock_of_birds_flying_short": {
        "n": 21,
        "acc": 0.8571428571428571,
        "f1_macro": 0.46153846153846156,
        "f1_weighted": 0.9230769230769231
      },
      "video_drone_drone_and_bird_sky_and_trees_short": {
        "n": 114,
        "acc": 0.4473684210526316,
        "f1_macro": 0.22913992297817715,
        "f1_weighted": 0.38751886133819785
      },
      "video_drone_drone_seagull_attack": {
        "n": 235,
        "acc": 0.23829787234042554,
        "f1_macro": 0.12787441037735847,
        "f1_weighted": 0.15346121035728622
      },
      "video_drone_drone_takeoff_from_ground_and_not_hand_short": {
        "n": 163,
        "acc": 0.4294478527607362,
        "f1_macro": 0.3319047619047619,
        "f1_weighted": 0.46593631317557693
      },
      "video_drone_flock_of_seagulls_attack_drone_beach": {
        "n": 239,
        "acc": 0.30962343096234307,
        "f1_macro": 0.1182108626198083,
        "f1_weighted": 0.14640341144545294
      },
      "video_drone_two_birds_drone": {
        "n": 150,
        "acc": 0.11333333333333333,
        "f1_macro": 0.08491854453224076,
        "f1_weighted": 0.09229668650212987
      }
    },
    "feature_importance": {
      "ir_mean_conf": 0.5460167527198792,
      "ir_max_conf": 0.15335269272327423,
      "rgb_max_conf": 0.06913872808218002,
      "rgb_mean_conf": 0.0537651889026165,
      "rgb_best_pos_y": 0.01711571216583252,
      "ir_best_log_bbox_area": 0.014579905197024345,
      "ir_blurriness": 0.014505240134894848,
      "ir_best_pos_x": 0.012922772206366062,
      "ir_edge_density": 0.012650946155190468,
      "rgb_blurriness": 0.012600465677678585,
      "ir_best_aspect_ratio": 0.012419085018336773,
      "rgb_edge_density": 0.009141442365944386,
      "rgb_best_log_bbox_area": 0.009025180712342262,
      "rgb_img_dynamic_range": 0.005701212212443352,
      "ir_sky_ground_ratio": 0.004220963921397924,
      "ir_img_dynamic_range": 0.004220564849674702,
      "rgb_best_local_contrast": 0.003869546577334404,
      "ir_best_pos_y": 0.003864539321511984,
      "rgb_img_std": 0.003829815424978733,
      "ir_best_local_contrast": 0.003815768053755164,
      "rgb_best_aspect_ratio": 0.003437174716964364,
      "rgb_sky_ground_ratio": 0.003245142288506031,
      "ir_img_std": 0.0031950257252901793,
      "rgb_img_entropy": 0.003145807422697544,
      "ir_img_entropy": 0.003026649821549654,
      "rgb_img_mean": 0.0027827967423945665,
      "rgb_best_dist_to_center": 0.002697471994906664,
      "rgb_best_target_bg_delta": 0.002535357605665922,
      "ir_img_mean": 0.002405574545264244,
      "ir_best_target_bg_delta": 0.0023490560706704855,
      "ir_best_dist_to_center": 0.0022511095739901066,
      "rgb_best_pos_x": 0.002172338543459773
    },
    "train_time_s": 162.5
  },
  "sa32_lite": {
    "tag": "sa32_lite",
    "n_features": 22,
    "features": [
      "rgb_max_conf",
      "rgb_mean_conf",
      "ir_max_conf",
      "ir_mean_conf",
      "rgb_img_mean",
      "rgb_img_std",
      "ir_img_mean",
      "ir_img_std",
      "rgb_best_log_bbox_area",
      "rgb_best_aspect_ratio",
      "rgb_best_pos_x",
      "rgb_best_pos_y",
      "rgb_best_dist_to_center",
      "rgb_best_local_contrast",
      "rgb_best_target_bg_delta",
      "ir_best_log_bbox_area",
      "ir_best_aspect_ratio",
      "ir_best_pos_x",
      "ir_best_pos_y",
      "ir_best_dist_to_center",
      "ir_best_local_contrast",
      "ir_best_target_bg_delta"
    ],
    "accuracy": 0.9685780509926434,
    "f1_macro": 0.9248706707622485,
    "f1_weighted": 0.9674907285670552,
    "per_class_auc": {
      "reject_both": 0.9975474367545434,
      "trust_rgb": 0.9730565185019409,
      "trust_ir": 0.9922014019898965,
      "trust_both": 0.993809090543837
    },
    "per_dataset": {
      "antiuav_test": {
        "n": 31699,
        "acc": 0.9806618505315625,
        "f1_macro": 0.9216330885449387,
        "f1_weighted": 0.9801833922341663
      },
      "antiuav_val": {
        "n": 6466,
        "acc": 0.9763377667800804,
        "f1_macro": 0.9158388983286558,
        "f1_weighted": 0.9756597787965426
      },
      "confuser_AIRPLANE": {
        "n": 4313,
        "acc": 0.9877115696730814,
        "f1_macro": 0.2484544500174968,
        "f1_weighted": 0.9938178000699873
      },
      "svanstrom": {
        "n": 6160,
        "acc": 0.9790584415584416,
        "f1_macro": 0.7533455982643864,
        "f1_weighted": 0.9759735544790614
      },
      "video_airplanes_distant_airplane_over_head_flying_away": {
        "n": 55,
        "acc": 0.9818181818181818,
        "f1_macro": 0.4954128440366973,
        "f1_weighted": 0.9908256880733946
      },
      "video_birds_flock_of_birds_flying_short": {
        "n": 21,
        "acc": 0.9047619047619048,
        "f1_macro": 0.475,
        "f1_weighted": 0.95
      },
      "video_drone_drone_and_bird_sky_and_trees_short": {
        "n": 114,
        "acc": 0.543859649122807,
        "f1_macro": 0.5018227727635537,
        "f1_weighted": 0.5258274277515487
      },
      "video_drone_drone_seagull_attack": {
        "n": 235,
        "acc": 0.2553191489361702,
        "f1_macro": 0.1537481842155522,
        "f1_weighted": 0.20374141464523252
      },
      "video_drone_drone_takeoff_from_ground_and_not_hand_short": {
        "n": 163,
        "acc": 0.44171779141104295,
        "f1_macro": 0.34395049303344083,
        "f1_weighted": 0.4866968354777485
      },
      "video_drone_flock_of_seagulls_attack_drone_beach": {
        "n": 239,
        "acc": 0.32217573221757323,
        "f1_macro": 0.14765672550213024,